[{"stream_name":"stderr","time":19.503586232,"data":"[IPKernelApp] WARNING | Kernel is running over TCP without encryption. All communication (including code and outputs) is sent in plain text and is susceptible to eavesdropping. Use IPC transport or launch with kernel manager-provisioned CurveZMQ keys to enable transport encryption.\n"}
,{"stream_name":"stdout","time":124.789431963,"data":"molde: /kaggle/input/datasets/jonacgerizo/lengua-ligera-codigo/molde.py\n"}
,{"stream_name":"stdout","time":131.605528805,"data":"/usr/local/lib/python3.12/site-packages/jax/_src/cloud_tpu_init.py:88: UserWarning: Transparent hugepages are not enabled. TPU runtime startup and shutdown time should be significantly improved on TPU v5e and newer. If not already set, you may need to enable transparent hugepages in your VM image (sudo sh -c \"echo always \u003e /sys/kernel/mm/transparent_hugepage/enabled\")\r\n"}
,{"stream_name":"stdout","time":131.605576365,"data":"  warnings.warn(\r\n"}
,{"stream_name":"stdout","time":139.478315379,"data":"WARNING: Logging before InitGoogle() is written to STDERR\r\n"}
,{"stream_name":"stdout","time":139.478364109,"data":"E0000 00:00:1790751689.979368      92 common_lib.cc:648] Could not set metric server port: INVALID_ARGUMENT: Could not find SliceBuilder port 8471 in any of the 0 ports provided in `tpu_process_addresses`=\"local\"\r\n"}
,{"stream_name":"stdout","time":139.478371959,"data":"=== Source Location Trace: ===\r\n"}
,{"stream_name":"stdout","time":139.478376529,"data":"learning/45eac/tfrc/runtime/common_lib.cc:238\r\n"}
,{"stream_name":"stdout","time":149.417702365,"data":"0.10.2 [TpuDevice(id=0, process_index=0, coords=(0,0,0), core_on_chip=0), TpuDevice(id=1, process_index=0, coords=(1,0,0), core_on_chip=0), TpuDevice(id=2, process_index=0, coords=(0,1,0), core_on_chip=0), TpuDevice(id=3, process_index=0, coords=(1,1,0), core_on_chip=0), TpuDevice(id=4, process_index=0, coords=(0,2,0), core_on_chip=0), TpuDevice(id=5, process_index=0, coords=(1,2,0), core_on_chip=0), TpuDevice(id=6, process_index=0, coords=(0,3,0), core_on_chip=0), TpuDevice(id=7, process_index=0, coords=(1,3,0), core_on_chip=0)]\r\n"}
,{"stream_name":"stdout","time":154.436591504,"data":"config: {'BATCH': 128, 'STEPS': 96000, 'EVAL_EVERY': 2000, 'EVAL_CHARS': 526000, 'OUT': '/kaggle/working/m100.llg', 'CKPT': '/kaggle/working/m100.state.npz', 'MAX_SECONDS': 30600}\n"}
,{"stream_name":"stdout","time":154.645910906,"data":"/usr/local/lib/python3.12/site-packages/jax/_src/cloud_tpu_init.py:88: UserWarning: Transparent hugepages are not enabled. TPU runtime startup and shutdown time should be significantly improved on TPU v5e and newer. If not already set, you may need to enable transparent hugepages in your VM image (sudo sh -c \"echo always \u003e /sys/kernel/mm/transparent_hugepage/enabled\")\n"}
,{"stream_name":"stdout","time":154.646271926,"data":"  warnings.warn(\n"}
,{"stream_name":"stdout","time":156.162832889,"data":"WARNING: Logging before InitGoogle() is written to STDERR\n"}
,{"stream_name":"stdout","time":156.163203779,"data":"E0000 00:00:1790751706.668883    1038 common_lib.cc:648] Could not set metric server port: INVALID_ARGUMENT: Could not find SliceBuilder port 8471 in any of the 0 ports provided in `tpu_process_addresses`=\"local\"\n"}
,{"stream_name":"stdout","time":156.163563879,"data":"=== Source Location Trace: ===\n"}
,{"stream_name":"stdout","time":156.163942129,"data":"learning/45eac/tfrc/runtime/common_lib.cc:238\n"}
,{"stream_name":"stdout","time":166.439898222,"data":"config {'vocab': 16384, 'ctx': 512, 'd': 768, 'layers': 12, 'heads': 12} params 98032128 batch 128 steps 96000 lr 0.0006 init '' qat '' train 2249M dispositivos 8xtpu\n"}
,{"stream_name":"stdout","time":260.305358146,"data":"step      1 loss 9.9095 ema 9.9095 bpc~3.764 gnorm 13.92 lr 6.00e-07 tok/s 706 t 93s\n"}
,{"stream_name":"stdout","time":265.69444299,"data":"step     50 loss 7.8869 ema 8.6235 bpc~3.276 gnorm 1.44 lr 3.00e-05 tok/s 33362 t 98s\n"}
,{"stream_name":"stdout","time":271.21416495,"data":"step    100 loss 6.8899 ema 7.5212 bpc~2.857 gnorm 1.00 lr 6.00e-05 tok/s 63173 t 104s\n"}
,{"stream_name":"stdout","time":276.605320194,"data":"step    150 loss 6.3485 ema 6.7755 bpc~2.574 gnorm 1.32 lr 9.00e-05 tok/s 90078 t 109s\n"}
,{"stream_name":"stdout","time":282.094277869,"data":"step    200 loss 5.9916 ema 6.2771 bpc~2.384 gnorm 1.22 lr 1.20e-04 tok/s 114353 t 115s\n"}
,{"stream_name":"stdout","time":287.427349124,"data":"step    250 loss 5.7522 ema 5.9434 bpc~2.258 gnorm 1.30 lr 1.50e-04 tok/s 136587 t 120s\n"}
,{"stream_name":"stdout","time":292.817427168,"data":"step    300 loss 5.5918 ema 5.7198 bpc~2.173 gnorm 1.13 lr 1.80e-04 tok/s 156857 t 125s\n"}
,{"stream_name":"stdout","time":298.207006182,"data":"step    350 loss 5.4656 ema 5.5582 bpc~2.111 gnorm 1.14 lr 2.10e-04 tok/s 175453 t 131s\n"}
,{"stream_name":"stdout","time":303.715003285,"data":"step    400 loss 5.2445 ema 5.3588 bpc~2.036 gnorm 1.02 lr 2.40e-04 tok/s 192411 t 136s\n"}
,{"stream_name":"stdout","time":309.198519741,"data":"step    450 loss 5.0953 ema 5.1912 bpc~1.972 gnorm 1.01 lr 2.70e-04 tok/s 208087 t 142s\n"}
,{"stream_name":"stdout","time":314.672682033,"data":"step    500 loss 4.9655 ema 5.0477 bpc~1.917 gnorm 1.10 lr 3.00e-04 tok/s 222610 t 147s\n"}
,{"stream_name":"stdout","time":320.227340699,"data":"step    550 loss 4.8721 ema 4.9361 bpc~1.875 gnorm 1.23 lr 3.30e-04 tok/s 235967 t 153s\n"}
,{"stream_name":"stdout","time":325.5822195,"data":"step    600 loss 4.6939 ema 4.7821 bpc~1.817 gnorm 1.10 lr 3.60e-04 tok/s 248703 t 158s\n"}
,{"stream_name":"stdout","time":331.096983061,"data":"step    650 loss 4.7156 ema 4.7398 bpc~1.800 gnorm 1.12 lr 3.90e-04 tok/s 260344 t 164s\n"}
,{"stream_name":"stdout","time":336.576746738,"data":"step    700 loss 4.4764 ema 4.5723 bpc~1.737 gnorm 0.91 lr 4.20e-04 tok/s 271286 t 169s\n"}
,{"stream_name":"stdout","time":342.107564974,"data":"step    750 loss 4.4922 ema 4.5214 bpc~1.717 gnorm 0.74 lr 4.50e-04 tok/s 281457 t 175s\n"}
,{"stream_name":"stdout","time":347.551593583,"data":"step    800 loss 4.4372 ema 4.4678 bpc~1.697 gnorm 0.74 lr 4.80e-04 tok/s 291145 t 180s\n"}
,{"stream_name":"stdout","time":352.996496102,"data":"step    850 loss 4.3361 ema 4.3841 bpc~1.665 gnorm 0.72 lr 5.10e-04 tok/s 300262 t 186s\n"}
,{"stream_name":"stdout","time":358.415590802,"data":"step    900 loss 4.2023 ema 4.2685 bpc~1.621 gnorm 0.82 lr 5.40e-04 tok/s 308907 t 191s\n"}
,{"stream_name":"stdout","time":363.739925646,"data":"step    950 loss 4.1390 ema 4.1862 bpc~1.590 gnorm 0.76 lr 5.70e-04 tok/s 317218 t 196s\n"}
,{"stream_name":"stdout","time":369.047419911,"data":"step   1000 loss 3.9993 ema 4.0673 bpc~1.545 gnorm 0.67 lr 6.00e-04 tok/s 325122 t 202s\n"}
,{"stream_name":"stdout","time":374.447287291,"data":"step   1050 loss 3.9758 ema 4.0091 bpc~1.523 gnorm 0.66 lr 6.00e-04 tok/s 332471 t 207s\n"}
,{"stream_name":"stdout","time":379.955791584,"data":"step   1100 loss 3.9298 ema 3.9587 bpc~1.504 gnorm 0.58 lr 6.00e-04 tok/s 339273 t 212s\n"}
,{"stream_name":"stdout","time":385.451464949,"data":"step   1150 loss 3.9438 ema 3.9492 bpc~1.500 gnorm 0.69 lr 6.00e-04 tok/s 345752 t 218s\n"}
,{"stream_name":"stdout","time":390.944498534,"data":"step   1200 loss 3.8587 ema 3.8917 bpc~1.478 gnorm 0.53 lr 6.00e-04 tok/s 351921 t 223s\n"}
,{"stream_name":"stdout","time":396.464314034,"data":"step   1250 loss 3.8488 ema 3.8644 bpc~1.468 gnorm 0.53 lr 6.00e-04 tok/s 357743 t 229s\n"}
,{"stream_name":"stdout","time":401.852414508,"data":"step   1300 loss 3.7674 ema 3.8028 bpc~1.445 gnorm 0.51 lr 6.00e-04 tok/s 363500 t 234s\n"}
,{"stream_name":"stdout","time":407.233542064,"data":"step   1350 loss 3.7451 ema 3.7661 bpc~1.431 gnorm 0.48 lr 6.00e-04 tok/s 369008 t 240s\n"}
,{"stream_name":"stdout","time":412.61461304,"data":"step   1400 loss 3.6665 ema 3.7027 bpc~1.407 gnorm 0.49 lr 6.00e-04 tok/s 374276 t 245s\n"}
,{"stream_name":"stdout","time":418.168819893,"data":"step   1450 loss 3.6660 ema 3.6794 bpc~1.398 gnorm 0.44 lr 6.00e-04 tok/s 379054 t 251s\n"}
,{"stream_name":"stdout","time":423.712550959,"data":"step   1500 loss 3.7213 ema 3.7060 bpc~1.408 gnorm 0.43 lr 6.00e-04 tok/s 383645 t 256s\n"}
,{"stream_name":"stdout","time":429.06460319,"data":"step   1550 loss 3.7527 ema 3.7357 bpc~1.419 gnorm 0.46 lr 6.00e-04 tok/s 388319 t 262s\n"}
,{"stream_name":"stdout","time":434.488256278,"data":"step   1600 loss 3.7009 ema 3.7136 bpc~1.411 gnorm 0.45 lr 6.00e-04 tok/s 392703 t 267s\n"}
,{"stream_name":"stdout","time":439.922690834,"data":"step   1650 loss 3.5887 ema 3.6342 bpc~1.381 gnorm 0.40 lr 6.00e-04 tok/s 396897 t 272s\n"}
,{"stream_name":"stdout","time":445.504955813,"data":"step   1700 loss 3.6458 ema 3.6416 bpc~1.383 gnorm 0.41 lr 6.00e-04 tok/s 400714 t 278s\n"}
,{"stream_name":"stdout","time":451.010435532,"data":"step   1750 loss 3.5841 ema 3.6050 bpc~1.369 gnorm 0.43 lr 6.00e-04 tok/s 404490 t 284s\n"}
,{"stream_name":"stdout","time":456.575720451,"data":"step   1800 loss 3.5139 ema 3.5471 bpc~1.347 gnorm 0.43 lr 6.00e-04 tok/s 408043 t 289s\n"}
,{"stream_name":"stdout","time":462.069349144,"data":"step   1850 loss 3.5397 ema 3.5424 bpc~1.346 gnorm 0.43 lr 6.00e-04 tok/s 411552 t 295s\n"}
,{"stream_name":"stdout","time":467.607639722,"data":"step   1900 loss 3.5183 ema 3.5271 bpc~1.340 gnorm 0.39 lr 6.00e-04 tok/s 414876 t 300s\n"}
,{"stream_name":"stdout","time":473.151024838,"data":"step   1950 loss 3.5487 ema 3.5408 bpc~1.345 gnorm 0.39 lr 6.00e-04 tok/s 418072 t 306s\n"}
,{"stream_name":"stdout","time":478.7680512,"data":"step   2000 loss 3.5178 ema 3.5261 bpc~1.339 gnorm 0.37 lr 6.00e-04 tok/s 421054 t 311s\n"}
,{"stream_name":"stdout","time":492.117301524,"data":"EVAL step 2000 valid_loss 3.3413 valid_bpc 1.2692 *guardado\n"}
,{"stream_name":"stdout","time":497.634049429,"data":"step   2050 loss 3.5079 ema 3.5145 bpc~1.335 gnorm 0.39 lr 6.00e-04 tok/s 406919 t 330s\n"}
,{"stream_name":"stdout","time":503.088694475,"data":"step   2100 loss 3.5099 ema 3.5116 bpc~1.334 gnorm 0.39 lr 6.00e-04 tok/s 410069 t 336s\n"}
,{"stream_name":"stdout","time":508.615116715,"data":"step   2150 loss 3.5311 ema 3.5240 bpc~1.339 gnorm 0.43 lr 6.00e-04 tok/s 413032 t 341s\n"}
,{"stream_name":"stdout","time":514.1664951,"data":"step   2200 loss 3.4534 ema 3.4791 bpc~1.322 gnorm 0.40 lr 6.00e-04 tok/s 415870 t 347s\n"}
,{"stream_name":"stdout","time":519.890938498,"data":"step   2250 loss 3.5568 ema 3.5285 bpc~1.340 gnorm 0.39 lr 6.00e-04 tok/s 418413 t 352s\n"}
,{"stream_name":"stdout","time":525.542975379,"data":"step   2300 loss 3.5487 ema 3.5414 bpc~1.345 gnorm 0.39 lr 6.00e-04 tok/s 420964 t 358s\n"}
,{"stream_name":"stdout","time":531.067549245,"data":"step   2350 loss 3.4491 ema 3.4827 bpc~1.323 gnorm 0.37 lr 6.00e-04 tok/s 423576 t 364s\n"}
,{"stream_name":"stdout","time":536.727064456,"data":"step   2400 loss 3.4585 ema 3.4673 bpc~1.317 gnorm 0.39 lr 6.00e-04 tok/s 425958 t 369s\n"}
,{"stream_name":"stdout","time":542.381075337,"data":"step   2450 loss 3.4375 ema 3.4483 bpc~1.310 gnorm 0.37 lr 6.00e-04 tok/s 428274 t 375s\n"}
,{"stream_name":"stdout","time":547.878071134,"data":"step   2500 loss 3.4396 ema 3.4428 bpc~1.308 gnorm 0.39 lr 6.00e-04 tok/s 430699 t 380s\n"}
,{"stream_name":"stdout","time":553.459978327,"data":"step   2550 loss 3.3986 ema 3.4147 bpc~1.297 gnorm 0.36 lr 6.00e-04 tok/s 432960 t 386s\n"}
,{"stream_name":"stdout","time":559.06725213,"data":"step   2600 loss 3.4182 ema 3.4169 bpc~1.298 gnorm 0.38 lr 6.00e-04 tok/s 435132 t 392s\n"}
,{"stream_name":"stdout","time":564.638032284,"data":"step   2650 loss 3.4683 ema 3.4496 bpc~1.310 gnorm 0.37 lr 6.00e-04 tok/s 437276 t 397s\n"}
,{"stream_name":"stdout","time":570.1709136,"data":"step   2700 loss 3.3179 ema 3.3659 bpc~1.279 gnorm 0.38 lr 6.00e-04 tok/s 439405 t 403s\n"}
,{"stream_name":"stdout","time":575.664198697,"data":"step   2750 loss 3.4276 ema 3.4051 bpc~1.293 gnorm 0.36 lr 6.00e-04 tok/s 441519 t 408s\n"}
,{"stream_name":"stdout","time":581.157283962,"data":"step   2800 loss 3.4527 ema 3.4353 bpc~1.305 gnorm 0.39 lr 6.00e-04 tok/s 443577 t 414s\n"}
,{"stream_name":"stdout","time":586.550052365,"data":"step   2850 loss 3.3773 ema 3.3984 bpc~1.291 gnorm 0.37 lr 5.99e-04 tok/s 445689 t 419s\n"}
,{"stream_name":"stdout","time":592.073252595,"data":"step   2900 loss 3.3993 ema 3.3990 bpc~1.291 gnorm 0.37 lr 5.99e-04 tok/s 447612 t 425s\n"}
,{"stream_name":"stdout","time":597.612369711,"data":"step   2950 loss 3.4179 ema 3.4110 bpc~1.296 gnorm 0.35 lr 5.99e-04 tok/s 449462 t 430s\n"}
,{"stream_name":"stdout","time":603.113313255,"data":"step   3000 loss 3.3380 ema 3.3646 bpc~1.278 gnorm 0.37 lr 5.99e-04 tok/s 451309 t 436s\n"}
,{"stream_name":"stdout","time":608.631264505,"data":"step   3050 loss 3.3842 ema 3.3771 bpc~1.283 gnorm 0.34 lr 5.99e-04 tok/s 453092 t 441s\n"}
,{"stream_name":"stdout","time":614.136111308,"data":"step   3100 loss 3.4050 ema 3.3948 bpc~1.290 gnorm 0.37 lr 5.99e-04 tok/s 454843 t 447s\n"}
,{"stream_name":"stdout","time":619.53626096,"data":"step   3150 loss 3.3463 ema 3.3640 bpc~1.278 gnorm 0.35 lr 5.99e-04 tok/s 456659 t 452s\n"}
,{"stream_name":"stdout","time":625.020225997,"data":"step   3200 loss 3.2995 ema 3.3230 bpc~1.262 gnorm 0.37 lr 5.99e-04 tok/s 458351 t 458s\n"}
,{"stream_name":"stdout","time":630.487343517,"data":"step   3250 loss 3.4095 ema 3.3780 bpc~1.283 gnorm 0.35 lr 5.99e-04 tok/s 460012 t 463s\n"}
,{"stream_name":"stdout","time":635.980607822,"data":"step   3300 loss 3.2315 ema 3.2848 bpc~1.248 gnorm 0.38 lr 5.99e-04 tok/s 461613 t 469s\n"}
,{"stream_name":"stdout","time":641.516268029,"data":"step   3350 loss 3.3573 ema 3.3309 bpc~1.265 gnorm 0.36 lr 5.99e-04 tok/s 463135 t 474s\n"}
,{"stream_name":"stdout","time":647.057720245,"data":"step   3400 loss 3.3437 ema 3.3391 bpc~1.268 gnorm 0.36 lr 5.99e-04 tok/s 464617 t 480s\n"}
,{"stream_name":"stdout","time":652.627702856,"data":"step   3450 loss 3.3590 ema 3.3517 bpc~1.273 gnorm 0.33 lr 5.99e-04 tok/s 466036 t 485s\n"}
,{"stream_name":"stdout","time":658.105428894,"data":"step   3500 loss 3.3011 ema 3.3196 bpc~1.261 gnorm 0.36 lr 5.99e-04 tok/s 467516 t 491s\n"}
,{"stream_name":"stdout","time":663.608206657,"data":"step   3550 loss 3.4104 ema 3.3773 bpc~1.283 gnorm 0.34 lr 5.99e-04 tok/s 468931 t 496s\n"}
,{"stream_name":"stdout","time":669.074845497,"data":"step   3600 loss 3.3388 ema 3.3528 bpc~1.274 gnorm 0.35 lr 5.99e-04 tok/s 470354 t 502s\n"}
,{"stream_name":"stdout","time":674.573720781,"data":"step   3650 loss 3.3390 ema 3.3440 bpc~1.270 gnorm 0.33 lr 5.99e-04 tok/s 471714 t 507s\n"}
,{"stream_name":"stdout","time":680.031746392,"data":"step   3700 loss 3.3308 ema 3.3356 bpc~1.267 gnorm 0.33 lr 5.99e-04 tok/s 473084 t 513s\n"}
,{"stream_name":"stdout","time":685.484353215,"data":"step   3750 loss 3.2519 ema 3.2824 bpc~1.247 gnorm 0.35 lr 5.99e-04 tok/s 474430 t 518s\n"}
,{"stream_name":"stdout","time":691.093100579,"data":"step   3800 loss 3.3713 ema 3.3389 bpc~1.268 gnorm 0.36 lr 5.99e-04 tok/s 475612 t 524s\n"}
,{"stream_name":"stdout","time":696.571348086,"data":"step   3850 loss 3.3208 ema 3.3274 bpc~1.264 gnorm 0.33 lr 5.99e-04 tok/s 476875 t 529s\n"}
,{"stream_name":"stdout","time":702.034151437,"data":"step   3900 loss 3.2680 ema 3.2896 bpc~1.250 gnorm 0.36 lr 5.99e-04 tok/s 478132 t 535s\n"}
,{"stream_name":"stdout","time":707.53958814,"data":"step   3950 loss 3.2406 ema 3.2584 bpc~1.238 gnorm 0.35 lr 5.99e-04 tok/s 479325 t 540s\n"}
,{"stream_name":"stdout","time":712.990472312,"data":"step   4000 loss 3.2785 ema 3.2712 bpc~1.243 gnorm 0.34 lr 5.99e-04 tok/s 480542 t 546s\n"}
,{"stream_name":"stdout","time":717.467773575,"data":"EVAL step 4000 valid_loss 3.0765 valid_bpc 1.1686 *guardado\n"}
,{"stream_name":"stdout","time":723.01614766,"data":"step   4050 loss 3.3721 ema 3.3354 bpc~1.267 gnorm 0.34 lr 5.99e-04 tok/s 477773 t 556s\n"}
,{"stream_name":"stdout","time":728.401169495,"data":"step   4100 loss 3.2486 ema 3.2802 bpc~1.246 gnorm 0.36 lr 5.99e-04 tok/s 479023 t 561s\n"}
,{"stream_name":"stdout","time":733.767497563,"data":"step   4150 loss 3.2146 ema 3.2385 bpc~1.230 gnorm 0.35 lr 5.99e-04 tok/s 480271 t 566s\n"}
,{"stream_name":"stdout","time":739.329687895,"data":"step   4200 loss 3.2822 ema 3.2663 bpc~1.241 gnorm 0.36 lr 5.98e-04 tok/s 481329 t 572s\n"}
,{"stream_name":"stdout","time":744.87850901,"data":"step   4250 loss 3.2403 ema 3.2498 bpc~1.234 gnorm 0.33 lr 5.98e-04 tok/s 482379 t 577s\n"}
,{"stream_name":"stdout","time":750.365352547,"data":"step   4300 loss 3.2376 ema 3.2420 bpc~1.232 gnorm 0.33 lr 5.98e-04 tok/s 483460 t 583s\n"}
,{"stream_name":"stdout","time":755.883742907,"data":"step   4350 loss 3.1790 ema 3.2019 bpc~1.216 gnorm 0.33 lr 5.98e-04 tok/s 484499 t 588s\n"}
,{"stream_name":"stdout","time":761.351104646,"data":"step   4400 loss 3.3416 ema 3.2907 bpc~1.250 gnorm 0.34 lr 5.98e-04 tok/s 485552 t 594s\n"}
,{"stream_name":"stdout","time":766.762539887,"data":"step   4450 loss 3.1898 ema 3.2266 bpc~1.226 gnorm 0.33 lr 5.98e-04 tok/s 486635 t 599s\n"}
,{"stream_name":"stdout","time":772.17265699,"data":"step   4500 loss 3.2181 ema 3.2212 bpc~1.224 gnorm 0.33 lr 5.98e-04 tok/s 487701 t 605s\n"}
,{"stream_name":"stdout","time":777.626409927,"data":"step   4550 loss 3.2550 ema 3.2427 bpc~1.232 gnorm 0.33 lr 5.98e-04 tok/s 488712 t 610s\n"}
,{"stream_name":"stdout","time":783.228750719,"data":"step   4600 loss 3.1786 ema 3.2019 bpc~1.216 gnorm 0.32 lr 5.98e-04 tok/s 489587 t 616s\n"}
,{"stream_name":"stdout","time":788.772445661,"data":"step   4650 loss 3.2545 ema 3.2353 bpc~1.229 gnorm 0.32 lr 5.98e-04 tok/s 490538 t 621s\n"}
,{"stream_name":"stdout","time":794.232330853,"data":"step   4700 loss 3.2698 ema 3.2572 bpc~1.237 gnorm 0.35 lr 5.98e-04 tok/s 491448 t 627s\n"}
,{"stream_name":"stdout","time":799.605776094,"data":"step   4750 loss 3.2098 ema 3.2271 bpc~1.226 gnorm 0.33 lr 5.98e-04 tok/s 492454 t 632s\n"}
,{"stream_name":"stdout","time":805.113480651,"data":"step   4800 loss 3.2183 ema 3.2215 bpc~1.224 gnorm 0.34 lr 5.98e-04 tok/s 493339 t 638s\n"}
,{"stream_name":"stdout","time":810.626673347,"data":"step   4850 loss 3.2373 ema 3.2316 bpc~1.228 gnorm 0.34 lr 5.98e-04 tok/s 494205 t 643s\n"}
,{"stream_name":"stdout","time":816.104176025,"data":"step   4900 loss 3.1390 ema 3.1727 bpc~1.205 gnorm 0.34 lr 5.98e-04 tok/s 495084 t 649s\n"}
,{"stream_name":"stdout","time":821.638955671,"data":"step   4950 loss 3.2448 ema 3.2185 bpc~1.223 gnorm 0.33 lr 5.98e-04 tok/s 495908 t 654s\n"}
,{"stream_name":"stdout","time":827.3353743,"data":"step   5000 loss 3.1193 ema 3.1554 bpc~1.199 gnorm 0.32 lr 5.98e-04 tok/s 496589 t 660s\n"}
,{"stream_name":"stdout","time":832.982483119,"data":"step   5050 loss 3.1919 ema 3.1786 bpc~1.207 gnorm 0.33 lr 5.98e-04 tok/s 497299 t 666s\n"}
,{"stream_name":"stdout","time":838.48779039,"data":"step   5100 loss 3.1922 ema 3.1873 bpc~1.211 gnorm 0.33 lr 5.98e-04 tok/s 498102 t 671s\n"}
,{"stream_name":"stdout","time":844.139959236,"data":"step   5150 loss 3.2457 ema 3.2244 bpc~1.225 gnorm 0.36 lr 5.97e-04 tok/s 498784 t 677s\n"}
,{"stream_name":"stdout","time":849.857129234,"data":"step   5200 loss 3.1904 ema 3.2028 bpc~1.217 gnorm 0.32 lr 5.97e-04 tok/s 499408 t 682s\n"}
,{"stream_name":"stdout","time":855.602804909,"data":"step   5250 loss 3.0666 ema 3.1162 bpc~1.184 gnorm 0.33 lr 5.97e-04 tok/s 500004 t 688s\n"}
,{"stream_name":"stdout","time":861.179330538,"data":"step   5300 loss 3.2319 ema 3.1898 bpc~1.212 gnorm 0.32 lr 5.97e-04 tok/s 500704 t 694s\n"}
,{"stream_name":"stdout","time":866.825973194,"data":"step   5350 loss 3.2099 ema 3.2026 bpc~1.217 gnorm 0.32 lr 5.97e-04 tok/s 501346 t 699s\n"}
,{"stream_name":"stdout","time":872.479551041,"data":"step   5400 loss 3.2399 ema 3.2263 bpc~1.226 gnorm 0.34 lr 5.97e-04 tok/s 501974 t 705s\n"}
,{"stream_name":"stdout","time":878.187973287,"data":"step   5450 loss 3.1849 ema 3.2000 bpc~1.216 gnorm 0.33 lr 5.97e-04 tok/s 502552 t 711s\n"}
,{"stream_name":"stdout","time":883.688937708,"data":"step   5500 loss 3.1699 ema 3.1809 bpc~1.208 gnorm 0.32 lr 5.97e-04 tok/s 503268 t 716s\n"}
,{"stream_name":"stdout","time":889.360471684,"data":"step   5550 loss 3.1950 ema 3.1898 bpc~1.212 gnorm 0.32 lr 5.97e-04 tok/s 503857 t 722s\n"}
,{"stream_name":"stdout","time":895.011597031,"data":"step   5600 loss 3.2198 ema 3.2089 bpc~1.219 gnorm 0.33 lr 5.97e-04 tok/s 504443 t 728s\n"}
,{"stream_name":"stdout","time":900.574087834,"data":"step   5650 loss 3.1571 ema 3.1760 bpc~1.206 gnorm 0.32 lr 5.97e-04 tok/s 505085 t 733s\n"}
,{"stream_name":"stdout","time":906.283455889,"data":"step   5700 loss 3.1480 ema 3.1582 bpc~1.200 gnorm 0.34 lr 5.97e-04 tok/s 505617 t 739s\n"}
,{"stream_name":"stdout","time":911.798331498,"data":"step   5750 loss 3.0870 ema 3.1129 bpc~1.182 gnorm 0.33 lr 5.97e-04 tok/s 506274 t 744s\n"}
,{"stream_name":"stdout","time":917.434158675,"data":"step   5800 loss 3.1415 ema 3.1311 bpc~1.189 gnorm 0.32 lr 5.97e-04 tok/s 506839 t 750s\n"}
,{"stream_name":"stdout","time":923.182430128,"data":"step   5850 loss 3.2275 ema 3.1924 bpc~1.213 gnorm 0.32 lr 5.97e-04 tok/s 507323 t 756s\n"}
,{"stream_name":"stdout","time":928.828695955,"data":"step   5900 loss 3.0740 ema 3.1171 bpc~1.184 gnorm 0.33 lr 5.96e-04 tok/s 507861 t 761s\n"}
,{"stream_name":"stdout","time":934.382657993,"data":"step   5950 loss 3.0924 ema 3.1014 bpc~1.178 gnorm 0.32 lr 5.96e-04 tok/s 508456 t 767s\n"}
,{"stream_name":"stdout","time":940.114549328,"data":"step   6000 loss 3.1637 ema 3.1410 bpc~1.193 gnorm 0.32 lr 5.96e-04 tok/s 508925 t 773s\n"}
,{"stream_name":"stdout","time":944.628552508,"data":"EVAL step 6000 valid_loss 2.9667 valid_bpc 1.1269 *guardado\n"}
,{"stream_name":"stdout","time":950.332797273,"data":"step   6050 loss 3.2016 ema 3.1795 bpc~1.208 gnorm 0.34 lr 5.96e-04 tok/s 506467 t 783s\n"}
,{"stream_name":"stdout","time":956.061813007,"data":"step   6100 loss 3.0889 ema 3.1219 bpc~1.186 gnorm 0.32 lr 5.96e-04 tok/s 506948 t 789s\n"}
,{"stream_name":"stdout","time":961.744211089,"data":"step   6150 loss 3.1964 ema 3.1693 bpc~1.204 gnorm 0.32 lr 5.96e-04 tok/s 507442 t 794s\n"}
,{"stream_name":"stdout","time":967.277722046,"data":"step   6200 loss 3.2793 ema 3.2392 bpc~1.230 gnorm 0.31 lr 5.96e-04 tok/s 508028 t 800s\n"}
,{"stream_name":"stdout","time":972.811651304,"data":"step   6250 loss 3.1062 ema 3.1547 bpc~1.198 gnorm 0.33 lr 5.96e-04 tok/s 508606 t 805s\n"}
,{"stream_name":"stdout","time":978.259112624,"data":"step   6300 loss 3.1538 ema 3.1541 bpc~1.198 gnorm 0.33 lr 5.96e-04 tok/s 509231 t 811s\n"}
,{"stream_name":"stdout","time":983.809671911,"data":"step   6350 loss 3.2337 ema 3.2048 bpc~1.217 gnorm 0.33 lr 5.96e-04 tok/s 509782 t 816s\n"}
,{"stream_name":"stdout","time":989.440170916,"data":"step   6400 loss 3.1709 ema 3.1833 bpc~1.209 gnorm 0.32 lr 5.96e-04 tok/s 510281 t 822s\n"}
,{"stream_name":"stdout","time":994.991103172,"data":"step   6450 loss 3.0148 ema 3.0761 bpc~1.169 gnorm 0.32 lr 5.96e-04 tok/s 510814 t 828s\n"}
,{"stream_name":"stdout","time":1000.467671372,"data":"step   6500 loss 3.1556 ema 3.1266 bpc~1.188 gnorm 0.31 lr 5.96e-04 tok/s 511389 t 833s\n"}
,{"stream_name":"stdout","time":1005.888669964,"data":"step   6550 loss 3.1583 ema 3.1468 bpc~1.195 gnorm 0.31 lr 5.95e-04 tok/s 511991 t 838s\n"}
,{"stream_name":"stdout","time":1011.304471343,"data":"step   6600 loss 3.1357 ema 3.1397 bpc~1.193 gnorm 0.32 lr 5.95e-04 tok/s 512588 t 844s\n"}
,{"stream_name":"stdout","time":1016.84802945,"data":"step   6650 loss 3.1664 ema 3.1567 bpc~1.199 gnorm 0.33 lr 5.95e-04 tok/s 513100 t 849s\n"}
,{"stream_name":"stdout","time":1022.365342798,"data":"step   6700 loss 3.1548 ema 3.1555 bpc~1.199 gnorm 0.32 lr 5.95e-04 tok/s 513626 t 855s\n"}
,{"stream_name":"stdout","time":1027.924151577,"data":"step   6750 loss 3.0772 ema 3.1057 bpc~1.180 gnorm 0.32 lr 5.95e-04 tok/s 514112 t 860s\n"}
,{"stream_name":"stdout","time":1033.512655832,"data":"step   6800 loss 3.1329 ema 3.1230 bpc~1.186 gnorm 0.33 lr 5.95e-04 tok/s 514578 t 866s\n"}
,{"stream_name":"stdout","time":1039.012223765,"data":"step   6850 loss 3.0988 ema 3.1076 bpc~1.180 gnorm 0.31 lr 5.95e-04 tok/s 515091 t 872s\n"}
,{"stream_name":"stdout","time":1044.482546243,"data":"step   6900 loss 3.1201 ema 3.1156 bpc~1.183 gnorm 0.32 lr 5.95e-04 tok/s 515614 t 877s\n"}
,{"stream_name":"stdout","time":1050.079228695,"data":"step   6950 loss 3.1158 ema 3.1157 bpc~1.184 gnorm 0.32 lr 5.95e-04 tok/s 516057 t 883s\n"}
,{"stream_name":"stdout","time":1055.586954508,"data":"step   7000 loss 3.1178 ema 3.1171 bpc~1.184 gnorm 0.32 lr 5.95e-04 tok/s 516551 t 888s\n"}
,{"stream_name":"stdout","time":1061.061779385,"data":"step   7050 loss 3.0127 ema 3.0507 bpc~1.159 gnorm 0.32 lr 5.95e-04 tok/s 517049 t 894s\n"}
,{"stream_name":"stdout","time":1066.612406428,"data":"step   7100 loss 3.1860 ema 3.1367 bpc~1.192 gnorm 0.33 lr 5.95e-04 tok/s 517501 t 899s\n"}
,{"stream_name":"stdout","time":1072.186199736,"data":"step   7150 loss 3.1015 ema 3.1143 bpc~1.183 gnorm 0.32 lr 5.94e-04 tok/s 517935 t 905s\n"}
,{"stream_name":"stdout","time":1077.720429992,"data":"step   7200 loss 3.1577 ema 3.1419 bpc~1.193 gnorm 0.32 lr 5.94e-04 tok/s 518386 t 910s\n"}
,{"stream_name":"stdout","time":1083.160230875,"data":"step   7250 loss 3.0651 ema 3.0930 bpc~1.175 gnorm 0.31 lr 5.94e-04 tok/s 518885 t 916s\n"}
,{"stream_name":"stdout","time":1088.690981212,"data":"step   7300 loss 3.1033 ema 3.0995 bpc~1.177 gnorm 0.31 lr 5.94e-04 tok/s 519331 t 921s\n"}
,{"stream_name":"stdout","time":1094.159452441,"data":"step   7350 loss 3.1736 ema 3.1466 bpc~1.195 gnorm 0.33 lr 5.94e-04 tok/s 519798 t 927s\n"}
,{"stream_name":"stdout","time":1099.606966699,"data":"step   7400 loss 3.1259 ema 3.1335 bpc~1.190 gnorm 0.33 lr 5.94e-04 tok/s 520276 t 932s\n"}
,{"stream_name":"stdout","time":1105.081460585,"data":"step   7450 loss 3.1043 ema 3.1149 bpc~1.183 gnorm 0.32 lr 5.94e-04 tok/s 520733 t 938s\n"}
,{"stream_name":"stdout","time":1110.725715242,"data":"step   7500 loss 3.1676 ema 3.1484 bpc~1.196 gnorm 0.34 lr 5.94e-04 tok/s 521091 t 943s\n"}
,{"stream_name":"stdout","time":1116.230985944,"data":"step   7550 loss 3.1462 ema 3.1470 bpc~1.195 gnorm 0.33 lr 5.94e-04 tok/s 521521 t 949s\n"}
,{"stream_name":"stdout","time":1121.712508419,"data":"step   7600 loss 3.0780 ema 3.1031 bpc~1.179 gnorm 0.34 lr 5.94e-04 tok/s 521963 t 954s\n"}
,{"stream_name":"stdout","time":1127.273131715,"data":"step   7650 loss 3.1058 ema 3.1049 bpc~1.179 gnorm 0.31 lr 5.93e-04 tok/s 522349 t 960s\n"}
,{"stream_name":"stdout","time":1132.93482971,"data":"step   7700 loss 3.0783 ema 3.0880 bpc~1.173 gnorm 0.33 lr 5.93e-04 tok/s 522680 t 965s\n"}
,{"stream_name":"stdout","time":1138.505527514,"data":"step   7750 loss 2.9785 ema 3.0184 bpc~1.147 gnorm 0.32 lr 5.93e-04 tok/s 523056 t 971s\n"}
,{"stream_name":"stdout","time":1143.950127064,"data":"step   7800 loss 3.1245 ema 3.0859 bpc~1.172 gnorm 0.35 lr 5.93e-04 tok/s 523495 t 976s\n"}
,{"stream_name":"stdout","time":1149.408350142,"data":"step   7850 loss 3.0758 ema 3.0794 bpc~1.170 gnorm 0.32 lr 5.93e-04 tok/s 523922 t 982s\n"}
,{"stream_name":"stdout","time":1154.851903751,"data":"step   7900 loss 3.0829 ema 3.0817 bpc~1.171 gnorm 0.32 lr 5.93e-04 tok/s 524357 t 987s\n"}
,{"stream_name":"stdout","time":1160.484499539,"data":"step   7950 loss 3.0336 ema 3.0511 bpc~1.159 gnorm 0.33 lr 5.93e-04 tok/s 524678 t 993s\n"}
,{"stream_name":"stdout","time":1166.08142262,"data":"step   8000 loss 3.0709 ema 3.0637 bpc~1.164 gnorm 0.33 lr 5.93e-04 tok/s 525019 t 999s\n"}
,{"stream_name":"stdout","time":1170.57349875,"data":"EVAL step 8000 valid_loss 2.9034 valid_bpc 1.1029 *guardado\n"}
,{"stream_name":"stdout","time":1176.093492301,"data":"step   8050 loss 3.1319 ema 3.1070 bpc~1.180 gnorm 0.34 lr 5.93e-04 tok/s 523056 t 1009s\n"}
,{"stream_name":"stdout","time":1181.597857334,"data":"step   8100 loss 3.1153 ema 3.1123 bpc~1.182 gnorm 0.32 lr 5.93e-04 tok/s 523448 t 1014s\n"}
,{"stream_name":"stdout","time":1187.24130255,"data":"step   8150 loss 3.0489 ema 3.0720 bpc~1.167 gnorm 0.30 lr 5.92e-04 tok/s 523769 t 1020s\n"}
,{"stream_name":"stdout","time":1192.920083702,"data":"step   8200 loss 3.0804 ema 3.0773 bpc~1.169 gnorm 0.32 lr 5.92e-04 tok/s 524060 t 1025s\n"}
,{"stream_name":"stdout","time":1198.514382924,"data":"step   8250 loss 3.0690 ema 3.0720 bpc~1.167 gnorm 0.31 lr 5.92e-04 tok/s 524394 t 1031s\n"}
,{"stream_name":"stdout","time":1204.042155534,"data":"step   8300 loss 3.0374 ema 3.0500 bpc~1.159 gnorm 0.33 lr 5.92e-04 tok/s 524759 t 1037s\n"}
,{"stream_name":"stdout","time":1209.548226666,"data":"step   8350 loss 3.1057 ema 3.0854 bpc~1.172 gnorm 0.32 lr 5.92e-04 tok/s 525131 t 1042s\n"}
,{"stream_name":"stdout","time":1214.988409046,"data":"step   8400 loss 3.1190 ema 3.1068 bpc~1.180 gnorm 0.31 lr 5.92e-04 tok/s 525532 t 1048s\n"}
,{"stream_name":"stdout","time":1220.485011539,"data":"step   8450 loss 3.1358 ema 3.1252 bpc~1.187 gnorm 0.32 lr 5.92e-04 tok/s 525904 t 1053s\n"}
,{"stream_name":"stdout","time":1226.008446411,"data":"step   8500 loss 3.0685 ema 3.0891 bpc~1.173 gnorm 0.31 lr 5.92e-04 tok/s 526252 t 1059s\n"}
,{"stream_name":"stdout","time":1231.598477761,"data":"step   8550 loss 3.0240 ema 3.0477 bpc~1.158 gnorm 0.31 lr 5.92e-04 tok/s 526567 t 1064s\n"}
,{"stream_name":"stdout","time":1237.078079628,"data":"step   8600 loss 3.0519 ema 3.0504 bpc~1.159 gnorm 0.31 lr 5.92e-04 tok/s 526933 t 1070s\n"}
,{"stream_name":"stdout","time":1242.587593608,"data":"step   8650 loss 3.1075 ema 3.0867 bpc~1.173 gnorm 0.31 lr 5.91e-04 tok/s 527280 t 1075s\n"}
,{"stream_name":"stdout","time":1248.17751671,"data":"step   8700 loss 3.1963 ema 3.1564 bpc~1.199 gnorm 0.32 lr 5.91e-04 tok/s 527585 t 1081s\n"}
,{"stream_name":"stdout","time":1253.669079759,"data":"step   8750 loss 3.1182 ema 3.1321 bpc~1.190 gnorm 0.33 lr 5.91e-04 tok/s 527938 t 1086s\n"}
,{"stream_name":"stdout","time":1259.147184145,"data":"step   8800 loss 3.0783 ema 3.0979 bpc~1.177 gnorm 0.32 lr 5.91e-04 tok/s 528287 t 1092s\n"}
,{"stream_name":"stdout","time":1264.738148746,"data":"step   8850 loss 3.1754 ema 3.1472 bpc~1.195 gnorm 0.31 lr 5.91e-04 tok/s 528581 t 1097s\n"}
,{"stream_name":"stdout","time":1270.334169654,"data":"step   8900 loss 3.0660 ema 3.0955 bpc~1.176 gnorm 0.32 lr 5.91e-04 tok/s 528870 t 1103s\n"}
,{"stream_name":"stdout","time":1275.797131883,"data":"step   8950 loss 3.1070 ema 3.1028 bpc~1.179 gnorm 0.34 lr 5.91e-04 tok/s 529220 t 1108s\n"}
,{"stream_name":"stdout","time":1281.289663346,"data":"step   9000 loss 3.0396 ema 3.0626 bpc~1.163 gnorm 0.30 lr 5.91e-04 tok/s 529553 t 1114s\n"}
,{"stream_name":"stdout","time":1286.779293009,"data":"step   9050 loss 3.1411 ema 3.1125 bpc~1.182 gnorm 0.33 lr 5.90e-04 tok/s 529887 t 1119s\n"}
,{"stream_name":"stdout","time":1292.320883274,"data":"step   9100 loss 3.0792 ema 3.0913 bpc~1.174 gnorm 0.35 lr 5.90e-04 tok/s 530185 t 1125s\n"}
,{"stream_name":"stdout","time":1297.808129507,"data":"step   9150 loss 3.0986 ema 3.0960 bpc~1.176 gnorm 0.32 lr 5.90e-04 tok/s 530510 t 1130s\n"}
,{"stream_name":"stdout","time":1303.282666279,"data":"step   9200 loss 2.9628 ema 3.0113 bpc~1.144 gnorm 0.30 lr 5.90e-04 tok/s 530838 t 1136s\n"}
,{"stream_name":"stdout","time":1308.802680772,"data":"step   9250 loss 3.1033 ema 3.0698 bpc~1.166 gnorm 0.32 lr 5.90e-04 tok/s 531142 t 1141s\n"}
,{"stream_name":"stdout","time":1314.300009515,"data":"step   9300 loss 3.0343 ema 3.0473 bpc~1.158 gnorm 0.33 lr 5.90e-04 tok/s 531453 t 1147s\n"}
,{"stream_name":"stdout","time":1319.813300379,"data":"step   9350 loss 3.0232 ema 3.0320 bpc~1.152 gnorm 0.31 lr 5.90e-04 tok/s 531758 t 1152s\n"}
,{"stream_name":"stdout","time":1325.2850814,"data":"step   9400 loss 3.1045 ema 3.0781 bpc~1.169 gnorm 0.32 lr 5.90e-04 tok/s 532071 t 1158s\n"}
,{"stream_name":"stdout","time":1330.769074592,"data":"step   9450 loss 3.1220 ema 3.1060 bpc~1.180 gnorm 0.30 lr 5.90e-04 tok/s 532380 t 1163s\n"}
,{"stream_name":"stdout","time":1336.261946195,"data":"step   9500 loss 3.0930 ema 3.0977 bpc~1.177 gnorm 0.32 lr 5.89e-04 tok/s 532681 t 1169s\n"}
,{"stream_name":"stdout","time":1341.650323553,"data":"step   9550 loss 3.0371 ema 3.0592 bpc~1.162 gnorm 0.31 lr 5.89e-04 tok/s 533028 t 1174s\n"}
,{"stream_name":"stdout","time":1347.068130342,"data":"step   9600 loss 3.0188 ema 3.0335 bpc~1.152 gnorm 0.31 lr 5.89e-04 tok/s 533357 t 1180s\n"}
,{"stream_name":"stdout","time":1352.511240235,"data":"step   9650 loss 3.1241 ema 3.0911 bpc~1.174 gnorm 0.31 lr 5.89e-04 tok/s 533677 t 1185s\n"}
,{"stream_name":"stdout","time":1357.877178854,"data":"step   9700 loss 3.0515 ema 3.0659 bpc~1.165 gnorm 0.33 lr 5.89e-04 tok/s 534020 t 1190s\n"}
,{"stream_name":"stdout","time":1363.258092762,"data":"step   9750 loss 3.0697 ema 3.0683 bpc~1.166 gnorm 0.33 lr 5.89e-04 tok/s 534357 t 1196s\n"}
,{"stream_name":"stdout","time":1368.632537701,"data":"step   9800 loss 3.1054 ema 3.0919 bpc~1.174 gnorm 0.31 lr 5.89e-04 tok/s 534694 t 1201s\n"}
,{"stream_name":"stdout","time":1374.067791795,"data":"step   9850 loss 3.0789 ema 3.0836 bpc~1.171 gnorm 0.33 lr 5.89e-04 tok/s 535001 t 1207s\n"}
,{"stream_name":"stdout","time":1379.50803051,"data":"step   9900 loss 3.0092 ema 3.0363 bpc~1.153 gnorm 0.30 lr 5.88e-04 tok/s 535304 t 1212s\n"}
,{"stream_name":"stdout","time":1384.906796176,"data":"step   9950 loss 3.0560 ema 3.0488 bpc~1.158 gnorm 0.32 lr 5.88e-04 tok/s 535626 t 1217s\n"}
,{"stream_name":"stdout","time":1390.341539041,"data":"step  10000 loss 3.0782 ema 3.0675 bpc~1.165 gnorm 0.30 lr 5.88e-04 tok/s 535920 t 1223s\n"}
,{"stream_name":"stdout","time":1394.809390442,"data":"EVAL step 10000 valid_loss 2.8591 valid_bpc 1.0861 *guardado\n"}
,{"stream_name":"stdout","time":1400.341212379,"data":"step  10050 loss 3.0141 ema 3.0336 bpc~1.152 gnorm 0.31 lr 5.88e-04 tok/s 534232 t 1233s\n"}
,{"stream_name":"stdout","time":1405.97733551,"data":"step  10100 loss 3.0749 ema 3.0598 bpc~1.162 gnorm 0.30 lr 5.88e-04 tok/s 534446 t 1239s\n"}
,{"stream_name":"stdout","time":1411.517267317,"data":"step  10150 loss 3.0250 ema 3.0377 bpc~1.154 gnorm 0.31 lr 5.88e-04 tok/s 534700 t 1244s\n"}
,{"stream_name":"stdout","time":1417.269255654,"data":"step  10200 loss 2.9964 ema 3.0114 bpc~1.144 gnorm 0.31 lr 5.88e-04 tok/s 534865 t 1250s\n"}
,{"stream_name":"stdout","time":1422.70083809,"data":"step  10250 loss 3.0253 ema 3.0203 bpc~1.147 gnorm 0.32 lr 5.87e-04 tok/s 535157 t 1255s\n"}
,{"stream_name":"stdout","time":1428.320277084,"data":"step  10300 loss 3.1225 ema 3.0852 bpc~1.172 gnorm 0.31 lr 5.87e-04 tok/s 535371 t 1261s\n"}
,{"stream_name":"stdout","time":1433.953339877,"data":"step  10350 loss 3.0395 ema 3.0561 bpc~1.161 gnorm 0.33 lr 5.87e-04 tok/s 535577 t 1266s\n"}
,{"stream_name":"stdout","time":1439.322402053,"data":"step  10400 loss 3.0141 ema 3.0294 bpc~1.151 gnorm 0.32 lr 5.87e-04 tok/s 535893 t 1272s\n"}
,{"stream_name":"stdout","time":1444.874804247,"data":"step  10450 loss 3.0142 ema 3.0197 bpc~1.147 gnorm 0.31 lr 5.87e-04 tok/s 536128 t 1277s\n"}
,{"stream_name":"stdout","time":1450.367390582,"data":"step  10500 loss 3.1104 ema 3.0774 bpc~1.169 gnorm 0.31 lr 5.87e-04 tok/s 536391 t 1283s\n"}
,{"stream_name":"stdout","time":1455.836298026,"data":"step  10550 loss 3.0457 ema 3.0573 bpc~1.161 gnorm 0.31 lr 5.87e-04 tok/s 536654 t 1288s\n"}
,{"stream_name":"stdout","time":1461.344036952,"data":"step  10600 loss 3.0501 ema 3.0527 bpc~1.160 gnorm 0.32 lr 5.87e-04 tok/s 536902 t 1294s\n"}
,{"stream_name":"stdout","time":1466.994985094,"data":"step  10650 loss 3.1014 ema 3.0836 bpc~1.171 gnorm 0.32 lr 5.86e-04 tok/s 537089 t 1300s\n"}
,{"stream_name":"stdout","time":1472.544696289,"data":"step  10700 loss 3.0233 ema 3.0453 bpc~1.157 gnorm 0.36 lr 5.86e-04 tok/s 537316 t 1305s\n"}
,{"stream_name":"stdout","time":1478.124542094,"data":"step  10750 loss 2.9525 ema 2.9863 bpc~1.134 gnorm 0.31 lr 5.86e-04 tok/s 537529 t 1311s\n"}
,{"stream_name":"stdout","time":1483.665071396,"data":"step  10800 loss 3.1114 ema 3.0658 bpc~1.165 gnorm 0.33 lr 5.86e-04 tok/s 537759 t 1316s\n"}
,{"stream_name":"stdout","time":1489.331015562,"data":"step  10850 loss 2.9842 ema 3.0139 bpc~1.145 gnorm 0.30 lr 5.86e-04 tok/s 537929 t 1322s\n"}
,{"stream_name":"stdout","time":1494.974674869,"data":"step  10900 loss 3.0806 ema 3.0563 bpc~1.161 gnorm 0.32 lr 5.86e-04 tok/s 538111 t 1328s\n"}
,{"stream_name":"stdout","time":1500.675013902,"data":"step  10950 loss 2.9921 ema 3.0155 bpc~1.145 gnorm 0.31 lr 5.86e-04 tok/s 538268 t 1333s\n"}
,{"stream_name":"stdout","time":1506.304382351,"data":"step  11000 loss 3.0181 ema 3.0171 bpc~1.146 gnorm 0.30 lr 5.85e-04 tok/s 538452 t 1339s\n"}
,{"stream_name":"stdout","time":1511.884963624,"data":"step  11050 loss 3.0186 ema 3.0181 bpc~1.146 gnorm 0.31 lr 5.85e-04 tok/s 538654 t 1344s\n"}
,{"stream_name":"stdout","time":1517.578695027,"data":"step  11100 loss 3.0408 ema 3.0326 bpc~1.152 gnorm 0.31 lr 5.85e-04 tok/s 538814 t 1350s\n"}
,{"stream_name":"stdout","time":1523.27737826,"data":"step  11150 loss 3.0518 ema 3.0448 bpc~1.157 gnorm 0.30 lr 5.85e-04 tok/s 538962 t 1356s\n"}
,{"stream_name":"stdout","time":1528.915069638,"data":"step  11200 loss 3.0298 ema 3.0353 bpc~1.153 gnorm 0.33 lr 5.85e-04 tok/s 539137 t 1361s\n"}
,{"stream_name":"stdout","time":1534.575099754,"data":"step  11250 loss 3.0190 ema 3.0249 bpc~1.149 gnorm 0.30 lr 5.85e-04 tok/s 539302 t 1367s\n"}
,{"stream_name":"stdout","time":1540.214614521,"data":"step  11300 loss 3.0516 ema 3.0419 bpc~1.155 gnorm 0.31 lr 5.84e-04 tok/s 539473 t 1373s\n"}
,{"stream_name":"stdout","time":1545.866408369,"data":"step  11350 loss 3.1181 ema 3.0904 bpc~1.174 gnorm 0.32 lr 5.84e-04 tok/s 539638 t 1378s\n"}
,{"stream_name":"stdout","time":1551.475240215,"data":"step  11400 loss 3.1059 ema 3.1002 bpc~1.178 gnorm 0.32 lr 5.84e-04 tok/s 539823 t 1384s\n"}
,{"stream_name":"stdout","time":1557.045029042,"data":"step  11450 loss 3.1008 ema 3.1006 bpc~1.178 gnorm 0.32 lr 5.84e-04 tok/s 540013 t 1390s\n"}
,{"stream_name":"stdout","time":1562.634091559,"data":"step  11500 loss 2.9326 ema 2.9938 bpc~1.137 gnorm 0.30 lr 5.84e-04 tok/s 540199 t 1395s\n"}
,{"stream_name":"stdout","time":1568.273330863,"data":"step  11550 loss 3.0599 ema 3.0358 bpc~1.153 gnorm 0.32 lr 5.84e-04 tok/s 540363 t 1401s\n"}
,{"stream_name":"stdout","time":1573.974402275,"data":"step  11600 loss 2.9503 ema 2.9814 bpc~1.133 gnorm 0.33 lr 5.84e-04 tok/s 540503 t 1407s\n"}
,{"stream_name":"stdout","time":1579.649725837,"data":"step  11650 loss 3.0618 ema 3.0325 bpc~1.152 gnorm 0.32 lr 5.83e-04 tok/s 540651 t 1412s\n"}
,{"stream_name":"stdout","time":1585.236011114,"data":"step  11700 loss 3.0423 ema 3.0387 bpc~1.154 gnorm 0.32 lr 5.83e-04 tok/s 540836 t 1418s\n"}
,{"stream_name":"stdout","time":1590.894104558,"data":"step  11750 loss 2.9085 ema 2.9559 bpc~1.123 gnorm 0.30 lr 5.83e-04 tok/s 540984 t 1423s\n"}
,{"stream_name":"stdout","time":1596.467588715,"data":"step  11800 loss 3.0544 ema 3.0185 bpc~1.147 gnorm 0.31 lr 5.83e-04 tok/s 541167 t 1429s\n"}
,{"stream_name":"stdout","time":1602.213245284,"data":"step  11850 loss 3.0046 ema 3.0097 bpc~1.143 gnorm 0.32 lr 5.83e-04 tok/s 541284 t 1435s\n"}
,{"stream_name":"stdout","time":1607.984375993,"data":"step  11900 loss 3.0496 ema 3.0350 bpc~1.153 gnorm 0.32 lr 5.83e-04 tok/s 541390 t 1441s\n"}
,{"stream_name":"stdout","time":1613.67949418,"data":"step  11950 loss 3.0171 ema 3.0236 bpc~1.149 gnorm 0.30 lr 5.82e-04 tok/s 541524 t 1446s\n"}
,{"stream_name":"stdout","time":1619.357547892,"data":"step  12000 loss 2.9958 ema 3.0059 bpc~1.142 gnorm 0.32 lr 5.82e-04 tok/s 541667 t 1452s\n"}
,{"stream_name":"stdout","time":1623.85829615,"data":"EVAL step 12000 valid_loss 2.8283 valid_bpc 1.0744 *guardado\n"}
,{"stream_name":"stdout","time":1629.584709508,"data":"step  12050 loss 3.0620 ema 3.0416 bpc~1.155 gnorm 0.31 lr 5.82e-04 tok/s 540116 t 1462s\n"}
,{"stream_name":"stdout","time":1635.306679246,"data":"step  12100 loss 3.0337 ema 3.0366 bpc~1.153 gnorm 0.31 lr 5.82e-04 tok/s 540242 t 1468s\n"}
,{"stream_name":"stdout","time":1640.844290711,"data":"step  12150 loss 3.0152 ema 3.0230 bpc~1.148 gnorm 0.31 lr 5.82e-04 tok/s 540436 t 1473s\n"}
,{"stream_name":"stdout","time":1646.517878214,"data":"step  12200 loss 2.9597 ema 2.9828 bpc~1.133 gnorm 0.30 lr 5.82e-04 tok/s 540578 t 1479s\n"}
,{"stream_name":"stdout","time":1652.054603099,"data":"step  12250 loss 3.0166 ema 3.0043 bpc~1.141 gnorm 0.32 lr 5.82e-04 tok/s 540774 t 1485s\n"}
,{"stream_name":"stdout","time":1657.816673074,"data":"step  12300 loss 3.0685 ema 3.0451 bpc~1.157 gnorm 0.31 lr 5.81e-04 tok/s 540877 t 1490s\n"}
,{"stream_name":"stdout","time":1663.495010016,"data":"step  12350 loss 3.0126 ema 3.0244 bpc~1.149 gnorm 0.30 lr 5.81e-04 tok/s 541015 t 1496s\n"}
,{"stream_name":"stdout","time":1669.16415291,"data":"step  12400 loss 2.9555 ema 2.9806 bpc~1.132 gnorm 0.32 lr 5.81e-04 tok/s 541154 t 1502s\n"}
,{"stream_name":"stdout","time":1674.871712074,"data":"step  12450 loss 2.9992 ema 2.9924 bpc~1.137 gnorm 0.30 lr 5.81e-04 tok/s 541279 t 1507s\n"}
,{"stream_name":"stdout","time":1680.396275539,"data":"step  12500 loss 3.0945 ema 3.0573 bpc~1.161 gnorm 0.33 lr 5.81e-04 tok/s 541469 t 1513s\n"}
,{"stream_name":"stdout","time":1685.881391688,"data":"step  12550 loss 2.9625 ema 2.9971 bpc~1.138 gnorm 0.30 lr 5.81e-04 tok/s 541675 t 1518s\n"}
,{"stream_name":"stdout","time":1691.407119124,"data":"step  12600 loss 2.9923 ema 2.9940 bpc~1.137 gnorm 0.31 lr 5.80e-04 tok/s 541857 t 1524s\n"}
,{"stream_name":"stdout","time":1696.929861839,"data":"step  12650 loss 3.0003 ema 2.9980 bpc~1.139 gnorm 0.31 lr 5.80e-04 tok/s 542043 t 1529s\n"}
,{"stream_name":"stdout","time":1702.498391961,"data":"step  12700 loss 3.0021 ema 3.0006 bpc~1.140 gnorm 0.30 lr 5.80e-04 tok/s 542211 t 1535s\n"}
,{"stream_name":"stdout","time":1707.964507472,"data":"step  12750 loss 2.9502 ema 2.9686 bpc~1.128 gnorm 0.33 lr 5.80e-04 tok/s 542414 t 1540s\n"}
,{"stream_name":"stdout","time":1713.390605106,"data":"step  12800 loss 2.9962 ema 2.9862 bpc~1.134 gnorm 0.31 lr 5.80e-04 tok/s 542630 t 1546s\n"}
,{"stream_name":"stdout","time":1718.921371611,"data":"step  12850 loss 3.0025 ema 2.9966 bpc~1.138 gnorm 0.32 lr 5.80e-04 tok/s 542812 t 1551s\n"}
,{"stream_name":"stdout","time":1724.422394678,"data":"step  12900 loss 3.0319 ema 3.0190 bpc~1.147 gnorm 0.31 lr 5.79e-04 tok/s 542994 t 1557s\n"}
,{"stream_name":"stdout","time":1729.827074204,"data":"step  12950 loss 2.9346 ema 2.9653 bpc~1.126 gnorm 0.32 lr 5.79e-04 tok/s 543213 t 1562s\n"}
,{"stream_name":"stdout","time":1735.22894075,"data":"step  13000 loss 2.9879 ema 2.9797 bpc~1.132 gnorm 0.31 lr 5.79e-04 tok/s 543432 t 1568s\n"}
,{"stream_name":"stdout","time":1740.720641797,"data":"step  13050 loss 2.9800 ema 2.9799 bpc~1.132 gnorm 0.31 lr 5.79e-04 tok/s 543618 t 1573s\n"}
,{"stream_name":"stdout","time":1746.278203165,"data":"step  13100 loss 2.9792 ema 2.9794 bpc~1.132 gnorm 0.32 lr 5.79e-04 tok/s 543780 t 1579s\n"}
,{"stream_name":"stdout","time":1751.812000734,"data":"step  13150 loss 3.0242 ema 3.0079 bpc~1.143 gnorm 0.32 lr 5.78e-04 tok/s 543953 t 1584s\n"}
,{"stream_name":"stdout","time":1757.282352398,"data":"step  13200 loss 2.9386 ema 2.9639 bpc~1.126 gnorm 0.32 lr 5.78e-04 tok/s 544138 t 1590s\n"}
,{"stream_name":"stdout","time":1762.827958436,"data":"step  13250 loss 2.9404 ema 2.9489 bpc~1.120 gnorm 0.31 lr 5.78e-04 tok/s 544300 t 1595s\n"}
,{"stream_name":"stdout","time":1768.31503197,"data":"step  13300 loss 3.0131 ema 2.9897 bpc~1.136 gnorm 0.34 lr 5.78e-04 tok/s 544482 t 1601s\n"}
,{"stream_name":"stdout","time":1773.774366275,"data":"step  13350 loss 3.0203 ema 3.0092 bpc~1.143 gnorm 0.31 lr 5.78e-04 tok/s 544671 t 1606s\n"}
,{"stream_name":"stdout","time":1779.300506265,"data":"step  13400 loss 3.0270 ema 3.0205 bpc~1.147 gnorm 0.31 lr 5.78e-04 tok/s 544837 t 1612s\n"}
,{"stream_name":"stdout","time":1784.901106729,"data":"step  13450 loss 3.0774 ema 3.0567 bpc~1.161 gnorm 0.31 lr 5.77e-04 tok/s 544980 t 1617s\n"}
,{"stream_name":"stdout","time":1790.436154419,"data":"step  13500 loss 2.9918 ema 3.0154 bpc~1.145 gnorm 0.32 lr 5.77e-04 tok/s 545136 t 1623s\n"}
,{"stream_name":"stdout","time":1795.94115841,"data":"step  13550 loss 2.9676 ema 2.9850 bpc~1.134 gnorm 0.30 lr 5.77e-04 tok/s 545306 t 1628s\n"}
,{"stream_name":"stdout","time":1801.400605685,"data":"step  13600 loss 2.9373 ema 2.9547 bpc~1.122 gnorm 0.32 lr 5.77e-04 tok/s 545489 t 1634s\n"}
,{"stream_name":"stdout","time":1806.966827668,"data":"step  13650 loss 2.8790 ema 2.9066 bpc~1.104 gnorm 0.30 lr 5.77e-04 tok/s 545636 t 1639s\n"}
,{"stream_name":"stdout","time":1812.704491849,"data":"step  13700 loss 2.9939 ema 2.9621 bpc~1.125 gnorm 0.32 lr 5.77e-04 tok/s 545725 t 1645s\n"}
,{"stream_name":"stdout","time":1818.223229711,"data":"step  13750 loss 3.0492 ema 3.0175 bpc~1.146 gnorm 0.31 lr 5.76e-04 tok/s 545890 t 1651s\n"}
,{"stream_name":"stdout","time":1823.887193929,"data":"step  13800 loss 3.0325 ema 3.0270 bpc~1.150 gnorm 0.32 lr 5.76e-04 tok/s 545997 t 1656s\n"}
,{"stream_name":"stdout","time":1829.363582806,"data":"step  13850 loss 3.0537 ema 3.0440 bpc~1.156 gnorm 0.32 lr 5.76e-04 tok/s 546170 t 1662s\n"}
,{"stream_name":"stdout","time":1834.908465305,"data":"step  13900 loss 3.0072 ema 3.0206 bpc~1.147 gnorm 0.32 lr 5.76e-04 tok/s 546319 t 1667s\n"}
,{"stream_name":"stdout","time":1840.431034197,"data":"step  13950 loss 3.0085 ema 3.0129 bpc~1.144 gnorm 0.31 lr 5.76e-04 tok/s 546474 t 1673s\n"}
,{"stream_name":"stdout","time":1845.816217351,"data":"step  14000 loss 2.9430 ema 2.9684 bpc~1.128 gnorm 0.31 lr 5.75e-04 tok/s 546673 t 1678s\n"}
,{"stream_name":"stdout","time":1850.352174088,"data":"EVAL step 14000 valid_loss 2.8057 valid_bpc 1.0658 *guardado\n"}
,{"stream_name":"stdout","time":1855.835146873,"data":"step  14050 loss 2.9786 ema 2.9749 bpc~1.130 gnorm 0.30 lr 5.75e-04 tok/s 545369 t 1688s\n"}
,{"stream_name":"stdout","time":1861.494039322,"data":"step  14100 loss 2.9657 ema 2.9691 bpc~1.128 gnorm 0.30 lr 5.75e-04 tok/s 545482 t 1694s\n"}
,{"stream_name":"stdout","time":1867.212655395,"data":"step  14150 loss 2.9645 ema 2.9662 bpc~1.127 gnorm 0.30 lr 5.75e-04 tok/s 545575 t 1700s\n"}
,{"stream_name":"stdout","time":1872.874359792,"data":"step  14200 loss 2.9795 ema 2.9747 bpc~1.130 gnorm 0.33 lr 5.75e-04 tok/s 545685 t 1705s\n"}
,{"stream_name":"stdout","time":1878.561094637,"data":"step  14250 loss 2.9884 ema 2.9834 bpc~1.133 gnorm 0.31 lr 5.74e-04 tok/s 545786 t 1711s\n"}
,{"stream_name":"stdout","time":1884.294914738,"data":"step  14300 loss 2.9722 ema 2.9763 bpc~1.131 gnorm 0.32 lr 5.74e-04 tok/s 545876 t 1717s\n"}
,{"stream_name":"stdout","time":1889.913334629,"data":"step  14350 loss 2.9739 ema 2.9748 bpc~1.130 gnorm 0.31 lr 5.74e-04 tok/s 545994 t 1722s\n"}
,{"stream_name":"stdout","time":1895.658908159,"data":"step  14400 loss 3.0166 ema 3.0014 bpc~1.140 gnorm 0.31 lr 5.74e-04 tok/s 546075 t 1728s\n"}
,{"stream_name":"stdout","time":1901.320736207,"data":"step  14450 loss 2.9856 ema 2.9913 bpc~1.136 gnorm 0.33 lr 5.74e-04 tok/s 546182 t 1734s\n"}
,{"stream_name":"stdout","time":1906.994807363,"data":"step  14500 loss 2.9782 ema 2.9830 bpc~1.133 gnorm 0.32 lr 5.74e-04 tok/s 546284 t 1740s\n"}
,{"stream_name":"stdout","time":1912.544411191,"data":"step  14550 loss 2.9838 ema 2.9835 bpc~1.133 gnorm 0.31 lr 5.73e-04 tok/s 546424 t 1745s\n"}
,{"stream_name":"stdout","time":1918.168089472,"data":"step  14600 loss 3.0542 ema 3.0284 bpc~1.150 gnorm 0.31 lr 5.73e-04 tok/s 546545 t 1751s\n"}
,{"stream_name":"stdout","time":1923.788660163,"data":"step  14650 loss 3.0540 ema 3.0447 bpc~1.157 gnorm 0.31 lr 5.73e-04 tok/s 546657 t 1756s\n"}
,{"stream_name":"stdout","time":1929.538021203,"data":"step  14700 loss 2.9777 ema 3.0021 bpc~1.140 gnorm 0.31 lr 5.73e-04 tok/s 546733 t 1762s\n"}
,{"stream_name":"stdout","time":1935.157277225,"data":"step  14750 loss 2.9410 ema 2.9632 bpc~1.126 gnorm 0.31 lr 5.73e-04 tok/s 546849 t 1768s\n"}
,{"stream_name":"stdout","time":1940.842105022,"data":"step  14800 loss 3.0070 ema 2.9911 bpc~1.136 gnorm 0.31 lr 5.72e-04 tok/s 546944 t 1773s\n"}
,{"stream_name":"stdout","time":1946.501728462,"data":"step  14850 loss 2.9515 ema 2.9659 bpc~1.127 gnorm 0.31 lr 5.72e-04 tok/s 547046 t 1779s\n"}
,{"stream_name":"stdout","time":1952.137298373,"data":"step  14900 loss 2.9533 ema 2.9579 bpc~1.124 gnorm 0.31 lr 5.72e-04 tok/s 547158 t 1785s\n"}
,{"stream_name":"stdout","time":1957.674696754,"data":"step  14950 loss 3.0282 ema 3.0026 bpc~1.141 gnorm 0.31 lr 5.72e-04 tok/s 547292 t 1790s\n"}
,{"stream_name":"stdout","time":1963.346370112,"data":"step  15000 loss 2.9735 ema 2.9841 bpc~1.134 gnorm 0.33 lr 5.72e-04 tok/s 547388 t 1796s\n"}
,{"stream_name":"stdout","time":1968.983049384,"data":"step  15050 loss 2.8195 ema 2.8795 bpc~1.094 gnorm 0.31 lr 5.71e-04 tok/s 547495 t 1802s\n"}
,{"stream_name":"stdout","time":1974.741515244,"data":"step  15100 loss 2.9900 ema 2.9497 bpc~1.120 gnorm 0.31 lr 5.71e-04 tok/s 547563 t 1807s\n"}
,{"stream_name":"stdout","time":1980.459078467,"data":"step  15150 loss 2.9646 ema 2.9592 bpc~1.124 gnorm 0.31 lr 5.71e-04 tok/s 547644 t 1813s\n"}
,{"stream_name":"stdout","time":1986.098708609,"data":"step  15200 loss 3.0576 ema 3.0218 bpc~1.148 gnorm 0.33 lr 5.71e-04 tok/s 547751 t 1819s\n"}
,{"stream_name":"stdout","time":1991.810081013,"data":"step  15250 loss 2.8997 ema 2.9441 bpc~1.118 gnorm 0.30 lr 5.71e-04 tok/s 547829 t 1824s\n"}
,{"stream_name":"stdout","time":1997.573676043,"data":"step  15300 loss 3.0278 ema 2.9973 bpc~1.139 gnorm 0.32 lr 5.70e-04 tok/s 547894 t 1830s\n"}
,{"stream_name":"stdout","time":2003.278155628,"data":"step  15350 loss 2.9672 ema 2.9781 bpc~1.131 gnorm 0.31 lr 5.70e-04 tok/s 547976 t 1836s\n"}
,{"stream_name":"stdout","time":2009.01533152,"data":"step  15400 loss 3.0168 ema 3.0027 bpc~1.141 gnorm 0.34 lr 5.70e-04 tok/s 548049 t 1842s\n"}
,{"stream_name":"stdout","time":2014.713672495,"data":"step  15450 loss 3.0283 ema 3.0190 bpc~1.147 gnorm 0.33 lr 5.70e-04 tok/s 548132 t 1847s\n"}
,{"stream_name":"stdout","time":2020.363863206,"data":"step  15500 loss 2.8213 ema 2.8933 bpc~1.099 gnorm 0.31 lr 5.70e-04 tok/s 548233 t 1853s\n"}
,{"stream_name":"stdout","time":2026.07564943,"data":"step  15550 loss 3.0246 ema 2.9767 bpc~1.131 gnorm 0.31 lr 5.69e-04 tok/s 548307 t 1859s\n"}
,{"stream_name":"stdout","time":2031.784951995,"data":"step  15600 loss 2.8533 ema 2.8982 bpc~1.101 gnorm 0.31 lr 5.69e-04 tok/s 548386 t 1864s\n"}
,{"stream_name":"stdout","time":2037.365317822,"data":"step  15650 loss 2.9918 ema 2.9577 bpc~1.124 gnorm 0.32 lr 5.69e-04 tok/s 548502 t 1870s\n"}
,{"stream_name":"stdout","time":2043.095785324,"data":"step  15700 loss 2.9951 ema 2.9815 bpc~1.133 gnorm 0.32 lr 5.69e-04 tok/s 548573 t 1876s\n"}
,{"stream_name":"stdout","time":2048.739690335,"data":"step  15750 loss 2.9829 ema 2.9824 bpc~1.133 gnorm 0.32 lr 5.69e-04 tok/s 548669 t 1881s\n"}
,{"stream_name":"stdout","time":2054.495975845,"data":"step  15800 loss 2.9355 ema 2.9526 bpc~1.122 gnorm 0.30 lr 5.68e-04 tok/s 548736 t 1887s\n"}
,{"stream_name":"stdout","time":2060.09350064,"data":"step  15850 loss 2.9652 ema 2.9606 bpc~1.125 gnorm 0.32 lr 5.68e-04 tok/s 548840 t 1893s\n"}
,{"stream_name":"stdout","time":2065.771564045,"data":"step  15900 loss 2.9682 ema 2.9655 bpc~1.126 gnorm 0.31 lr 5.68e-04 tok/s 548925 t 1898s\n"}
,{"stream_name":"stdout","time":2071.353306745,"data":"step  15950 loss 3.0254 ema 3.0036 bpc~1.141 gnorm 0.31 lr 5.68e-04 tok/s 549036 t 1904s\n"}
,{"stream_name":"stdout","time":2076.913186306,"data":"step  16000 loss 2.9746 ema 2.9851 bpc~1.134 gnorm 0.32 lr 5.67e-04 tok/s 549154 t 1909s\n"}
,{"stream_name":"stdout","time":2081.596162744,"data":"EVAL step 16000 valid_loss 2.7841 valid_bpc 1.0576 *guardado\n"}
,{"stream_name":"stdout","time":2087.172396404,"data":"step  16050 loss 2.9673 ema 2.9738 bpc~1.130 gnorm 0.32 lr 5.67e-04 tok/s 547930 t 1920s\n"}
,{"stream_name":"stdout","time":2092.900058141,"data":"step  16100 loss 2.9201 ema 2.9397 bpc~1.117 gnorm 0.31 lr 5.67e-04 tok/s 547998 t 1925s\n"}
,{"stream_name":"stdout","time":2098.674713024,"data":"step  16150 loss 2.9451 ema 2.9431 bpc~1.118 gnorm 0.32 lr 5.67e-04 tok/s 548056 t 1931s\n"}
,{"stream_name":"stdout","time":2104.371731995,"data":"step  16200 loss 2.9031 ema 2.9177 bpc~1.108 gnorm 0.31 lr 5.67e-04 tok/s 548136 t 1937s\n"}
,{"stream_name":"stdout","time":2110.088845313,"data":"step  16250 loss 2.9740 ema 2.9535 bpc~1.122 gnorm 0.31 lr 5.66e-04 tok/s 548209 t 1943s\n"}
,{"stream_name":"stdout","time":2115.668690533,"data":"step  16300 loss 2.8720 ema 2.9017 bpc~1.102 gnorm 0.31 lr 5.66e-04 tok/s 548321 t 1948s\n"}
,{"stream_name":"stdout","time":2121.362416253,"data":"step  16350 loss 3.0321 ema 2.9846 bpc~1.134 gnorm 0.31 lr 5.66e-04 tok/s 548404 t 1954s\n"}
,{"stream_name":"stdout","time":2126.872684759,"data":"step  16400 loss 2.9781 ema 2.9805 bpc~1.132 gnorm 0.31 lr 5.66e-04 tok/s 548531 t 1959s\n"}
,{"stream_name":"stdout","time":2132.473353047,"data":"step  16450 loss 2.8400 ema 2.8912 bpc~1.098 gnorm 0.34 lr 5.66e-04 tok/s 548635 t 1965s\n"}
,{"stream_name":"stdout","time":2138.171363367,"data":"step  16500 loss 2.9250 ema 2.9127 bpc~1.106 gnorm 0.30 lr 5.65e-04 tok/s 548711 t 1971s\n"}
,{"stream_name":"stdout","time":2143.902606034,"data":"step  16550 loss 2.9231 ema 2.9193 bpc~1.109 gnorm 0.31 lr 5.65e-04 tok/s 548778 t 1976s\n"}
,{"stream_name":"stdout","time":2149.6543633,"data":"step  16600 loss 2.9956 ema 2.9678 bpc~1.127 gnorm 0.30 lr 5.65e-04 tok/s 548839 t 1982s\n"}
,{"stream_name":"stdout","time":2155.352700259,"data":"step  16650 loss 2.9520 ema 2.9577 bpc~1.124 gnorm 0.31 lr 5.65e-04 tok/s 548918 t 1988s\n"}
,{"stream_name":"stdout","time":2160.965992206,"data":"step  16700 loss 2.9620 ema 2.9604 bpc~1.125 gnorm 0.31 lr 5.64e-04 tok/s 549012 t 1993s\n"}
,{"stream_name":"stdout","time":2166.555317286,"data":"step  16750 loss 2.8801 ema 2.9094 bpc~1.105 gnorm 0.30 lr 5.64e-04 tok/s 549116 t 1999s\n"}
,{"stream_name":"stdout","time":2172.057006873,"data":"step  16800 loss 2.9169 ema 2.9142 bpc~1.107 gnorm 0.31 lr 5.64e-04 tok/s 549244 t 2005s\n"}
,{"stream_name":"stdout","time":2177.650013091,"data":"step  16850 loss 2.9219 ema 2.9191 bpc~1.109 gnorm 0.31 lr 5.64e-04 tok/s 549346 t 2010s\n"}
,{"stream_name":"stdout","time":2183.272254677,"data":"step  16900 loss 2.9758 ema 2.9552 bpc~1.123 gnorm 0.31 lr 5.64e-04 tok/s 549439 t 2016s\n"}
,{"stream_name":"stdout","time":2188.806228622,"data":"step  16950 loss 2.9577 ema 2.9568 bpc~1.123 gnorm 0.31 lr 5.63e-04 tok/s 549560 t 2021s\n"}
,{"stream_name":"stdout","time":2194.324413737,"data":"step  17000 loss 2.9238 ema 2.9358 bpc~1.115 gnorm 0.32 lr 5.63e-04 tok/s 549676 t 2027s\n"}
,{"stream_name":"stdout","time":2199.752268134,"data":"step  17050 loss 2.9064 ema 2.9171 bpc~1.108 gnorm 0.32 lr 5.63e-04 tok/s 549821 t 2032s\n"}
,{"stream_name":"stdout","time":2205.276710295,"data":"step  17100 loss 2.9750 ema 2.9539 bpc~1.122 gnorm 0.33 lr 5.63e-04 tok/s 549938 t 2038s\n"}
,{"stream_name":"stdout","time":2210.974778302,"data":"step  17150 loss 2.8734 ema 2.9027 bpc~1.103 gnorm 0.32 lr 5.62e-04 tok/s 550008 t 2044s\n"}
,{"stream_name":"stdout","time":2216.688925828,"data":"step  17200 loss 2.9775 ema 2.9503 bpc~1.121 gnorm 0.31 lr 5.62e-04 tok/s 550074 t 2049s\n"}
,{"stream_name":"stdout","time":2222.45929609,"data":"step  17250 loss 2.9664 ema 2.9605 bpc~1.125 gnorm 0.32 lr 5.62e-04 tok/s 550127 t 2055s\n"}
,{"stream_name":"stdout","time":2227.840200451,"data":"step  17300 loss 2.9957 ema 2.9829 bpc~1.133 gnorm 0.34 lr 5.62e-04 tok/s 550277 t 2060s\n"}
,{"stream_name":"stdout","time":2233.182269795,"data":"step  17350 loss 3.0075 ema 2.9985 bpc~1.139 gnorm 0.31 lr 5.61e-04 tok/s 550440 t 2066s\n"}
,{"stream_name":"stdout","time":2238.743719833,"data":"step  17400 loss 2.9368 ema 2.9593 bpc~1.124 gnorm 0.32 lr 5.61e-04 tok/s 550544 t 2071s\n"}
,{"stream_name":"stdout","time":2244.274250533,"data":"step  17450 loss 3.0631 ema 3.0253 bpc~1.149 gnorm 0.31 lr 5.61e-04 tok/s 550656 t 2077s\n"}
,{"stream_name":"stdout","time":2249.804259553,"data":"step  17500 loss 2.9745 ema 2.9930 bpc~1.137 gnorm 0.33 lr 5.61e-04 tok/s 550767 t 2082s\n"}
,{"stream_name":"stdout","time":2255.308497394,"data":"step  17550 loss 2.9209 ema 2.9472 bpc~1.120 gnorm 0.31 lr 5.61e-04 tok/s 550889 t 2088s\n"}
,{"stream_name":"stdout","time":2260.826050826,"data":"step  17600 loss 2.9835 ema 2.9702 bpc~1.128 gnorm 0.31 lr 5.60e-04 tok/s 550998 t 2093s\n"}
,{"stream_name":"stdout","time":2266.311923379,"data":"step  17650 loss 2.9360 ema 2.9485 bpc~1.120 gnorm 0.30 lr 5.60e-04 tok/s 551119 t 2099s\n"}
,{"stream_name":"stdout","time":2271.742178656,"data":"step  17700 loss 2.9418 ema 2.9442 bpc~1.118 gnorm 0.31 lr 5.60e-04 tok/s 551254 t 2104s\n"}
,{"stream_name":"stdout","time":2277.417435615,"data":"step  17750 loss 2.9397 ema 2.9413 bpc~1.117 gnorm 0.32 lr 5.60e-04 tok/s 551325 t 2110s\n"}
,{"stream_name":"stdout","time":2282.997149911,"data":"step  17800 loss 2.9802 ema 2.9661 bpc~1.127 gnorm 0.31 lr 5.59e-04 tok/s 551419 t 2116s\n"}
,{"stream_name":"stdout","time":2288.521177272,"data":"step  17850 loss 2.9007 ema 2.9245 bpc~1.111 gnorm 0.31 lr 5.59e-04 tok/s 551532 t 2121s\n"}
,{"stream_name":"stdout","time":2294.041057823,"data":"step  17900 loss 2.9214 ema 2.9225 bpc~1.110 gnorm 0.32 lr 5.59e-04 tok/s 551638 t 2127s\n"}
,{"stream_name":"stdout","time":2299.545564954,"data":"step  17950 loss 3.0509 ema 3.0041 bpc~1.141 gnorm 0.30 lr 5.59e-04 tok/s 551750 t 2132s\n"}
,{"stream_name":"stdout","time":2304.943446624,"data":"step  18000 loss 2.9686 ema 2.9815 bpc~1.133 gnorm 0.31 lr 5.58e-04 tok/s 551890 t 2137s\n"}
,{"stream_name":"stdout","time":2309.638944318,"data":"EVAL step 18000 valid_loss 2.7684 valid_bpc 1.0516 *guardado\n"}
,{"stream_name":"stdout","time":2315.13206649,"data":"step  18050 loss 2.9119 ema 2.9372 bpc~1.116 gnorm 0.33 lr 5.58e-04 tok/s 550797 t 2148s\n"}
,{"stream_name":"stdout","time":2320.67933388,"data":"step  18100 loss 2.9341 ema 2.9353 bpc~1.115 gnorm 0.33 lr 5.58e-04 tok/s 550904 t 2153s\n"}
,{"stream_name":"stdout","time":2326.050017823,"data":"step  18150 loss 2.9891 ema 2.9695 bpc~1.128 gnorm 0.32 lr 5.58e-04 tok/s 551048 t 2159s\n"}
,{"stream_name":"stdout","time":2331.605222214,"data":"step  18200 loss 2.9720 ema 2.9711 bpc~1.129 gnorm 0.31 lr 5.57e-04 tok/s 551147 t 2164s\n"}
,{"stream_name":"stdout","time":2337.265951419,"data":"step  18250 loss 3.0105 ema 2.9961 bpc~1.138 gnorm 0.32 lr 5.57e-04 tok/s 551220 t 2170s\n"}
,{"stream_name":"stdout","time":2342.98010948,"data":"step  18300 loss 2.8728 ema 2.9177 bpc~1.108 gnorm 0.30 lr 5.57e-04 tok/s 551278 t 2176s\n"}
,{"stream_name":"stdout","time":2348.613301297,"data":"step  18350 loss 2.9808 ema 2.9578 bpc~1.124 gnorm 0.32 lr 5.57e-04 tok/s 551357 t 2181s\n"}
,{"stream_name":"stdout","time":2354.355366537,"data":"step  18400 loss 2.8992 ema 2.9205 bpc~1.109 gnorm 0.33 lr 5.57e-04 tok/s 551411 t 2187s\n"}
,{"stream_name":"stdout","time":2359.919798927,"data":"step  18450 loss 2.9109 ema 2.9144 bpc~1.107 gnorm 0.30 lr 5.56e-04 tok/s 551502 t 2192s\n"}
,{"stream_name":"stdout","time":2365.500743057,"data":"step  18500 loss 2.9094 ema 2.9113 bpc~1.106 gnorm 0.31 lr 5.56e-04 tok/s 551593 t 2198s\n"}
,{"stream_name":"stdout","time":2371.080953367,"data":"step  18550 loss 2.9157 ema 2.9141 bpc~1.107 gnorm 0.31 lr 5.56e-04 tok/s 551683 t 2204s\n"}
,{"stream_name":"stdout","time":2376.653521667,"data":"step  18600 loss 3.0751 ema 3.0165 bpc~1.146 gnorm 0.32 lr 5.56e-04 tok/s 551775 t 2209s\n"}
,{"stream_name":"stdout","time":2382.213695278,"data":"step  18650 loss 2.9410 ema 2.9685 bpc~1.128 gnorm 0.32 lr 5.55e-04 tok/s 551869 t 2215s\n"}
,{"stream_name":"stdout","time":2388.657121593,"data":"step  18700 loss 2.9655 ema 2.9666 bpc~1.127 gnorm 0.33 lr 5.55e-04 tok/s 551932 t 2220s\n"}
,{"stream_name":"stdout","time":2393.505577969,"data":"step  18750 loss 2.8948 ema 2.9209 bpc~1.110 gnorm 0.31 lr 5.55e-04 tok/s 552014 t 2226s\n"}
,{"stream_name":"stdout","time":2398.952296338,"data":"step  18800 loss 2.9620 ema 2.9471 bpc~1.119 gnorm 0.34 lr 5.55e-04 tok/s 552135 t 2231s\n"}
,{"stream_name":"stdout","time":2404.49597272,"data":"step  18850 loss 2.9233 ema 2.9320 bpc~1.114 gnorm 0.32 lr 5.54e-04 tok/s 552231 t 2237s\n"}
,{"stream_name":"stdout","time":2410.263107877,"data":"step  18900 loss 3.0136 ema 2.9839 bpc~1.133 gnorm 0.31 lr 5.54e-04 tok/s 552272 t 2243s\n"}
,{"stream_name":"stdout","time":2415.993479918,"data":"step  18950 loss 2.9474 ema 2.9607 bpc~1.125 gnorm 0.32 lr 5.54e-04 tok/s 552322 t 2249s\n"}
,{"stream_name":"stdout","time":2421.824233352,"data":"step  19000 loss 2.9587 ema 2.9594 bpc~1.124 gnorm 0.33 lr 5.54e-04 tok/s 552351 t 2254s\n"}
,{"stream_name":"stdout","time":2427.394713812,"data":"step  19050 loss 3.0257 ema 3.0016 bpc~1.140 gnorm 0.33 lr 5.53e-04 tok/s 552436 t 2260s\n"}
,{"stream_name":"stdout","time":2433.113525453,"data":"step  19100 loss 2.9539 ema 2.9712 bpc~1.129 gnorm 0.31 lr 5.53e-04 tok/s 552487 t 2266s\n"}
,{"stream_name":"stdout","time":2438.812883776,"data":"step  19150 loss 2.9277 ema 2.9436 bpc~1.118 gnorm 0.30 lr 5.53e-04 tok/s 552544 t 2271s\n"}
,{"stream_name":"stdout","time":2444.565540825,"data":"step  19200 loss 2.9393 ema 2.9408 bpc~1.117 gnorm 0.32 lr 5.53e-04 tok/s 552587 t 2277s\n"}
,{"stream_name":"stdout","time":2450.346483822,"data":"step  19250 loss 2.9507 ema 2.9471 bpc~1.119 gnorm 0.34 lr 5.52e-04 tok/s 552623 t 2283s\n"}
,{"stream_name":"stdout","time":2455.94160942,"data":"step  19300 loss 2.9199 ema 2.9298 bpc~1.113 gnorm 0.31 lr 5.52e-04 tok/s 552708 t 2288s\n"}
,{"stream_name":"stdout","time":2461.383295061,"data":"step  19350 loss 2.9586 ema 2.9481 bpc~1.120 gnorm 0.32 lr 5.52e-04 tok/s 552821 t 2294s\n"}
,{"stream_name":"stdout","time":2466.886803916,"data":"step  19400 loss 2.9673 ema 2.9603 bpc~1.124 gnorm 0.32 lr 5.52e-04 tok/s 552923 t 2299s\n"}
,{"stream_name":"stdout","time":2472.396333531,"data":"step  19450 loss 2.9372 ema 2.9456 bpc~1.119 gnorm 0.32 lr 5.51e-04 tok/s 553023 t 2305s\n"}
,{"stream_name":"stdout","time":2477.844763011,"data":"step  19500 loss 2.9662 ema 2.9587 bpc~1.124 gnorm 0.31 lr 5.51e-04 tok/s 553137 t 2310s\n"}
,{"stream_name":"stdout","time":2483.353805356,"data":"step  19550 loss 2.8884 ema 2.9140 bpc~1.107 gnorm 0.31 lr 5.51e-04 tok/s 553236 t 2316s\n"}
,{"stream_name":"stdout","time":2488.924674256,"data":"step  19600 loss 2.9681 ema 2.9484 bpc~1.120 gnorm 0.32 lr 5.51e-04 tok/s 553324 t 2321s\n"}
,{"stream_name":"stdout","time":2494.426958852,"data":"step  19650 loss 2.9480 ema 2.9482 bpc~1.120 gnorm 0.33 lr 5.50e-04 tok/s 553420 t 2327s\n"}
,{"stream_name":"stdout","time":2499.978420353,"data":"step  19700 loss 2.9891 ema 2.9742 bpc~1.130 gnorm 0.31 lr 5.50e-04 tok/s 553508 t 2333s\n"}
,{"stream_name":"stdout","time":2505.559009922,"data":"step  19750 loss 2.9568 ema 2.9631 bpc~1.126 gnorm 0.32 lr 5.50e-04 tok/s 553588 t 2338s\n"}
,{"stream_name":"stdout","time":2511.057703758,"data":"step  19800 loss 3.0177 ema 2.9978 bpc~1.139 gnorm 0.33 lr 5.49e-04 tok/s 553687 t 2344s\n"}
,{"stream_name":"stdout","time":2516.630120618,"data":"step  19850 loss 2.8005 ema 2.8723 bpc~1.091 gnorm 0.31 lr 5.49e-04 tok/s 553769 t 2349s\n"}
,{"stream_name":"stdout","time":2522.356808714,"data":"step  19900 loss 2.9958 ema 2.9508 bpc~1.121 gnorm 0.33 lr 5.49e-04 tok/s 553817 t 2355s\n"}
,{"stream_name":"stdout","time":2527.952101103,"data":"step  19950 loss 3.0009 ema 2.9827 bpc~1.133 gnorm 0.32 lr 5.49e-04 tok/s 553889 t 2360s\n"}
,{"stream_name":"stdout","time":2533.538006051,"data":"step  20000 loss 2.8935 ema 2.9260 bpc~1.111 gnorm 0.30 lr 5.48e-04 tok/s 553966 t 2366s\n"}
,{"stream_name":"stdout","time":2538.03473486,"data":"EVAL step 20000 valid_loss 2.7523 valid_bpc 1.0455 *guardado\n"}
,{"stream_name":"stdout","time":2543.555502023,"data":"step  20050 loss 2.9274 ema 2.9268 bpc~1.112 gnorm 0.32 lr 5.48e-04 tok/s 553010 t 2376s\n"}
,{"stream_name":"stdout","time":2549.16473934,"data":"step  20100 loss 2.9257 ema 2.9261 bpc~1.112 gnorm 0.33 lr 5.48e-04 tok/s 553083 t 2382s\n"}
,{"stream_name":"stdout","time":2578.872904697,"data":"step  20150 loss 2.8705 ema 2.8908 bpc~1.098 gnorm 0.32 lr 5.48e-04 tok/s 553155 t 2387s\n"}
,{"stream_name":"stdout","time":2578.872970737,"data":"step  20200 loss 2.9610 ema 2.9354 bpc~1.115 gnorm 0.31 lr 5.47e-04 tok/s 553205 t 2393s\n"}
,{"stream_name":"stdout","time":2578.872978957,"data":"step  20250 loss 2.9014 ema 2.9138 bpc~1.107 gnorm 0.31 lr 5.47e-04 tok/s 553256 t 2399s\n"}
,{"stream_name":"stdout","time":2578.872986186,"data":"step  20300 loss 2.9157 ema 2.9150 bpc~1.107 gnorm 0.31 lr 5.47e-04 tok/s 553307 t 2404s\n"}
,{"stream_name":"stdout","time":2578.873005657,"data":"step  20350 loss 2.9456 ema 2.9345 bpc~1.115 gnorm 0.31 lr 5.47e-04 tok/s 553379 t 2410s\n"}
,{"stream_name":"stdout","time":2583.133920988,"data":"step  20400 loss 2.9072 ema 2.9171 bpc~1.108 gnorm 0.31 lr 5.46e-04 tok/s 553445 t 2416s\n"}
,{"stream_name":"stdout","time":2588.823529315,"data":"step  20450 loss 2.9382 ema 2.9305 bpc~1.113 gnorm 0.31 lr 5.46e-04 tok/s 553501 t 2421s\n"}
,{"stream_name":"stdout","time":2594.439928656,"data":"step  20500 loss 2.9669 ema 2.9536 bpc~1.122 gnorm 0.31 lr 5.46e-04 tok/s 553567 t 2427s\n"}
,{"stream_name":"stdout","time":2600.094237445,"data":"step  20550 loss 3.0024 ema 2.9847 bpc~1.134 gnorm 0.29 lr 5.46e-04 tok/s 553627 t 2433s\n"}
,{"stream_name":"stdout","time":2605.762006821,"data":"step  20600 loss 2.9519 ema 2.9638 bpc~1.126 gnorm 0.33 lr 5.45e-04 tok/s 553684 t 2438s\n"}
,{"stream_name":"stdout","time":2611.332130276,"data":"step  20650 loss 2.8883 ema 2.9158 bpc~1.108 gnorm 0.31 lr 5.45e-04 tok/s 553763 t 2444s\n"}
,{"stream_name":"stdout","time":2616.937513807,"data":"step  20700 loss 2.9061 ema 2.9096 bpc~1.105 gnorm 0.30 lr 5.45e-04 tok/s 553833 t 2449s\n"}
,{"stream_name":"stdout","time":2622.464943305,"data":"step  20750 loss 2.9776 ema 2.9528 bpc~1.122 gnorm 0.32 lr 5.44e-04 tok/s 553925 t 2455s\n"}
,{"stream_name":"stdout","time":2628.033027779,"data":"step  20800 loss 2.9419 ema 2.9459 bpc~1.119 gnorm 0.33 lr 5.44e-04 tok/s 554000 t 2461s\n"}
,{"stream_name":"stdout","time":2633.748264354,"data":"step  20850 loss 2.8961 ema 2.9142 bpc~1.107 gnorm 0.35 lr 5.44e-04 tok/s 554044 t 2466s\n"}
,{"stream_name":"stdout","time":2639.377467664,"data":"step  20900 loss 2.9589 ema 2.9426 bpc~1.118 gnorm 0.32 lr 5.44e-04 tok/s 554108 t 2472s\n"}
,{"stream_name":"stdout","time":2645.07048673,"data":"step  20950 loss 2.9548 ema 2.9504 bpc~1.121 gnorm 0.33 lr 5.43e-04 tok/s 554158 t 2478s\n"}
,{"stream_name":"stdout","time":2650.615007876,"data":"step  21000 loss 2.9168 ema 2.9290 bpc~1.113 gnorm 0.31 lr 5.43e-04 tok/s 554240 t 2483s\n"}
,{"stream_name":"stdout","time":2656.399014957,"data":"step  21050 loss 2.9189 ema 2.9226 bpc~1.110 gnorm 0.31 lr 5.43e-04 tok/s 554272 t 2489s\n"}
,{"stream_name":"stdout","time":2662.054232295,"data":"step  21100 loss 2.8894 ema 2.9015 bpc~1.102 gnorm 0.31 lr 5.43e-04 tok/s 554325 t 2495s\n"}
,{"stream_name":"stdout","time":2667.477876569,"data":"step  21150 loss 2.9685 ema 2.9441 bpc~1.118 gnorm 0.31 lr 5.42e-04 tok/s 554434 t 2500s\n"}
,{"stream_name":"stdout","time":2672.968370276,"data":"step  21200 loss 2.9168 ema 2.9267 bpc~1.112 gnorm 0.31 lr 5.42e-04 tok/s 554526 t 2505s\n"}
,{"stream_name":"stdout","time":2678.373379581,"data":"step  21250 loss 3.0022 ema 2.9747 bpc~1.130 gnorm 0.31 lr 5.42e-04 tok/s 554638 t 2511s\n"}
,{"stream_name":"stdout","time":2683.778373506,"data":"step  21300 loss 2.9252 ema 2.9432 bpc~1.118 gnorm 0.32 lr 5.41e-04 tok/s 554749 t 2516s\n"}
,{"stream_name":"stdout","time":2689.319439602,"data":"step  21350 loss 2.9397 ema 2.9410 bpc~1.117 gnorm 0.31 lr 5.41e-04 tok/s 554833 t 2522s\n"}
,{"stream_name":"stdout","time":2694.66242174,"data":"step  21400 loss 2.9787 ema 2.9650 bpc~1.126 gnorm 0.33 lr 5.41e-04 tok/s 554953 t 2527s\n"}
,{"stream_name":"stdout","time":2700.140060109,"data":"step  21450 loss 2.8911 ema 2.9180 bpc~1.108 gnorm 0.32 lr 5.41e-04 tok/s 555046 t 2533s\n"}
,{"stream_name":"stdout","time":2705.737770402,"data":"step  21500 loss 2.8763 ema 2.8915 bpc~1.098 gnorm 0.31 lr 5.40e-04 tok/s 555113 t 2538s\n"}
,{"stream_name":"stdout","time":2711.477709265,"data":"step  21550 loss 2.8607 ema 2.8719 bpc~1.091 gnorm 0.33 lr 5.40e-04 tok/s 555149 t 2544s\n"}
,{"stream_name":"stdout","time":2717.229087008,"data":"step  21600 loss 3.0051 ema 2.9566 bpc~1.123 gnorm 0.32 lr 5.40e-04 tok/s 555182 t 2550s\n"}
,{"stream_name":"stdout","time":2722.926671264,"data":"step  21650 loss 2.9194 ema 2.9330 bpc~1.114 gnorm 0.33 lr 5.39e-04 tok/s 555230 t 2555s\n"}
,{"stream_name":"stdout","time":2728.515102847,"data":"step  21700 loss 2.9640 ema 2.9527 bpc~1.122 gnorm 0.32 lr 5.39e-04 tok/s 555294 t 2561s\n"}
,{"stream_name":"stdout","time":2734.188675924,"data":"step  21750 loss 2.9604 ema 2.9576 bpc~1.123 gnorm 0.31 lr 5.39e-04 tok/s 555343 t 2567s\n"}
,{"stream_name":"stdout","time":2739.879932541,"data":"step  21800 loss 2.9351 ema 2.9433 bpc~1.118 gnorm 0.33 lr 5.39e-04 tok/s 555389 t 2572s\n"}
,{"stream_name":"stdout","time":2745.559432778,"data":"step  21850 loss 2.9336 ema 2.9371 bpc~1.116 gnorm 0.33 lr 5.38e-04 tok/s 555436 t 2578s\n"}
,{"stream_name":"stdout","time":2751.32677174,"data":"step  21900 loss 3.0050 ema 2.9803 bpc~1.132 gnorm 0.32 lr 5.38e-04 tok/s 555464 t 2584s\n"}
,{"stream_name":"stdout","time":2757.045296194,"data":"step  21950 loss 2.9073 ema 2.9339 bpc~1.114 gnorm 0.32 lr 5.38e-04 tok/s 555507 t 2590s\n"}
,{"stream_name":"stdout","time":2762.731778681,"data":"step  22000 loss 2.8864 ema 2.9037 bpc~1.103 gnorm 0.31 lr 5.37e-04 tok/s 555549 t 2595s\n"}
,{"stream_name":"stdout","time":2767.461967167,"data":"EVAL step 22000 valid_loss 2.7409 valid_bpc 1.0412 *guardado\n"}
,{"stream_name":"stdout","time":2773.024404842,"data":"step  22050 loss 2.9783 ema 2.9511 bpc~1.121 gnorm 0.33 lr 5.37e-04 tok/s 554612 t 2606s\n"}
,{"stream_name":"stdout","time":2778.698477229,"data":"step  22100 loss 2.9467 ema 2.9483 bpc~1.120 gnorm 0.31 lr 5.37e-04 tok/s 554661 t 2611s\n"}
,{"stream_name":"stdout","time":2784.378089536,"data":"step  22150 loss 2.9142 ema 2.9266 bpc~1.112 gnorm 0.31 lr 5.37e-04 tok/s 554710 t 2617s\n"}
,{"stream_name":"stdout","time":2789.937163521,"data":"step  22200 loss 2.9687 ema 2.9534 bpc~1.122 gnorm 0.33 lr 5.36e-04 tok/s 554787 t 2622s\n"}
,{"stream_name":"stdout","time":2795.553914471,"data":"step  22250 loss 2.8771 ema 2.9049 bpc~1.103 gnorm 0.31 lr 5.36e-04 tok/s 554845 t 2628s\n"}
,{"stream_name":"stdout","time":2801.146134885,"data":"step  22300 loss 2.8806 ema 2.8895 bpc~1.098 gnorm 0.32 lr 5.36e-04 tok/s 554911 t 2634s\n"}
,{"stream_name":"stdout","time":2806.763418916,"data":"step  22350 loss 2.9160 ema 2.9064 bpc~1.104 gnorm 0.31 lr 5.35e-04 tok/s 554971 t 2639s\n"}
,{"stream_name":"stdout","time":2812.48609784,"data":"step  22400 loss 2.8511 ema 2.8713 bpc~1.091 gnorm 0.33 lr 5.35e-04 tok/s 555009 t 2645s\n"}
,{"stream_name":"stdout","time":2818.231449127,"data":"step  22450 loss 2.9741 ema 2.9366 bpc~1.116 gnorm 0.35 lr 5.35e-04 tok/s 555042 t 2651s\n"}
,{"stream_name":"stdout","time":2823.908812631,"data":"step  22500 loss 2.9329 ema 2.9342 bpc~1.115 gnorm 0.34 lr 5.35e-04 tok/s 555094 t 2656s\n"}
,{"stream_name":"stdout","time":2829.564760678,"data":"step  22550 loss 2.8342 ema 2.8706 bpc~1.090 gnorm 0.30 lr 5.34e-04 tok/s 555141 t 2662s\n"}
,{"stream_name":"stdout","time":2835.189401596,"data":"step  22600 loss 2.9614 ema 2.9284 bpc~1.112 gnorm 0.31 lr 5.34e-04 tok/s 555199 t 2668s\n"}
,{"stream_name":"stdout","time":2840.819277887,"data":"step  22650 loss 2.8805 ema 2.8979 bpc~1.101 gnorm 0.32 lr 5.34e-04 tok/s 555256 t 2673s\n"}
,{"stream_name":"stdout","time":2846.604845534,"data":"step  22700 loss 2.8894 ema 2.8925 bpc~1.099 gnorm 0.32 lr 5.33e-04 tok/s 555280 t 2679s\n"}
,{"stream_name":"stdout","time":2852.293433578,"data":"step  22750 loss 2.9500 ema 2.9291 bpc~1.113 gnorm 0.33 lr 5.33e-04 tok/s 555324 t 2685s\n"}
,{"stream_name":"stdout","time":2857.905861237,"data":"step  22800 loss 2.8799 ema 2.8978 bpc~1.101 gnorm 0.33 lr 5.33e-04 tok/s 555387 t 2690s\n"}
,{"stream_name":"stdout","time":2863.60058991,"data":"step  22850 loss 2.9279 ema 2.9169 bpc~1.108 gnorm 0.32 lr 5.33e-04 tok/s 555426 t 2696s\n"}
,{"stream_name":"stdout","time":2869.332823301,"data":"step  22900 loss 2.9261 ema 2.9228 bpc~1.110 gnorm 0.33 lr 5.32e-04 tok/s 555460 t 2702s\n"}
,{"stream_name":"stdout","time":2875.071713751,"data":"step  22950 loss 2.8931 ema 2.9039 bpc~1.103 gnorm 0.32 lr 5.32e-04 tok/s 555493 t 2708s\n"}
,{"stream_name":"stdout","time":2880.717816977,"data":"step  23000 loss 2.9131 ema 2.9097 bpc~1.105 gnorm 0.32 lr 5.32e-04 tok/s 555545 t 2713s\n"}
,{"stream_name":"stdout","time":2886.329457667,"data":"step  23050 loss 2.9625 ema 2.9433 bpc~1.118 gnorm 0.34 lr 5.31e-04 tok/s 555603 t 2719s\n"}
,{"stream_name":"stdout","time":2892.02898781,"data":"step  23100 loss 2.8792 ema 2.9025 bpc~1.103 gnorm 0.32 lr 5.31e-04 tok/s 555647 t 2725s\n"}
,{"stream_name":"stdout","time":2897.63925239,"data":"step  23150 loss 2.8957 ema 2.8982 bpc~1.101 gnorm 0.31 lr 5.31e-04 tok/s 555702 t 2730s\n"}
,{"stream_name":"stdout","time":2903.23884516,"data":"step  23200 loss 3.0132 ema 2.9713 bpc~1.129 gnorm 0.31 lr 5.30e-04 tok/s 555762 t 2736s\n"}
,{"stream_name":"stdout","time":2908.865070826,"data":"step  23250 loss 2.9650 ema 2.9673 bpc~1.127 gnorm 0.31 lr 5.30e-04 tok/s 555817 t 2741s\n"}
,{"stream_name":"stdout","time":2914.480407158,"data":"step  23300 loss 2.8823 ema 2.9132 bpc~1.107 gnorm 0.33 lr 5.30e-04 tok/s 555874 t 2747s\n"}
,{"stream_name":"stdout","time":2920.060282169,"data":"step  23350 loss 2.8773 ema 2.8904 bpc~1.098 gnorm 0.31 lr 5.30e-04 tok/s 555937 t 2753s\n"}
,{"stream_name":"stdout","time":2925.638404771,"data":"step  23400 loss 2.9247 ema 2.9122 bpc~1.106 gnorm 0.32 lr 5.29e-04 tok/s 556005 t 2758s\n"}
,{"stream_name":"stdout","time":2931.26318185,"data":"step  23450 loss 2.8782 ema 2.8906 bpc~1.098 gnorm 0.33 lr 5.29e-04 tok/s 556055 t 2764s\n"}
,{"stream_name":"stdout","time":2936.886412028,"data":"step  23500 loss 2.7807 ema 2.8207 bpc~1.071 gnorm 0.31 lr 5.29e-04 tok/s 556109 t 2769s\n"}
,{"stream_name":"stdout","time":2942.438487943,"data":"step  23550 loss 2.9380 ema 2.8953 bpc~1.100 gnorm 0.32 lr 5.28e-04 tok/s 556177 t 2775s\n"}
,{"stream_name":"stdout","time":2947.952607239,"data":"step  23600 loss 2.9389 ema 2.9230 bpc~1.110 gnorm 0.33 lr 5.28e-04 tok/s 556253 t 2780s\n"}
,{"stream_name":"stdout","time":2953.358698854,"data":"step  23650 loss 2.9190 ema 2.9204 bpc~1.109 gnorm 0.33 lr 5.28e-04 tok/s 556350 t 2786s\n"}
,{"stream_name":"stdout","time":2958.88947867,"data":"step  23700 loss 3.0312 ema 2.9908 bpc~1.136 gnorm 0.33 lr 5.27e-04 tok/s 556425 t 2791s\n"}
,{"stream_name":"stdout","time":2964.326044572,"data":"step  23750 loss 2.9213 ema 2.9466 bpc~1.119 gnorm 0.32 lr 5.27e-04 tok/s 556511 t 2797s\n"}
,{"stream_name":"stdout","time":2969.836986689,"data":"step  23800 loss 2.8757 ema 2.9015 bpc~1.102 gnorm 0.34 lr 5.27e-04 tok/s 556586 t 2802s\n"}
,{"stream_name":"stdout","time":2975.240697454,"data":"step  23850 loss 2.8701 ema 2.8815 bpc~1.095 gnorm 0.32 lr 5.27e-04 tok/s 556682 t 2808s\n"}
,{"stream_name":"stdout","time":2980.63510049,"data":"step  23900 loss 2.9888 ema 2.9497 bpc~1.120 gnorm 0.34 lr 5.26e-04 tok/s 556779 t 2813s\n"}
,{"stream_name":"stdout","time":2986.284805437,"data":"step  23950 loss 2.9002 ema 2.9182 bpc~1.109 gnorm 0.33 lr 5.26e-04 tok/s 556826 t 2819s\n"}
,{"stream_name":"stdout","time":2991.969418051,"data":"step  24000 loss 2.8757 ema 2.8912 bpc~1.098 gnorm 0.32 lr 5.26e-04 tok/s 556869 t 2824s\n"}
,{"stream_name":"stdout","time":2996.484805292,"data":"EVAL step 24000 valid_loss 2.7288 valid_bpc 1.0366 *guardado\n"}
,{"stream_name":"stdout","time":3002.205140213,"data":"step  24050 loss 2.9404 ema 2.9225 bpc~1.110 gnorm 0.32 lr 5.25e-04 tok/s 556011 t 2835s\n"}
,{"stream_name":"stdout","time":3007.910663946,"data":"step  24100 loss 2.9008 ema 2.9087 bpc~1.105 gnorm 0.35 lr 5.25e-04 tok/s 556047 t 2840s\n"}
,{"stream_name":"stdout","time":3013.621075638,"data":"step  24150 loss 2.9201 ema 2.9159 bpc~1.108 gnorm 0.32 lr 5.25e-04 tok/s 556083 t 2846s\n"}
,{"stream_name":"stdout","time":3019.33932086,"data":"step  24200 loss 2.8693 ema 2.8863 bpc~1.096 gnorm 0.33 lr 5.24e-04 tok/s 556117 t 2852s\n"}
,{"stream_name":"stdout","time":3024.965221308,"data":"step  24250 loss 2.9028 ema 2.8968 bpc~1.100 gnorm 0.33 lr 5.24e-04 tok/s 556173 t 2857s\n"}
,{"stream_name":"stdout","time":3030.681644559,"data":"step  24300 loss 2.9262 ema 2.9155 bpc~1.107 gnorm 0.33 lr 5.24e-04 tok/s 556203 t 2863s\n"}
,{"stream_name":"stdout","time":3036.493210244,"data":"step  24350 loss 2.9204 ema 2.9186 bpc~1.109 gnorm 0.32 lr 5.23e-04 tok/s 556218 t 2869s\n"}
,{"stream_name":"stdout","time":3042.030050149,"data":"step  24400 loss 2.8582 ema 2.8802 bpc~1.094 gnorm 0.32 lr 5.23e-04 tok/s 556287 t 2875s\n"}
,{"stream_name":"stdout","time":3047.75012576,"data":"step  24450 loss 2.8618 ema 2.8685 bpc~1.090 gnorm 0.31 lr 5.23e-04 tok/s 556320 t 2880s\n"}
,{"stream_name":"stdout","time":3053.447644083,"data":"step  24500 loss 2.7971 ema 2.8231 bpc~1.072 gnorm 0.34 lr 5.22e-04 tok/s 556357 t 2886s\n"}
,{"stream_name":"stdout","time":3059.157599356,"data":"step  24550 loss 2.9037 ema 2.8744 bpc~1.092 gnorm 0.32 lr 5.22e-04 tok/s 556396 t 2892s\n"}
,{"stream_name":"stdout","time":3064.779145724,"data":"step  24600 loss 2.8983 ema 2.8896 bpc~1.098 gnorm 0.31 lr 5.22e-04 tok/s 556443 t 2897s\n"}
,{"stream_name":"stdout","time":3070.528076904,"data":"step  24650 loss 2.9667 ema 2.9386 bpc~1.116 gnorm 0.34 lr 5.22e-04 tok/s 556470 t 2903s\n"}
,{"stream_name":"stdout","time":3076.151776072,"data":"step  24700 loss 2.9391 ema 2.9389 bpc~1.116 gnorm 0.31 lr 5.21e-04 tok/s 556521 t 2909s\n"}
,{"stream_name":"stdout","time":3081.829771636,"data":"step  24750 loss 2.9313 ema 2.9341 bpc~1.115 gnorm 0.31 lr 5.21e-04 tok/s 556561 t 2914s\n"}
,{"stream_name":"stdout","time":3087.601542984,"data":"step  24800 loss 2.8966 ema 2.9102 bpc~1.105 gnorm 0.32 lr 5.21e-04 tok/s 556583 t 2920s\n"}
,{"stream_name":"stdout","time":3093.348487563,"data":"step  24850 loss 2.8738 ema 2.8871 bpc~1.097 gnorm 0.33 lr 5.20e-04 tok/s 556613 t 2926s\n"}
,{"stream_name":"stdout","time":3099.064736182,"data":"step  24900 loss 2.9311 ema 2.9151 bpc~1.107 gnorm 0.30 lr 5.20e-04 tok/s 556642 t 2932s\n"}
,{"stream_name":"stdout","time":3104.727282009,"data":"step  24950 loss 2.8837 ema 2.8951 bpc~1.100 gnorm 0.31 lr 5.20e-04 tok/s 556684 t 2937s\n"}
,{"stream_name":"stdout","time":3110.256241146,"data":"step  25000 loss 2.8897 ema 2.8917 bpc~1.098 gnorm 0.32 lr 5.19e-04 tok/s 556752 t 2943s\n"}
,{"stream_name":"stdout","time":3115.79967739,"data":"step  25050 loss 2.9252 ema 2.9130 bpc~1.107 gnorm 0.33 lr 5.19e-04 tok/s 556817 t 2948s\n"}
,{"stream_name":"stdout","time":3121.319487057,"data":"step  25100 loss 2.9353 ema 2.9272 bpc~1.112 gnorm 0.32 lr 5.19e-04 tok/s 556885 t 2954s\n"}
,{"stream_name":"stdout","time":3126.955876056,"data":"step  25150 loss 2.8953 ema 2.9069 bpc~1.104 gnorm 0.32 lr 5.18e-04 tok/s 556936 t 2959s\n"}
,{"stream_name":"stdout","time":3132.478074152,"data":"step  25200 loss 2.9616 ema 2.9417 bpc~1.117 gnorm 0.32 lr 5.18e-04 tok/s 557000 t 2965s\n"}
,{"stream_name":"stdout","time":3138.037901806,"data":"step  25250 loss 2.8628 ema 2.8915 bpc~1.098 gnorm 0.32 lr 5.18e-04 tok/s 557061 t 2971s\n"}
,{"stream_name":"stdout","time":3143.59437624,"data":"step  25300 loss 2.8242 ema 2.8487 bpc~1.082 gnorm 0.34 lr 5.17e-04 tok/s 557121 t 2976s\n"}
,{"stream_name":"stdout","time":3149.179773843,"data":"step  25350 loss 2.8944 ema 2.8777 bpc~1.093 gnorm 0.31 lr 5.17e-04 tok/s 557177 t 2982s\n"}
,{"stream_name":"stdout","time":3154.67292028,"data":"step  25400 loss 2.9394 ema 2.9169 bpc~1.108 gnorm 0.32 lr 5.17e-04 tok/s 557249 t 2987s\n"}
,{"stream_name":"stdout","time":3160.233347655,"data":"step  25450 loss 2.9454 ema 2.9350 bpc~1.115 gnorm 0.35 lr 5.16e-04 tok/s 557313 t 2993s\n"}
,{"stream_name":"stdout","time":3165.679597565,"data":"step  25500 loss 2.8802 ema 2.9002 bpc~1.102 gnorm 0.32 lr 5.16e-04 tok/s 557389 t 2998s\n"}
,{"stream_name":"stdout","time":3171.216601321,"data":"step  25550 loss 2.9156 ema 2.9100 bpc~1.105 gnorm 0.33 lr 5.16e-04 tok/s 557453 t 3004s\n"}
,{"stream_name":"stdout","time":3176.884775139,"data":"step  25600 loss 2.8329 ema 2.8610 bpc~1.087 gnorm 0.34 lr 5.15e-04 tok/s 557492 t 3009s\n"}
,{"stream_name":"stdout","time":3182.381284026,"data":"step  25650 loss 2.9357 ema 2.9085 bpc~1.105 gnorm 0.32 lr 5.15e-04 tok/s 557562 t 3015s\n"}
,{"stream_name":"stdout","time":3187.883997303,"data":"step  25700 loss 2.8279 ema 2.8572 bpc~1.085 gnorm 0.33 lr 5.15e-04 tok/s 557631 t 3020s\n"}
,{"stream_name":"stdout","time":3193.38920614,"data":"step  25750 loss 2.8753 ema 2.8687 bpc~1.090 gnorm 0.33 lr 5.15e-04 tok/s 557703 t 3026s\n"}
,{"stream_name":"stdout","time":3199.003088901,"data":"step  25800 loss 2.8581 ema 2.8620 bpc~1.087 gnorm 0.32 lr 5.14e-04 tok/s 557748 t 3032s\n"}
,{"stream_name":"stdout","time":3204.456606962,"data":"step  25850 loss 2.8708 ema 2.8676 bpc~1.089 gnorm 0.32 lr 5.14e-04 tok/s 557825 t 3037s\n"}
,{"stream_name":"stdout","time":3209.93406567,"data":"step  25900 loss 2.8357 ema 2.8473 bpc~1.082 gnorm 0.33 lr 5.14e-04 tok/s 557898 t 3042s\n"}
,{"stream_name":"stdout","time":3215.435101278,"data":"step  25950 loss 3.0220 ema 2.9584 bpc~1.124 gnorm 0.34 lr 5.13e-04 tok/s 557966 t 3048s\n"}
,{"stream_name":"stdout","time":3220.798278493,"data":"step  26000 loss 2.8754 ema 2.9056 bpc~1.104 gnorm 0.32 lr 5.13e-04 tok/s 558059 t 3053s\n"}
,{"stream_name":"stdout","time":3225.195043975,"data":"EVAL step 26000 valid_loss 2.7124 valid_bpc 1.0303 *guardado\n"}
,{"stream_name":"stdout","time":3230.539550542,"data":"step  26050 loss 2.9174 ema 2.9131 bpc~1.107 gnorm 0.33 lr 5.13e-04 tok/s 557354 t 3063s\n"}
,{"stream_name":"stdout","time":3236.128441164,"data":"step  26100 loss 2.9138 ema 2.9136 bpc~1.107 gnorm 0.32 lr 5.12e-04 tok/s 557407 t 3069s\n"}
,{"stream_name":"stdout","time":3241.598280813,"data":"step  26150 loss 2.9194 ema 2.9173 bpc~1.108 gnorm 0.31 lr 5.12e-04 tok/s 557481 t 3074s\n"}
,{"stream_name":"stdout","time":3247.098300351,"data":"step  26200 loss 2.8588 ema 2.8801 bpc~1.094 gnorm 0.33 lr 5.12e-04 tok/s 557550 t 3080s\n"}
,{"stream_name":"stdout","time":3252.7354836,"data":"step  26250 loss 2.9306 ema 2.9122 bpc~1.106 gnorm 0.31 lr 5.11e-04 tok/s 557593 t 3085s\n"}
,{"stream_name":"stdout","time":3258.378598688,"data":"step  26300 loss 2.9179 ema 2.9158 bpc~1.108 gnorm 0.32 lr 5.11e-04 tok/s 557639 t 3091s\n"}
,{"stream_name":"stdout","time":3263.875229097,"data":"step  26350 loss 2.9642 ema 2.9466 bpc~1.119 gnorm 0.33 lr 5.11e-04 tok/s 557703 t 3096s\n"}
,{"stream_name":"stdout","time":3269.367499365,"data":"step  26400 loss 2.9539 ema 2.9513 bpc~1.121 gnorm 0.33 lr 5.10e-04 tok/s 557772 t 3102s\n"}
,{"stream_name":"stdout","time":3274.855864793,"data":"step  26450 loss 2.9387 ema 2.9432 bpc~1.118 gnorm 0.34 lr 5.10e-04 tok/s 557842 t 3107s\n"}
,{"stream_name":"stdout","time":3280.508837391,"data":"step  26500 loss 2.9057 ema 2.9194 bpc~1.109 gnorm 0.31 lr 5.10e-04 tok/s 557881 t 3113s\n"}
,{"stream_name":"stdout","time":3286.232699236,"data":"step  26550 loss 2.9266 ema 2.9240 bpc~1.111 gnorm 0.32 lr 5.09e-04 tok/s 557908 t 3119s\n"}
,{"stream_name":"stdout","time":3291.995435268,"data":"step  26600 loss 2.9228 ema 2.9232 bpc~1.110 gnorm 0.33 lr 5.09e-04 tok/s 557932 t 3125s\n"}
,{"stream_name":"stdout","time":3297.576299539,"data":"step  26650 loss 2.8621 ema 2.8843 bpc~1.096 gnorm 0.32 lr 5.09e-04 tok/s 557980 t 3130s\n"}
,{"stream_name":"stdout","time":3303.308582074,"data":"step  26700 loss 2.8157 ema 2.8407 bpc~1.079 gnorm 0.31 lr 5.08e-04 tok/s 558005 t 3136s\n"}
,{"stream_name":"stdout","time":3308.989348401,"data":"step  26750 loss 2.9306 ema 2.8978 bpc~1.101 gnorm 0.32 lr 5.08e-04 tok/s 558039 t 3142s\n"}
,{"stream_name":"stdout","time":3314.691147857,"data":"step  26800 loss 2.9526 ema 2.9327 bpc~1.114 gnorm 0.34 lr 5.08e-04 tok/s 558069 t 3147s\n"}
,{"stream_name":"stdout","time":3320.44637096,"data":"step  26850 loss 2.9283 ema 2.9299 bpc~1.113 gnorm 0.33 lr 5.07e-04 tok/s 558090 t 3153s\n"}
,{"stream_name":"stdout","time":3326.128482206,"data":"step  26900 loss 2.8668 ema 2.8898 bpc~1.098 gnorm 0.32 lr 5.07e-04 tok/s 558127 t 3159s\n"}
,{"stream_name":"stdout","time":3331.730647837,"data":"step  26950 loss 2.9209 ema 2.9096 bpc~1.105 gnorm 0.33 lr 5.07e-04 tok/s 558170 t 3164s\n"}
,{"stream_name":"stdout","time":3337.382174136,"data":"step  27000 loss 2.9284 ema 2.9216 bpc~1.110 gnorm 0.31 lr 5.06e-04 tok/s 558209 t 3170s\n"}
,{"stream_name":"stdout","time":3343.077926782,"data":"step  27050 loss 2.8940 ema 2.9040 bpc~1.103 gnorm 0.32 lr 5.06e-04 tok/s 558240 t 3176s\n"}
,{"stream_name":"stdout","time":3348.72979029,"data":"step  27100 loss 2.8677 ema 2.8809 bpc~1.094 gnorm 0.31 lr 5.06e-04 tok/s 558278 t 3181s\n"}
,{"stream_name":"stdout","time":3354.314791673,"data":"step  27150 loss 2.8493 ema 2.8608 bpc~1.087 gnorm 0.32 lr 5.05e-04 tok/s 558328 t 3187s\n"}
,{"stream_name":"stdout","time":3359.978090704,"data":"step  27200 loss 2.9297 ema 2.9046 bpc~1.103 gnorm 0.33 lr 5.05e-04 tok/s 558368 t 3192s\n"}
,{"stream_name":"stdout","time":3365.566493349,"data":"step  27250 loss 2.8116 ema 2.8455 bpc~1.081 gnorm 0.31 lr 5.05e-04 tok/s 558413 t 3198s\n"}
,{"stream_name":"stdout","time":3371.001117965,"data":"step  27300 loss 2.8954 ema 2.8772 bpc~1.093 gnorm 0.32 lr 5.04e-04 tok/s 558488 t 3204s\n"}
,{"stream_name":"stdout","time":3376.517387486,"data":"step  27350 loss 2.9070 ema 2.8962 bpc~1.100 gnorm 0.32 lr 5.04e-04 tok/s 558549 t 3209s\n"}
,{"stream_name":"stdout","time":3382.047744576,"data":"step  27400 loss 2.9410 ema 2.9247 bpc~1.111 gnorm 0.32 lr 5.03e-04 tok/s 558608 t 3215s\n"}
,{"stream_name":"stdout","time":3387.616422162,"data":"step  27450 loss 2.8617 ema 2.8846 bpc~1.096 gnorm 0.32 lr 5.03e-04 tok/s 558659 t 3220s\n"}
,{"stream_name":"stdout","time":3393.236416815,"data":"step  27500 loss 2.9671 ema 2.9371 bpc~1.116 gnorm 0.32 lr 5.03e-04 tok/s 558706 t 3226s\n"}
,{"stream_name":"stdout","time":3398.696522789,"data":"step  27550 loss 2.9508 ema 2.9458 bpc~1.119 gnorm 0.32 lr 5.02e-04 tok/s 558772 t 3231s\n"}
,{"stream_name":"stdout","time":3404.126612857,"data":"step  27600 loss 2.8192 ema 2.8653 bpc~1.088 gnorm 0.33 lr 5.02e-04 tok/s 558847 t 3237s\n"}
,{"stream_name":"stdout","time":3409.689824024,"data":"step  27650 loss 2.9022 ema 2.8887 bpc~1.097 gnorm 0.35 lr 5.02e-04 tok/s 558899 t 3242s\n"}
,{"stream_name":"stdout","time":3415.183288886,"data":"step  27700 loss 2.8774 ema 2.8815 bpc~1.095 gnorm 0.31 lr 5.01e-04 tok/s 558962 t 3248s\n"}
,{"stream_name":"stdout","time":3420.686488178,"data":"step  27750 loss 2.8635 ema 2.8701 bpc~1.090 gnorm 0.31 lr 5.01e-04 tok/s 559024 t 3253s\n"}
,{"stream_name":"stdout","time":3426.124039144,"data":"step  27800 loss 2.8053 ema 2.8289 bpc~1.075 gnorm 0.32 lr 5.01e-04 tok/s 559101 t 3259s\n"}
,{"stream_name":"stdout","time":3431.549970792,"data":"step  27850 loss 2.8674 ema 2.8533 bpc~1.084 gnorm 0.33 lr 5.00e-04 tok/s 559171 t 3264s\n"}
,{"stream_name":"stdout","time":3437.054547093,"data":"step  27900 loss 2.8687 ema 2.8631 bpc~1.088 gnorm 0.32 lr 5.00e-04 tok/s 559232 t 3270s\n"}
,{"stream_name":"stdout","time":3442.670086156,"data":"step  27950 loss 2.9609 ema 2.9253 bpc~1.111 gnorm 0.33 lr 5.00e-04 tok/s 559274 t 3275s\n"}
,{"stream_name":"stdout","time":3448.302299478,"data":"step  28000 loss 2.8548 ema 2.8805 bpc~1.094 gnorm 0.32 lr 4.99e-04 tok/s 559312 t 3281s\n"}
,{"stream_name":"stdout","time":3452.359043949,"data":"EVAL step 28000 valid_loss 2.7061 valid_bpc 1.0279 *guardado\n"}
,{"stream_name":"stdout","time":3457.86819473,"data":"step  28050 loss 2.8412 ema 2.8555 bpc~1.085 gnorm 0.33 lr 4.99e-04 tok/s 558686 t 3290s\n"}
,{"stream_name":"stdout","time":3463.380951791,"data":"step  28100 loss 2.8799 ema 2.8710 bpc~1.091 gnorm 0.33 lr 4.99e-04 tok/s 558742 t 3296s\n"}
,{"stream_name":"stdout","time":3468.807755239,"data":"step  28150 loss 2.8882 ema 2.8819 bpc~1.095 gnorm 0.32 lr 4.98e-04 tok/s 558816 t 3301s\n"}
,{"stream_name":"stdout","time":3474.17743294,"data":"step  28200 loss 2.9494 ema 2.9248 bpc~1.111 gnorm 0.34 lr 4.98e-04 tok/s 558900 t 3307s\n"}
,{"stream_name":"stdout","time":3479.751267507,"data":"step  28250 loss 2.9937 ema 2.9686 bpc~1.128 gnorm 0.32 lr 4.98e-04 tok/s 558948 t 3312s\n"}
,{"stream_name":"stdout","time":3485.340777851,"data":"step  28300 loss 2.8839 ema 2.9147 bpc~1.107 gnorm 0.33 lr 4.97e-04 tok/s 558994 t 3318s\n"}
,{"stream_name":"stdout","time":3490.998337111,"data":"step  28350 loss 2.8485 ema 2.8726 bpc~1.091 gnorm 0.33 lr 4.97e-04 tok/s 559032 t 3324s\n"}
,{"stream_name":"stdout","time":3496.531162151,"data":"step  28400 loss 2.8678 ema 2.8695 bpc~1.090 gnorm 0.34 lr 4.97e-04 tok/s 559084 t 3329s\n"}
,{"stream_name":"stdout","time":3501.999093645,"data":"step  28450 loss 2.8871 ema 2.8807 bpc~1.094 gnorm 0.34 lr 4.96e-04 tok/s 559150 t 3335s\n"}
,{"stream_name":"stdout","time":3507.468181039,"data":"step  28500 loss 2.9199 ema 2.9056 bpc~1.104 gnorm 0.32 lr 4.96e-04 tok/s 559215 t 3340s\n"}
,{"stream_name":"stdout","time":3513.013887997,"data":"step  28550 loss 2.9387 ema 2.9267 bpc~1.112 gnorm 0.32 lr 4.95e-04 tok/s 559268 t 3346s\n"}
,{"stream_name":"stdout","time":3518.725086453,"data":"step  28600 loss 2.9612 ema 2.9486 bpc~1.120 gnorm 0.35 lr 4.95e-04 tok/s 559292 t 3351s\n"}
,{"stream_name":"stdout","time":3532.377054305,"data":"step  28650 loss 2.8723 ema 2.9001 bpc~1.102 gnorm 0.33 lr 4.95e-04 tok/s 559342 t 3357s\n"}
,{"stream_name":"stderr","time":3532.377063245,"data":"Autosave too slow: 8.09 sec, over 25% limit. Backing off to 60 sec\n"}
,{"stream_name":"stdout","time":3532.377760125,"data":"step  28700 loss 2.8551 ema 2.8715 bpc~1.091 gnorm 0.33 lr 4.94e-04 tok/s 559386 t 3362s\n"}
,{"stream_name":"stdout","time":3535.385072076,"data":"step  28750 loss 2.9266 ema 2.9066 bpc~1.104 gnorm 0.34 lr 4.94e-04 tok/s 559445 t 3368s\n"}
,{"stream_name":"stdout","time":3540.800088865,"data":"step  28800 loss 2.8798 ema 2.8896 bpc~1.098 gnorm 0.33 lr 4.94e-04 tok/s 559518 t 3373s\n"}
,{"stream_name":"stdout","time":3546.295713556,"data":"step  28850 loss 2.9652 ema 2.9377 bpc~1.116 gnorm 0.34 lr 4.93e-04 tok/s 559578 t 3379s\n"}
,{"stream_name":"stdout","time":3551.799892748,"data":"step  28900 loss 2.8939 ema 2.9099 bpc~1.105 gnorm 0.34 lr 4.93e-04 tok/s 559636 t 3384s\n"}
,{"stream_name":"stdout","time":3557.344232856,"data":"step  28950 loss 2.8485 ema 2.8708 bpc~1.091 gnorm 0.32 lr 4.93e-04 tok/s 559687 t 3390s\n"}
,{"stream_name":"stdout","time":3562.874483986,"data":"step  29000 loss 2.9049 ema 2.8925 bpc~1.099 gnorm 0.32 lr 4.92e-04 tok/s 559741 t 3395s\n"}
,{"stream_name":"stdout","time":3568.512322047,"data":"step  29050 loss 2.8975 ema 2.8957 bpc~1.100 gnorm 0.34 lr 4.92e-04 tok/s 559776 t 3401s\n"}
,{"stream_name":"stdout","time":3574.25629181,"data":"step  29100 loss 2.8680 ema 2.8781 bpc~1.093 gnorm 0.34 lr 4.92e-04 tok/s 559794 t 3407s\n"}
,{"stream_name":"stdout","time":3579.804441269,"data":"step  29150 loss 2.9064 ema 2.8961 bpc~1.100 gnorm 0.32 lr 4.91e-04 tok/s 559844 t 3412s\n"}
,{"stream_name":"stdout","time":3585.418941282,"data":"step  29200 loss 2.8504 ema 2.8670 bpc~1.089 gnorm 0.33 lr 4.91e-04 tok/s 559884 t 3418s\n"}
,{"stream_name":"stdout","time":3590.934783472,"data":"step  29250 loss 2.8717 ema 2.8700 bpc~1.090 gnorm 0.31 lr 4.91e-04 tok/s 559939 t 3423s\n"}
,{"stream_name":"stdout","time":3596.430153835,"data":"step  29300 loss 2.8772 ema 2.8746 bpc~1.092 gnorm 0.32 lr 4.90e-04 tok/s 560001 t 3429s\n"}
,{"stream_name":"stdout","time":3601.884104489,"data":"step  29350 loss 2.8609 ema 2.8659 bpc~1.089 gnorm 0.34 lr 4.90e-04 tok/s 560062 t 3434s\n"}
,{"stream_name":"stdout","time":3607.453249266,"data":"step  29400 loss 2.8849 ema 2.8780 bpc~1.093 gnorm 0.32 lr 4.89e-04 tok/s 560107 t 3440s\n"}
,{"stream_name":"stdout","time":3612.885726713,"data":"step  29450 loss 2.8525 ema 2.8618 bpc~1.087 gnorm 0.34 lr 4.89e-04 tok/s 560175 t 3445s\n"}
,{"stream_name":"stdout","time":3618.429173934,"data":"step  29500 loss 2.8353 ema 2.8450 bpc~1.081 gnorm 0.33 lr 4.89e-04 tok/s 560225 t 3451s\n"}
,{"stream_name":"stdout","time":3623.876835762,"data":"step  29550 loss 2.8785 ema 2.8663 bpc~1.089 gnorm 0.36 lr 4.88e-04 tok/s 560290 t 3456s\n"}
,{"stream_name":"stdout","time":3629.31097922,"data":"step  29600 loss 2.8094 ema 2.8301 bpc~1.075 gnorm 0.32 lr 4.88e-04 tok/s 560357 t 3462s\n"}
,{"stream_name":"stdout","time":3634.805099064,"data":"step  29650 loss 2.8325 ema 2.8316 bpc~1.076 gnorm 0.34 lr 4.88e-04 tok/s 560414 t 3467s\n"}
,{"stream_name":"stdout","time":3640.293275778,"data":"step  29700 loss 2.8788 ema 2.8616 bpc~1.087 gnorm 0.35 lr 4.87e-04 tok/s 560472 t 3473s\n"}
,{"stream_name":"stdout","time":3645.713673277,"data":"step  29750 loss 2.8605 ema 2.8609 bpc~1.087 gnorm 0.33 lr 4.87e-04 tok/s 560541 t 3478s\n"}
,{"stream_name":"stdout","time":3651.185295153,"data":"step  29800 loss 2.9482 ema 2.9164 bpc~1.108 gnorm 0.34 lr 4.87e-04 tok/s 560601 t 3484s\n"}
,{"stream_name":"stdout","time":3656.710391074,"data":"step  29850 loss 2.8970 ema 2.9040 bpc~1.103 gnorm 0.34 lr 4.86e-04 tok/s 560656 t 3489s\n"}
,{"stream_name":"stdout","time":3662.239946145,"data":"step  29900 loss 2.9148 ema 2.9109 bpc~1.106 gnorm 0.32 lr 4.86e-04 tok/s 560703 t 3495s\n"}
,{"stream_name":"stdout","time":3667.7275867,"data":"step  29950 loss 2.8651 ema 2.8818 bpc~1.095 gnorm 0.32 lr 4.85e-04 tok/s 560760 t 3500s\n"}
,{"stream_name":"stdout","time":3673.27686416,"data":"step  30000 loss 2.8813 ema 2.8815 bpc~1.095 gnorm 0.32 lr 4.85e-04 tok/s 560807 t 3506s\n"}
,{"stream_name":"stdout","time":3677.231588635,"data":"EVAL step 30000 valid_loss 2.6979 valid_bpc 1.0248 *guardado\n"}
,{"stream_name":"stdout","time":3682.775116945,"data":"step  30050 loss 2.8208 ema 2.8429 bpc~1.080 gnorm 0.34 lr 4.85e-04 tok/s 560224 t 3515s\n"}
,{"stream_name":"stdout","time":3688.331288474,"data":"step  30100 loss 2.9398 ema 2.9045 bpc~1.103 gnorm 0.33 lr 4.84e-04 tok/s 560271 t 3521s\n"}
,{"stream_name":"stdout","time":3694.098711579,"data":"step  30150 loss 2.9281 ema 2.9195 bpc~1.109 gnorm 0.34 lr 4.84e-04 tok/s 560284 t 3527s\n"}
,{"stream_name":"stdout","time":3699.758683499,"data":"step  30200 loss 2.8735 ema 2.8903 bpc~1.098 gnorm 0.32 lr 4.84e-04 tok/s 560314 t 3532s\n"}
,{"stream_name":"stdout","time":3705.485126387,"data":"step  30250 loss 2.9568 ema 2.9326 bpc~1.114 gnorm 0.33 lr 4.83e-04 tok/s 560333 t 3538s\n"}
,{"stream_name":"stdout","time":3711.171111608,"data":"step  30300 loss 2.8944 ema 2.9083 bpc~1.105 gnorm 0.34 lr 4.83e-04 tok/s 560358 t 3544s\n"}
,{"stream_name":"stdout","time":3716.95627638,"data":"step  30350 loss 2.8061 ema 2.8433 bpc~1.080 gnorm 0.33 lr 4.83e-04 tok/s 560372 t 3549s\n"}
,{"stream_name":"stdout","time":3722.591686424,"data":"step  30400 loss 2.8273 ema 2.8331 bpc~1.076 gnorm 0.33 lr 4.82e-04 tok/s 560402 t 3555s\n"}
,{"stream_name":"stdout","time":3728.155565643,"data":"step  30450 loss 2.8986 ema 2.8747 bpc~1.092 gnorm 0.34 lr 4.82e-04 tok/s 560446 t 3561s\n"}
,{"stream_name":"stdout","time":3733.74185068,"data":"step  30500 loss 2.8673 ema 2.8700 bpc~1.090 gnorm 0.32 lr 4.81e-04 tok/s 560487 t 3566s\n"}
,{"stream_name":"stdout","time":3739.335976567,"data":"step  30550 loss 2.9486 ema 2.9200 bpc~1.109 gnorm 0.34 lr 4.81e-04 tok/s 560527 t 3572s\n"}
,{"stream_name":"stdout","time":3744.819238082,"data":"step  30600 loss 2.8315 ema 2.8637 bpc~1.088 gnorm 0.33 lr 4.81e-04 tok/s 560584 t 3577s\n"}
,{"stream_name":"stdout","time":3750.563069557,"data":"step  30650 loss 2.8929 ema 2.8823 bpc~1.095 gnorm 0.34 lr 4.80e-04 tok/s 560600 t 3583s\n"}
,{"stream_name":"stdout","time":3756.314822523,"data":"step  30700 loss 2.8348 ema 2.8521 bpc~1.083 gnorm 0.33 lr 4.80e-04 tok/s 560614 t 3589s\n"}
,{"stream_name":"stdout","time":3761.943559897,"data":"step  30750 loss 2.9412 ema 2.9088 bpc~1.105 gnorm 0.32 lr 4.80e-04 tok/s 560648 t 3594s\n"}
,{"stream_name":"stdout","time":3767.520915954,"data":"step  30800 loss 2.8664 ema 2.8818 bpc~1.095 gnorm 0.33 lr 4.79e-04 tok/s 560689 t 3600s\n"}
,{"stream_name":"stdout","time":3773.153571148,"data":"step  30850 loss 2.9007 ema 2.8938 bpc~1.099 gnorm 0.32 lr 4.79e-04 tok/s 560722 t 3606s\n"}
,{"stream_name":"stdout","time":3778.720568907,"data":"step  30900 loss 2.8735 ema 2.8809 bpc~1.094 gnorm 0.32 lr 4.78e-04 tok/s 560769 t 3611s\n"}
,{"stream_name":"stdout","time":3784.067639422,"data":"step  30950 loss 2.8792 ema 2.8798 bpc~1.094 gnorm 0.32 lr 4.78e-04 tok/s 560842 t 3617s\n"}
,{"stream_name":"stdout","time":3789.566929215,"data":"step  31000 loss 2.8610 ema 2.8679 bpc~1.089 gnorm 0.32 lr 4.78e-04 tok/s 560895 t 3622s\n"}
,{"stream_name":"stdout","time":3795.062839229,"data":"step  31050 loss 2.8995 ema 2.8880 bpc~1.097 gnorm 0.34 lr 4.77e-04 tok/s 560949 t 3628s\n"}
,{"stream_name":"stdout","time":3800.514475225,"data":"step  31100 loss 2.9202 ema 2.9085 bpc~1.105 gnorm 0.33 lr 4.77e-04 tok/s 561009 t 3633s\n"}
,{"stream_name":"stdout","time":3806.224717664,"data":"step  31150 loss 2.8745 ema 2.8869 bpc~1.097 gnorm 0.33 lr 4.77e-04 tok/s 561029 t 3639s\n"}
,{"stream_name":"stdout","time":3811.945189112,"data":"step  31200 loss 2.8632 ema 2.8718 bpc~1.091 gnorm 0.33 lr 4.76e-04 tok/s 561048 t 3644s\n"}
,{"stream_name":"stdout","time":3817.687044088,"data":"step  31250 loss 2.8658 ema 2.8680 bpc~1.089 gnorm 0.33 lr 4.76e-04 tok/s 561063 t 3650s\n"}
,{"stream_name":"stdout","time":3823.263171575,"data":"step  31300 loss 2.9160 ema 2.8985 bpc~1.101 gnorm 0.34 lr 4.75e-04 tok/s 561104 t 3656s\n"}
,{"stream_name":"stdout","time":3828.761033808,"data":"step  31350 loss 2.9602 ema 2.9377 bpc~1.116 gnorm 0.34 lr 4.75e-04 tok/s 561156 t 3661s\n"}
,{"stream_name":"stdout","time":3834.312084929,"data":"step  31400 loss 2.8750 ema 2.8978 bpc~1.101 gnorm 0.34 lr 4.75e-04 tok/s 561200 t 3667s\n"}
,{"stream_name":"stdout","time":3839.836418931,"data":"step  31450 loss 2.9151 ema 2.9088 bpc~1.105 gnorm 0.34 lr 4.74e-04 tok/s 561252 t 3672s\n"}
,{"stream_name":"stdout","time":3845.411341789,"data":"step  31500 loss 2.9225 ema 2.9175 bpc~1.108 gnorm 0.33 lr 4.74e-04 tok/s 561288 t 3678s\n"}
,{"stream_name":"stdout","time":3850.94431019,"data":"step  31550 loss 2.8692 ema 2.8868 bpc~1.097 gnorm 0.34 lr 4.74e-04 tok/s 561335 t 3683s\n"}
,{"stream_name":"stdout","time":3856.399431486,"data":"step  31600 loss 2.8432 ema 2.8591 bpc~1.086 gnorm 0.33 lr 4.73e-04 tok/s 561393 t 3689s\n"}
,{"stream_name":"stdout","time":3861.906353499,"data":"step  31650 loss 2.9198 ema 2.8977 bpc~1.101 gnorm 0.35 lr 4.73e-04 tok/s 561443 t 3694s\n"}
,{"stream_name":"stdout","time":3867.404931973,"data":"step  31700 loss 2.9134 ema 2.9077 bpc~1.105 gnorm 0.36 lr 4.72e-04 tok/s 561495 t 3700s\n"}
,{"stream_name":"stdout","time":3872.904910696,"data":"step  31750 loss 2.8302 ema 2.8584 bpc~1.086 gnorm 0.33 lr 4.72e-04 tok/s 561545 t 3705s\n"}
,{"stream_name":"stdout","time":3878.40315067,"data":"step  31800 loss 2.8511 ema 2.8538 bpc~1.084 gnorm 0.32 lr 4.72e-04 tok/s 561596 t 3711s\n"}
,{"stream_name":"stdout","time":3883.888832464,"data":"step  31850 loss 2.8311 ema 2.8394 bpc~1.079 gnorm 0.32 lr 4.71e-04 tok/s 561649 t 3716s\n"}
,{"stream_name":"stdout","time":3889.368741029,"data":"step  31900 loss 2.8783 ema 2.8641 bpc~1.088 gnorm 0.33 lr 4.71e-04 tok/s 561703 t 3722s\n"}
,{"stream_name":"stdout","time":3894.927540218,"data":"step  31950 loss 2.8119 ema 2.8309 bpc~1.075 gnorm 0.32 lr 4.71e-04 tok/s 561744 t 3727s\n"}
,{"stream_name":"stdout","time":3900.667379405,"data":"step  32000 loss 2.9113 ema 2.8820 bpc~1.095 gnorm 0.36 lr 4.70e-04 tok/s 561762 t 3733s\n"}
,{"stream_name":"stdout","time":3904.668504756,"data":"EVAL step 32000 valid_loss 2.6859 valid_bpc 1.0203 *guardado\n"}
,{"stream_name":"stdout","time":3910.318701879,"data":"step  32050 loss 2.8078 ema 2.8348 bpc~1.077 gnorm 0.33 lr 4.70e-04 tok/s 561185 t 3743s\n"}
,{"stream_name":"stdout","time":3915.880394888,"data":"step  32100 loss 2.9037 ema 2.8786 bpc~1.093 gnorm 0.33 lr 4.69e-04 tok/s 561227 t 3748s\n"}
,{"stream_name":"stdout","time":3921.546272029,"data":"step  32150 loss 2.9012 ema 2.8930 bpc~1.099 gnorm 0.35 lr 4.69e-04 tok/s 561252 t 3754s\n"}
,{"stream_name":"stdout","time":3927.017392345,"data":"step  32200 loss 2.8445 ema 2.8622 bpc~1.087 gnorm 0.33 lr 4.69e-04 tok/s 561307 t 3760s\n"}
,{"stream_name":"stdout","time":3932.464762222,"data":"step  32250 loss 2.9015 ema 2.8872 bpc~1.097 gnorm 0.36 lr 4.68e-04 tok/s 561365 t 3765s\n"}
,{"stream_name":"stdout","time":3938.053152119,"data":"step  32300 loss 2.8587 ema 2.8691 bpc~1.090 gnorm 0.33 lr 4.68e-04 tok/s 561402 t 3771s\n"}
,{"stream_name":"stdout","time":3943.561654002,"data":"step  32350 loss 2.8010 ema 2.8258 bpc~1.073 gnorm 0.36 lr 4.67e-04 tok/s 561451 t 3776s\n"}
,{"stream_name":"stdout","time":3949.298548278,"data":"step  32400 loss 2.8583 ema 2.8465 bpc~1.081 gnorm 0.35 lr 4.67e-04 tok/s 561466 t 3782s\n"}
,{"stream_name":"stdout","time":3955.058346203,"data":"step  32450 loss 2.9220 ema 2.8945 bpc~1.100 gnorm 0.34 lr 4.67e-04 tok/s 561477 t 3788s\n"}
,{"stream_name":"stdout","time":3960.802321699,"data":"step  32500 loss 2.8739 ema 2.8814 bpc~1.095 gnorm 0.36 lr 4.66e-04 tok/s 561495 t 3793s\n"}
,{"stream_name":"stdout","time":3966.355551318,"data":"step  32550 loss 2.8453 ema 2.8584 bpc~1.086 gnorm 0.34 lr 4.66e-04 tok/s 561533 t 3799s\n"}
,{"stream_name":"stdout","time":3971.851929281,"data":"step  32600 loss 2.9909 ema 2.9426 bpc~1.118 gnorm 0.34 lr 4.66e-04 tok/s 561583 t 3804s\n"}
,{"stream_name":"stdout","time":3977.411393131,"data":"step  32650 loss 2.8952 ema 2.9124 bpc~1.106 gnorm 0.35 lr 4.65e-04 tok/s 561623 t 3810s\n"}
,{"stream_name":"stdout","time":3982.903788505,"data":"step  32700 loss 2.9059 ema 2.9083 bpc~1.105 gnorm 0.36 lr 4.65e-04 tok/s 561674 t 3815s\n"}
,{"stream_name":"stdout","time":3988.541063869,"data":"step  32750 loss 2.8700 ema 2.8839 bpc~1.096 gnorm 0.33 lr 4.64e-04 tok/s 561703 t 3821s\n"}
,{"stream_name":"stdout","time":3994.06851226,"data":"step  32800 loss 2.8068 ema 2.8349 bpc~1.077 gnorm 0.35 lr 4.64e-04 tok/s 561748 t 3827s\n"}
,{"stream_name":"stdout","time":3999.561301723,"data":"step  32850 loss 2.8562 ema 2.8484 bpc~1.082 gnorm 0.32 lr 4.64e-04 tok/s 561798 t 3832s\n"}
,{"stream_name":"stdout","time":4005.30169853,"data":"step  32900 loss 2.9093 ema 2.8871 bpc~1.097 gnorm 0.34 lr 4.63e-04 tok/s 561811 t 3838s\n"}
,{"stream_name":"stdout","time":4010.887299147,"data":"step  32950 loss 2.8947 ema 2.8919 bpc~1.099 gnorm 0.37 lr 4.63e-04 tok/s 561847 t 3843s\n"}
,{"stream_name":"stdout","time":4016.389279981,"data":"step  33000 loss 2.8119 ema 2.8410 bpc~1.079 gnorm 0.35 lr 4.62e-04 tok/s 561895 t 3849s\n"}
,{"stream_name":"stdout","time":4021.897961834,"data":"step  33050 loss 2.8361 ema 2.8379 bpc~1.078 gnorm 0.34 lr 4.62e-04 tok/s 561946 t 3854s\n"}
,{"stream_name":"stdout","time":4027.397694387,"data":"step  33100 loss 2.8856 ema 2.8682 bpc~1.090 gnorm 0.33 lr 4.62e-04 tok/s 561991 t 3860s\n"}
,{"stream_name":"stdout","time":4040.627828383,"data":"step  33150 loss 2.8346 ema 2.8469 bpc~1.081 gnorm 0.33 lr 4.61e-04 tok/s 562029 t 3865s\n"}
,{"stream_name":"stdout","time":4040.627845423,"data":"step  33200 loss 2.9330 ema 2.9016 bpc~1.102 gnorm 0.33 lr 4.61e-04 tok/s 562046 t 3871s\n"}
,{"stream_name":"stdout","time":4044.301567058,"data":"step  33250 loss 2.8267 ema 2.8540 bpc~1.084 gnorm 0.34 lr 4.60e-04 tok/s 562076 t 3877s\n"}
,{"stream_name":"stdout","time":4049.985195749,"data":"step  33300 loss 2.8551 ema 2.8547 bpc~1.084 gnorm 0.32 lr 4.60e-04 tok/s 562097 t 3883s\n"}
,{"stream_name":"stdout","time":4055.548488607,"data":"step  33350 loss 2.8534 ema 2.8539 bpc~1.084 gnorm 0.34 lr 4.60e-04 tok/s 562136 t 3888s\n"}
,{"stream_name":"stdout","time":4060.956664088,"data":"step  33400 loss 2.8832 ema 2.8725 bpc~1.091 gnorm 0.36 lr 4.59e-04 tok/s 562196 t 3893s\n"}
,{"stream_name":"stdout","time":4066.496099768,"data":"step  33450 loss 2.8419 ema 2.8530 bpc~1.084 gnorm 0.32 lr 4.59e-04 tok/s 562238 t 3899s\n"}
,{"stream_name":"stdout","time":4072.147443221,"data":"step  33500 loss 2.9052 ema 2.8862 bpc~1.096 gnorm 0.35 lr 4.59e-04 tok/s 562264 t 3905s\n"}
,{"stream_name":"stdout","time":4077.747328247,"data":"step  33550 loss 2.8777 ema 2.8808 bpc~1.094 gnorm 0.35 lr 4.58e-04 tok/s 562297 t 3910s\n"}
,{"stream_name":"stdout","time":4083.38722111,"data":"step  33600 loss 2.8896 ema 2.8864 bpc~1.096 gnorm 0.34 lr 4.58e-04 tok/s 562327 t 3916s\n"}
,{"stream_name":"stdout","time":4088.845568877,"data":"step  33650 loss 2.8507 ema 2.8637 bpc~1.088 gnorm 0.35 lr 4.57e-04 tok/s 562376 t 3921s\n"}
,{"stream_name":"stdout","time":4094.470926471,"data":"step  33700 loss 2.8938 ema 2.8828 bpc~1.095 gnorm 0.35 lr 4.57e-04 tok/s 562405 t 3927s\n"}
,{"stream_name":"stdout","time":4100.126599884,"data":"step  33750 loss 2.8210 ema 2.8435 bpc~1.080 gnorm 0.37 lr 4.57e-04 tok/s 562430 t 3933s\n"}
,{"stream_name":"stdout","time":4105.734678369,"data":"step  33800 loss 2.8286 ema 2.8340 bpc~1.077 gnorm 0.33 lr 4.56e-04 tok/s 562461 t 3938s\n"}
,{"stream_name":"stdout","time":4111.307332767,"data":"step  33850 loss 2.8307 ema 2.8319 bpc~1.076 gnorm 0.33 lr 4.56e-04 tok/s 562497 t 3944s\n"}
,{"stream_name":"stdout","time":4117.001194615,"data":"step  33900 loss 2.8842 ema 2.8652 bpc~1.088 gnorm 0.34 lr 4.55e-04 tok/s 562516 t 3950s\n"}
,{"stream_name":"stdout","time":4122.711457865,"data":"step  33950 loss 2.8795 ema 2.8743 bpc~1.092 gnorm 0.34 lr 4.55e-04 tok/s 562532 t 3955s\n"}
,{"stream_name":"stdout","time":4128.460989641,"data":"step  34000 loss 2.9113 ema 2.8978 bpc~1.101 gnorm 0.33 lr 4.55e-04 tok/s 562543 t 3961s\n"}
,{"stream_name":"stdout","time":4132.468023799,"data":"EVAL step 34000 valid_loss 2.6806 valid_bpc 1.0182 *guardado\n"}
,{"stream_name":"stdout","time":4138.182012291,"data":"step  34050 loss 2.8106 ema 2.8424 bpc~1.080 gnorm 0.34 lr 4.54e-04 tok/s 561991 t 3971s\n"}
,{"stream_name":"stdout","time":4143.828488968,"data":"step  34100 loss 2.8229 ema 2.8300 bpc~1.075 gnorm 0.32 lr 4.54e-04 tok/s 562020 t 3976s\n"}
,{"stream_name":"stdout","time":4149.457729675,"data":"step  34150 loss 2.8034 ema 2.8131 bpc~1.069 gnorm 0.33 lr 4.53e-04 tok/s 562045 t 3982s\n"}
,{"stream_name":"stdout","time":4155.230786404,"data":"step  34200 loss 2.9077 ema 2.8732 bpc~1.091 gnorm 0.35 lr 4.53e-04 tok/s 562053 t 3988s\n"}
,{"stream_name":"stdout","time":4160.89139589,"data":"step  34250 loss 2.8790 ema 2.8769 bpc~1.093 gnorm 0.34 lr 4.53e-04 tok/s 562077 t 3993s\n"}
,{"stream_name":"stdout","time":4166.50712387,"data":"step  34300 loss 2.8426 ema 2.8551 bpc~1.085 gnorm 0.33 lr 4.52e-04 tok/s 562107 t 3999s\n"}
,{"stream_name":"stdout","time":4172.154224156,"data":"step  34350 loss 2.8609 ema 2.8588 bpc~1.086 gnorm 0.33 lr 4.52e-04 tok/s 562133 t 4005s\n"}
,{"stream_name":"stdout","time":4177.808002474,"data":"step  34400 loss 2.8716 ema 2.8669 bpc~1.089 gnorm 0.34 lr 4.51e-04 tok/s 562157 t 4010s\n"}
,{"stream_name":"stdout","time":4183.498609607,"data":"step  34450 loss 2.8126 ema 2.8324 bpc~1.076 gnorm 0.34 lr 4.51e-04 tok/s 562177 t 4016s\n"}
,{"stream_name":"stdout","time":4189.20018772,"data":"step  34500 loss 2.8365 ema 2.8350 bpc~1.077 gnorm 0.35 lr 4.51e-04 tok/s 562194 t 4022s\n"}
,{"stream_name":"stdout","time":4194.823579809,"data":"step  34550 loss 2.8574 ema 2.8492 bpc~1.082 gnorm 0.33 lr 4.50e-04 tok/s 562223 t 4027s\n"}
,{"stream_name":"stdout","time":4200.561173319,"data":"step  34600 loss 2.7769 ema 2.8032 bpc~1.065 gnorm 0.34 lr 4.50e-04 tok/s 562236 t 4033s\n"}
,{"stream_name":"stdout","time":4206.188805097,"data":"step  34650 loss 2.9077 ema 2.8697 bpc~1.090 gnorm 0.34 lr 4.49e-04 tok/s 562267 t 4039s\n"}
,{"stream_name":"stdout","time":4211.713069365,"data":"step  34700 loss 2.8557 ema 2.8608 bpc~1.087 gnorm 0.34 lr 4.49e-04 tok/s 562306 t 4044s\n"}
,{"stream_name":"stdout","time":4217.300391517,"data":"step  34750 loss 2.8430 ema 2.8495 bpc~1.082 gnorm 0.34 lr 4.49e-04 tok/s 562339 t 4050s\n"}
,{"stream_name":"stdout","time":4223.024260108,"data":"step  34800 loss 2.8292 ema 2.8366 bpc~1.078 gnorm 0.35 lr 4.48e-04 tok/s 562353 t 4056s\n"}
,{"stream_name":"stdout","time":4228.738377379,"data":"step  34850 loss 2.8365 ema 2.8365 bpc~1.077 gnorm 0.34 lr 4.48e-04 tok/s 562369 t 4061s\n"}
,{"stream_name":"stdout","time":4234.375814337,"data":"step  34900 loss 2.8247 ema 2.8290 bpc~1.075 gnorm 0.33 lr 4.47e-04 tok/s 562395 t 4067s\n"}
,{"stream_name":"stdout","time":4239.980262158,"data":"step  34950 loss 2.8707 ema 2.8555 bpc~1.085 gnorm 0.34 lr 4.47e-04 tok/s 562426 t 4073s\n"}
,{"stream_name":"stdout","time":4245.475308017,"data":"step  35000 loss 2.8429 ema 2.8475 bpc~1.082 gnorm 0.34 lr 4.47e-04 tok/s 562472 t 4078s\n"}
,{"stream_name":"stdout","time":4251.023857653,"data":"step  35050 loss 2.8385 ema 2.8418 bpc~1.079 gnorm 0.34 lr 4.46e-04 tok/s 562510 t 4084s\n"}
,{"stream_name":"stdout","time":4256.6663993,"data":"step  35100 loss 2.8835 ema 2.8683 bpc~1.090 gnorm 0.35 lr 4.46e-04 tok/s 562535 t 4089s\n"}
,{"stream_name":"stdout","time":4262.457060275,"data":"step  35150 loss 2.8761 ema 2.8732 bpc~1.091 gnorm 0.34 lr 4.45e-04 tok/s 562540 t 4095s\n"}
,{"stream_name":"stdout","time":4268.255014301,"data":"step  35200 loss 2.8760 ema 2.8750 bpc~1.092 gnorm 0.34 lr 4.45e-04 tok/s 562547 t 4101s\n"}
,{"stream_name":"stdout","time":4273.803035316,"data":"step  35250 loss 2.8692 ema 2.8713 bpc~1.091 gnorm 0.36 lr 4.45e-04 tok/s 562581 t 4106s\n"}
,{"stream_name":"stdout","time":4279.266233048,"data":"step  35300 loss 2.9024 ema 2.8911 bpc~1.098 gnorm 0.37 lr 4.44e-04 tok/s 562631 t 4112s\n"}
,{"stream_name":"stdout","time":4284.799034045,"data":"step  35350 loss 2.7870 ema 2.8249 bpc~1.073 gnorm 0.34 lr 4.44e-04 tok/s 562671 t 4117s\n"}
,{"stream_name":"stdout","time":4290.461745961,"data":"step  35400 loss 2.9176 ema 2.8838 bpc~1.095 gnorm 0.34 lr 4.43e-04 tok/s 562693 t 4123s\n"}
,{"stream_name":"stdout","time":4296.005187726,"data":"step  35450 loss 2.8698 ema 2.8749 bpc~1.092 gnorm 0.35 lr 4.43e-04 tok/s 562731 t 4129s\n"}
,{"stream_name":"stdout","time":4301.613996187,"data":"step  35500 loss 2.8232 ema 2.8421 bpc~1.080 gnorm 0.36 lr 4.43e-04 tok/s 562760 t 4134s\n"}
,{"stream_name":"stdout","time":4307.199294159,"data":"step  35550 loss 2.9358 ema 2.9016 bpc~1.102 gnorm 0.35 lr 4.42e-04 tok/s 562792 t 4140s\n"}
,{"stream_name":"stdout","time":4312.651574952,"data":"step  35600 loss 2.8063 ema 2.8410 bpc~1.079 gnorm 0.37 lr 4.42e-04 tok/s 562842 t 4145s\n"}
,{"stream_name":"stdout","time":4318.116214074,"data":"step  35650 loss 2.9079 ema 2.8836 bpc~1.095 gnorm 0.35 lr 4.41e-04 tok/s 562891 t 4151s\n"}
,{"stream_name":"stdout","time":4323.617158863,"data":"step  35700 loss 2.8292 ema 2.8490 bpc~1.082 gnorm 0.35 lr 4.41e-04 tok/s 562934 t 4156s\n"}
,{"stream_name":"stdout","time":4329.121051782,"data":"step  35750 loss 2.8351 ema 2.8402 bpc~1.079 gnorm 0.34 lr 4.40e-04 tok/s 562981 t 4162s\n"}
,{"stream_name":"stdout","time":4334.779949178,"data":"step  35800 loss 2.8864 ema 2.8696 bpc~1.090 gnorm 0.36 lr 4.40e-04 tok/s 562999 t 4167s\n"}
,{"stream_name":"stdout","time":4340.357680421,"data":"step  35850 loss 2.8334 ema 2.8466 bpc~1.081 gnorm 0.34 lr 4.40e-04 tok/s 563032 t 4173s\n"}
,{"stream_name":"stdout","time":4345.721394741,"data":"step  35900 loss 2.7111 ema 2.7605 bpc~1.049 gnorm 0.33 lr 4.39e-04 tok/s 563093 t 4178s\n"}
,{"stream_name":"stdout","time":4351.219428171,"data":"step  35950 loss 2.8689 ema 2.8294 bpc~1.075 gnorm 0.34 lr 4.39e-04 tok/s 563136 t 4184s\n"}
,{"stream_name":"stdout","time":4356.701511752,"data":"step  36000 loss 2.8539 ema 2.8450 bpc~1.081 gnorm 0.35 lr 4.38e-04 tok/s 563182 t 4189s\n"}
,{"stream_name":"stdout","time":4360.692925005,"data":"EVAL step 36000 valid_loss 2.6695 valid_bpc 1.0141 *guardado\n"}
,{"stream_name":"stdout","time":4366.154494677,"data":"step  36050 loss 2.8154 ema 2.8262 bpc~1.074 gnorm 0.34 lr 4.38e-04 tok/s 562694 t 4199s\n"}
,{"stream_name":"stdout","time":4371.615734849,"data":"step  36100 loss 2.7939 ema 2.8056 bpc~1.066 gnorm 0.35 lr 4.38e-04 tok/s 562743 t 4204s\n"}
,{"stream_name":"stdout","time":4377.09608244,"data":"step  36150 loss 2.8318 ema 2.8223 bpc~1.072 gnorm 0.35 lr 4.37e-04 tok/s 562788 t 4210s\n"}
,{"stream_name":"stdout","time":4382.532307755,"data":"step  36200 loss 2.8239 ema 2.8233 bpc~1.072 gnorm 0.33 lr 4.37e-04 tok/s 562840 t 4215s\n"}
,{"stream_name":"stdout","time":4388.024288374,"data":"step  36250 loss 2.7509 ema 2.7773 bpc~1.055 gnorm 0.34 lr 4.36e-04 tok/s 562884 t 4221s\n"}
,{"stream_name":"stdout","time":4393.56283644,"data":"step  36300 loss 2.7938 ema 2.7878 bpc~1.059 gnorm 0.36 lr 4.36e-04 tok/s 562926 t 4226s\n"}
,{"stream_name":"stdout","time":4399.046588691,"data":"step  36350 loss 2.8742 ema 2.8427 bpc~1.080 gnorm 0.34 lr 4.36e-04 tok/s 562966 t 4232s\n"}
,{"stream_name":"stdout","time":4404.568288909,"data":"step  36400 loss 2.8388 ema 2.8402 bpc~1.079 gnorm 0.36 lr 4.35e-04 tok/s 563006 t 4237s\n"}
,{"stream_name":"stdout","time":4410.079580076,"data":"step  36450 loss 2.9816 ema 2.9301 bpc~1.113 gnorm 0.34 lr 4.35e-04 tok/s 563047 t 4243s\n"}
,{"stream_name":"stdout","time":4415.623404572,"data":"step  36500 loss 2.8548 ema 2.8822 bpc~1.095 gnorm 0.34 lr 4.34e-04 tok/s 563084 t 4248s\n"}
,{"stream_name":"stdout","time":4421.115454042,"data":"step  36550 loss 2.8194 ema 2.8423 bpc~1.080 gnorm 0.34 lr 4.34e-04 tok/s 563127 t 4254s\n"}
,{"stream_name":"stdout","time":4426.645161609,"data":"step  36600 loss 2.8536 ema 2.8495 bpc~1.082 gnorm 0.36 lr 4.34e-04 tok/s 563165 t 4259s\n"}
,{"stream_name":"stdout","time":4432.132682399,"data":"step  36650 loss 2.8268 ema 2.8351 bpc~1.077 gnorm 0.35 lr 4.33e-04 tok/s 563209 t 4265s\n"}
,{"stream_name":"stdout","time":4437.6141801,"data":"step  36700 loss 2.8491 ema 2.8440 bpc~1.080 gnorm 0.34 lr 4.33e-04 tok/s 563253 t 4270s\n"}
,{"stream_name":"stdout","time":4443.10470869,"data":"step  36750 loss 2.8662 ema 2.8581 bpc~1.086 gnorm 0.36 lr 4.32e-04 tok/s 563296 t 4276s\n"}
,{"stream_name":"stdout","time":4448.655261695,"data":"step  36800 loss 2.8725 ema 2.8673 bpc~1.089 gnorm 0.35 lr 4.32e-04 tok/s 563332 t 4281s\n"}
,{"stream_name":"stdout","time":4454.198902311,"data":"step  36850 loss 2.8727 ema 2.8707 bpc~1.090 gnorm 0.34 lr 4.31e-04 tok/s 563371 t 4287s\n"}
,{"stream_name":"stdout","time":4459.731698017,"data":"step  36900 loss 2.8923 ema 2.8844 bpc~1.096 gnorm 0.36 lr 4.31e-04 tok/s 563405 t 4292s\n"}
,{"stream_name":"stdout","time":4465.421419221,"data":"step  36950 loss 2.9332 ema 2.9155 bpc~1.107 gnorm 0.36 lr 4.31e-04 tok/s 563421 t 4298s\n"}
,{"stream_name":"stdout","time":4471.097383256,"data":"step  37000 loss 2.8483 ema 2.8727 bpc~1.091 gnorm 0.34 lr 4.30e-04 tok/s 563440 t 4304s\n"}
,{"stream_name":"stdout","time":4476.638601581,"data":"step  37050 loss 2.8119 ema 2.8340 bpc~1.077 gnorm 0.35 lr 4.30e-04 tok/s 563475 t 4309s\n"}
,{"stream_name":"stdout","time":4493.633296069,"data":"step  37100 loss 2.8444 ema 2.8406 bpc~1.079 gnorm 0.35 lr 4.29e-04 tok/s 563512 t 4315s\n"}
,{"stream_name":"stdout","time":4493.633313359,"data":"step  37150 loss 2.8036 ema 2.8171 bpc~1.070 gnorm 0.34 lr 4.29e-04 tok/s 563530 t 4320s\n"}
,{"stream_name":"stdout","time":4493.633318609,"data":"step  37200 loss 2.8226 ema 2.8206 bpc~1.071 gnorm 0.36 lr 4.29e-04 tok/s 563560 t 4326s\n"}
,{"stream_name":"stdout","time":4499.082632342,"data":"step  37250 loss 2.9004 ema 2.8714 bpc~1.091 gnorm 0.35 lr 4.28e-04 tok/s 563582 t 4332s\n"}
,{"stream_name":"stdout","time":4504.780221195,"data":"step  37300 loss 2.7934 ema 2.8218 bpc~1.072 gnorm 0.36 lr 4.28e-04 tok/s 563597 t 4337s\n"}
,{"stream_name":"stdout","time":4510.405183694,"data":"step  37350 loss 2.9334 ema 2.8927 bpc~1.099 gnorm 0.35 lr 4.27e-04 tok/s 563621 t 4343s\n"}
,{"stream_name":"stdout","time":4516.042208222,"data":"step  37400 loss 2.8671 ema 2.8764 bpc~1.093 gnorm 0.35 lr 4.27e-04 tok/s 563648 t 4349s\n"}
,{"stream_name":"stdout","time":4521.546872611,"data":"step  37450 loss 2.8803 ema 2.8789 bpc~1.094 gnorm 0.35 lr 4.26e-04 tok/s 563684 t 4354s\n"}
,{"stream_name":"stdout","time":4526.998503333,"data":"step  37500 loss 2.8574 ema 2.8652 bpc~1.088 gnorm 0.34 lr 4.26e-04 tok/s 563731 t 4360s\n"}
,{"stream_name":"stdout","time":4532.461438416,"data":"step  37550 loss 2.7704 ema 2.8049 bpc~1.065 gnorm 0.36 lr 4.26e-04 tok/s 563776 t 4365s\n"}
,{"stream_name":"stdout","time":4537.939931218,"data":"step  37600 loss 2.7827 ema 2.7908 bpc~1.060 gnorm 0.34 lr 4.25e-04 tok/s 563819 t 4370s\n"}
,{"stream_name":"stdout","time":4543.391351501,"data":"step  37650 loss 2.8335 ema 2.8179 bpc~1.070 gnorm 0.34 lr 4.25e-04 tok/s 563866 t 4376s\n"}
,{"stream_name":"stdout","time":4548.854439113,"data":"step  37700 loss 2.8466 ema 2.8361 bpc~1.077 gnorm 0.35 lr 4.24e-04 tok/s 563911 t 4381s\n"}
,{"stream_name":"stdout","time":4554.370306981,"data":"step  37750 loss 2.8292 ema 2.8318 bpc~1.076 gnorm 0.36 lr 4.24e-04 tok/s 563949 t 4387s\n"}
,{"stream_name":"stdout","time":4559.8809457,"data":"step  37800 loss 2.8190 ema 2.8237 bpc~1.073 gnorm 0.34 lr 4.24e-04 tok/s 563987 t 4392s\n"}
,{"stream_name":"stdout","time":4565.404489607,"data":"step  37850 loss 2.7523 ema 2.7783 bpc~1.055 gnorm 0.33 lr 4.23e-04 tok/s 564024 t 4398s\n"}
,{"stream_name":"stdout","time":4570.827700812,"data":"step  37900 loss 2.8576 ema 2.8287 bpc~1.075 gnorm 0.35 lr 4.23e-04 tok/s 564073 t 4403s\n"}
,{"stream_name":"stdout","time":4576.203597331,"data":"step  37950 loss 2.8236 ema 2.8255 bpc~1.073 gnorm 0.36 lr 4.22e-04 tok/s 564133 t 4409s\n"}
,{"stream_name":"stdout","time":4581.679242073,"data":"step  38000 loss 2.8212 ema 2.8228 bpc~1.072 gnorm 0.36 lr 4.22e-04 tok/s 564171 t 4414s\n"}
,{"stream_name":"stdout","time":4585.721874581,"data":"EVAL step 38000 valid_loss 2.6628 valid_bpc 1.0115 *guardado\n"}
,{"stream_name":"stdout","time":4591.188242454,"data":"step  38050 loss 2.8794 ema 2.8588 bpc~1.086 gnorm 0.35 lr 4.21e-04 tok/s 563699 t 4424s\n"}
,{"stream_name":"stdout","time":4596.660013285,"data":"step  38100 loss 2.8010 ema 2.8220 bpc~1.072 gnorm 0.34 lr 4.21e-04 tok/s 563743 t 4429s\n"}
,{"stream_name":"stdout","time":4602.228579478,"data":"step  38150 loss 2.8176 ema 2.8192 bpc~1.071 gnorm 0.34 lr 4.21e-04 tok/s 563774 t 4435s\n"}
,{"stream_name":"stdout","time":4607.740970977,"data":"step  38200 loss 2.8503 ema 2.8390 bpc~1.078 gnorm 0.37 lr 4.20e-04 tok/s 563812 t 4440s\n"}
,{"stream_name":"stdout","time":4613.277909143,"data":"step  38250 loss 2.8692 ema 2.8582 bpc~1.086 gnorm 0.35 lr 4.20e-04 tok/s 563847 t 4446s\n"}
,{"stream_name":"stdout","time":4618.836136177,"data":"step  38300 loss 2.9332 ema 2.9059 bpc~1.104 gnorm 0.35 lr 4.19e-04 tok/s 563879 t 4451s\n"}
,{"stream_name":"stdout","time":4624.353611935,"data":"step  38350 loss 2.8232 ema 2.8533 bpc~1.084 gnorm 0.34 lr 4.19e-04 tok/s 563916 t 4457s\n"}
,{"stream_name":"stdout","time":4629.881658332,"data":"step  38400 loss 2.8824 ema 2.8718 bpc~1.091 gnorm 0.35 lr 4.19e-04 tok/s 563952 t 4462s\n"}
,{"stream_name":"stdout","time":4635.432755567,"data":"step  38450 loss 2.8593 ema 2.8639 bpc~1.088 gnorm 0.34 lr 4.18e-04 tok/s 563984 t 4468s\n"}
,{"stream_name":"stdout","time":4640.931272297,"data":"step  38500 loss 2.8664 ema 2.8654 bpc~1.088 gnorm 0.34 lr 4.18e-04 tok/s 564028 t 4473s\n"}
,{"stream_name":"stdout","time":4646.406219018,"data":"step  38550 loss 2.8663 ema 2.8660 bpc~1.089 gnorm 0.35 lr 4.17e-04 tok/s 564066 t 4479s\n"}
,{"stream_name":"stdout","time":4652.03318177,"data":"step  38600 loss 2.9348 ema 2.9097 bpc~1.105 gnorm 0.35 lr 4.17e-04 tok/s 564089 t 4485s\n"}
,{"stream_name":"stdout","time":4657.546495264,"data":"step  38650 loss 2.8234 ema 2.8548 bpc~1.084 gnorm 0.37 lr 4.16e-04 tok/s 564126 t 4490s\n"}
,{"stream_name":"stdout","time":4663.013321212,"data":"step  38700 loss 2.8698 ema 2.8644 bpc~1.088 gnorm 0.35 lr 4.16e-04 tok/s 564169 t 4496s\n"}
,{"stream_name":"stdout","time":4668.518158056,"data":"step  38750 loss 2.7885 ema 2.8161 bpc~1.070 gnorm 0.36 lr 4.16e-04 tok/s 564207 t 4501s\n"}
,{"stream_name":"stdout","time":4673.984692284,"data":"step  38800 loss 2.7971 ema 2.8041 bpc~1.065 gnorm 0.36 lr 4.15e-04 tok/s 564250 t 4507s\n"}
,{"stream_name":"stdout","time":4679.640822645,"data":"step  38850 loss 2.8366 ema 2.8248 bpc~1.073 gnorm 0.35 lr 4.15e-04 tok/s 564268 t 4512s\n"}
,{"stream_name":"stdout","time":4685.167379977,"data":"step  38900 loss 2.8004 ema 2.8093 bpc~1.067 gnorm 0.34 lr 4.14e-04 tok/s 564303 t 4518s\n"}
,{"stream_name":"stdout","time":4690.783387352,"data":"step  38950 loss 2.7979 ema 2.8021 bpc~1.064 gnorm 0.34 lr 4.14e-04 tok/s 564327 t 4523s\n"}
,{"stream_name":"stdout","time":4696.387531658,"data":"step  39000 loss 2.8108 ema 2.8076 bpc~1.067 gnorm 0.35 lr 4.13e-04 tok/s 564353 t 4529s\n"}
,{"stream_name":"stdout","time":4702.144563879,"data":"step  39050 loss 2.8757 ema 2.8509 bpc~1.083 gnorm 0.36 lr 4.13e-04 tok/s 564362 t 4535s\n"}
,{"stream_name":"stdout","time":4707.841535737,"data":"step  39100 loss 2.9296 ema 2.9009 bpc~1.102 gnorm 0.36 lr 4.13e-04 tok/s 564372 t 4540s\n"}
,{"stream_name":"stdout","time":4713.513912777,"data":"step  39150 loss 2.8558 ema 2.8722 bpc~1.091 gnorm 0.34 lr 4.12e-04 tok/s 564389 t 4546s\n"}
,{"stream_name":"stdout","time":4719.182095167,"data":"step  39200 loss 2.7991 ema 2.8257 bpc~1.073 gnorm 0.36 lr 4.12e-04 tok/s 564406 t 4552s\n"}
,{"stream_name":"stdout","time":4727.550029958,"data":"step  39250 loss 2.8560 ema 2.8449 bpc~1.081 gnorm 0.34 lr 4.11e-04 tok/s 564430 t 4557s\n"}
,{"stream_name":"stdout","time":4730.446405753,"data":"step  39300 loss 2.7932 ema 2.8121 bpc~1.068 gnorm 0.35 lr 4.11e-04 tok/s 564449 t 4563s\n"}
,{"stream_name":"stdout","time":4736.057328638,"data":"step  39350 loss 2.8185 ema 2.8162 bpc~1.070 gnorm 0.37 lr 4.10e-04 tok/s 564473 t 4569s\n"}
,{"stream_name":"stdout","time":4741.651724814,"data":"step  39400 loss 2.8874 ema 2.8614 bpc~1.087 gnorm 0.36 lr 4.10e-04 tok/s 564499 t 4574s\n"}
,{"stream_name":"stdout","time":4747.200385435,"data":"step  39450 loss 2.8205 ema 2.8354 bpc~1.077 gnorm 0.35 lr 4.10e-04 tok/s 564530 t 4580s\n"}
,{"stream_name":"stdout","time":4752.828406108,"data":"step  39500 loss 2.8829 ema 2.8656 bpc~1.089 gnorm 0.36 lr 4.09e-04 tok/s 564552 t 4585s\n"}
,{"stream_name":"stdout","time":4758.401505517,"data":"step  39550 loss 2.7951 ema 2.8208 bpc~1.071 gnorm 0.35 lr 4.09e-04 tok/s 564581 t 4591s\n"}
,{"stream_name":"stdout","time":4763.905720531,"data":"step  39600 loss 2.8176 ema 2.8187 bpc~1.071 gnorm 0.35 lr 4.08e-04 tok/s 564622 t 4596s\n"}
,{"stream_name":"stdout","time":4769.211707943,"data":"step  39650 loss 2.8039 ema 2.8093 bpc~1.067 gnorm 0.36 lr 4.08e-04 tok/s 564678 t 4602s\n"}
,{"stream_name":"stdout","time":4774.8060309,"data":"step  39700 loss 2.8772 ema 2.8525 bpc~1.084 gnorm 0.36 lr 4.07e-04 tok/s 564704 t 4607s\n"}
,{"stream_name":"stdout","time":4780.501482267,"data":"step  39750 loss 2.8194 ema 2.8314 bpc~1.076 gnorm 0.35 lr 4.07e-04 tok/s 564717 t 4613s\n"}
,{"stream_name":"stdout","time":4786.101237813,"data":"step  39800 loss 2.8198 ema 2.8241 bpc~1.073 gnorm 0.34 lr 4.07e-04 tok/s 564742 t 4619s\n"}
,{"stream_name":"stdout","time":4791.801816061,"data":"step  39850 loss 2.8031 ema 2.8107 bpc~1.068 gnorm 0.35 lr 4.06e-04 tok/s 564754 t 4624s\n"}
,{"stream_name":"stdout","time":4797.503947267,"data":"step  39900 loss 2.8008 ema 2.8044 bpc~1.065 gnorm 0.36 lr 4.06e-04 tok/s 564767 t 4630s\n"}
,{"stream_name":"stdout","time":4803.041546269,"data":"step  39950 loss 2.8484 ema 2.8324 bpc~1.076 gnorm 0.35 lr 4.05e-04 tok/s 564799 t 4636s\n"}
,{"stream_name":"stdout","time":4808.618055187,"data":"step  40000 loss 2.8338 ema 2.8333 bpc~1.076 gnorm 0.37 lr 4.05e-04 tok/s 564826 t 4641s\n"}
,{"stream_name":"stdout","time":4812.693281118,"data":"EVAL step 40000 valid_loss 2.6538 valid_bpc 1.0081 *guardado\n"}
,{"stream_name":"stdout","time":4818.229931619,"data":"step  40050 loss 2.8614 ema 2.8512 bpc~1.083 gnorm 0.35 lr 4.04e-04 tok/s 564363 t 4651s\n"}
,{"stream_name":"stdout","time":4824.019632259,"data":"step  40100 loss 2.7659 ema 2.7970 bpc~1.062 gnorm 0.34 lr 4.04e-04 tok/s 564369 t 4657s\n"}
,{"stream_name":"stdout","time":4829.735040694,"data":"step  40150 loss 2.8768 ema 2.8478 bpc~1.082 gnorm 0.35 lr 4.04e-04 tok/s 564376 t 4662s\n"}
,{"stream_name":"stdout","time":4835.262426957,"data":"step  40200 loss 2.8285 ema 2.8355 bpc~1.077 gnorm 0.36 lr 4.03e-04 tok/s 564410 t 4668s\n"}
,{"stream_name":"stdout","time":4840.868021152,"data":"step  40250 loss 2.8234 ema 2.8278 bpc~1.074 gnorm 0.38 lr 4.03e-04 tok/s 564434 t 4673s\n"}
,{"stream_name":"stdout","time":4846.616259935,"data":"step  40300 loss 2.8562 ema 2.8458 bpc~1.081 gnorm 0.36 lr 4.02e-04 tok/s 564441 t 4679s\n"}
,{"stream_name":"stdout","time":4852.133371699,"data":"step  40350 loss 2.8066 ema 2.8209 bpc~1.072 gnorm 0.36 lr 4.02e-04 tok/s 564476 t 4685s\n"}
,{"stream_name":"stdout","time":4857.573498768,"data":"step  40400 loss 2.8358 ema 2.8304 bpc~1.075 gnorm 0.34 lr 4.01e-04 tok/s 564520 t 4690s\n"}
,{"stream_name":"stdout","time":4863.122770429,"data":"step  40450 loss 2.7987 ema 2.8102 bpc~1.067 gnorm 0.37 lr 4.01e-04 tok/s 564551 t 4696s\n"}
,{"stream_name":"stdout","time":4868.708401936,"data":"step  40500 loss 2.8877 ema 2.8595 bpc~1.086 gnorm 0.35 lr 4.01e-04 tok/s 564577 t 4701s\n"}
,{"stream_name":"stdout","time":4874.410062403,"data":"step  40550 loss 2.8026 ema 2.8233 bpc~1.072 gnorm 0.37 lr 4.00e-04 tok/s 564589 t 4707s\n"}
,{"stream_name":"stdout","time":4880.11150092,"data":"step  40600 loss 2.8513 ema 2.8411 bpc~1.079 gnorm 0.35 lr 4.00e-04 tok/s 564601 t 4713s\n"}
,{"stream_name":"stdout","time":4892.170836196,"data":"step  40650 loss 2.8137 ema 2.8237 bpc~1.073 gnorm 0.36 lr 3.99e-04 tok/s 564637 t 4718s\n"}
,{"stream_name":"stdout","time":4892.171592907,"data":"step  40700 loss 2.8624 ema 2.8483 bpc~1.082 gnorm 0.37 lr 3.99e-04 tok/s 564650 t 4724s\n"}
,{"stream_name":"stdout","time":4896.871944982,"data":"step  40750 loss 2.8901 ema 2.8749 bpc~1.092 gnorm 0.34 lr 3.98e-04 tok/s 564679 t 4729s\n"}
,{"stream_name":"stdout","time":4902.383695375,"data":"step  40800 loss 2.8698 ema 2.8717 bpc~1.091 gnorm 0.37 lr 3.98e-04 tok/s 564714 t 4735s\n"}
,{"stream_name":"stdout","time":4907.77759057,"data":"step  40850 loss 2.7430 ema 2.7899 bpc~1.060 gnorm 0.34 lr 3.98e-04 tok/s 564762 t 4740s\n"}
,{"stream_name":"stdout","time":4913.298319683,"data":"step  40900 loss 2.8461 ema 2.8256 bpc~1.073 gnorm 0.35 lr 3.97e-04 tok/s 564796 t 4746s\n"}
,{"stream_name":"stdout","time":4918.828989355,"data":"step  40950 loss 2.8299 ema 2.8284 bpc~1.074 gnorm 0.37 lr 3.97e-04 tok/s 564828 t 4751s\n"}
,{"stream_name":"stdout","time":4924.434002301,"data":"step  41000 loss 2.8524 ema 2.8436 bpc~1.080 gnorm 0.37 lr 3.96e-04 tok/s 564851 t 4757s\n"}
,{"stream_name":"stdout","time":4929.904529708,"data":"step  41050 loss 2.7978 ema 2.8145 bpc~1.069 gnorm 0.37 lr 3.96e-04 tok/s 564891 t 4762s\n"}
,{"stream_name":"stdout","time":4935.424971711,"data":"step  41100 loss 2.7174 ema 2.7528 bpc~1.046 gnorm 0.34 lr 3.95e-04 tok/s 564924 t 4768s\n"}
,{"stream_name":"stdout","time":4940.939644885,"data":"step  41150 loss 2.8492 ema 2.8141 bpc~1.069 gnorm 0.38 lr 3.95e-04 tok/s 564958 t 4773s\n"}
,{"stream_name":"stdout","time":4946.590844236,"data":"step  41200 loss 2.8312 ema 2.8250 bpc~1.073 gnorm 0.37 lr 3.95e-04 tok/s 564975 t 4779s\n"}
,{"stream_name":"stdout","time":4952.249256407,"data":"step  41250 loss 2.8461 ema 2.8384 bpc~1.078 gnorm 0.37 lr 3.94e-04 tok/s 564996 t 4785s\n"}
,{"stream_name":"stdout","time":4957.959223143,"data":"step  41300 loss 2.7756 ema 2.7984 bpc~1.063 gnorm 0.39 lr 3.94e-04 tok/s 565003 t 4790s\n"}
,{"stream_name":"stdout","time":4963.730218094,"data":"step  41350 loss 2.8164 ema 2.8098 bpc~1.067 gnorm 0.35 lr 3.93e-04 tok/s 565006 t 4796s\n"}
,{"stream_name":"stdout","time":4969.425997892,"data":"step  41400 loss 2.8871 ema 2.8590 bpc~1.086 gnorm 0.36 lr 3.93e-04 tok/s 565018 t 4802s\n"}
,{"stream_name":"stdout","time":4975.156425626,"data":"step  41450 loss 2.7503 ema 2.7898 bpc~1.060 gnorm 0.37 lr 3.92e-04 tok/s 565026 t 4808s\n"}
,{"stream_name":"stdout","time":4980.764984101,"data":"step  41500 loss 2.7784 ema 2.7826 bpc~1.057 gnorm 0.36 lr 3.92e-04 tok/s 565049 t 4813s\n"}
,{"stream_name":"stdout","time":4986.501508945,"data":"step  41550 loss 2.8715 ema 2.8391 bpc~1.078 gnorm 0.36 lr 3.92e-04 tok/s 565056 t 4819s\n"}
,{"stream_name":"stdout","time":4992.281926065,"data":"step  41600 loss 2.8792 ema 2.8646 bpc~1.088 gnorm 0.38 lr 3.91e-04 tok/s 565058 t 4825s\n"}
,{"stream_name":"stdout","time":4997.886882481,"data":"step  41650 loss 2.8655 ema 2.8652 bpc~1.088 gnorm 0.37 lr 3.91e-04 tok/s 565081 t 4830s\n"}
,{"stream_name":"stdout","time":5003.477121958,"data":"step  41700 loss 2.8601 ema 2.8620 bpc~1.087 gnorm 0.36 lr 3.90e-04 tok/s 565105 t 4836s\n"}
,{"stream_name":"stdout","time":5009.23340872,"data":"step  41750 loss 2.8272 ema 2.8398 bpc~1.079 gnorm 0.35 lr 3.90e-04 tok/s 565110 t 4842s\n"}
,{"stream_name":"stdout","time":5015.01093211,"data":"step  41800 loss 2.8500 ema 2.8463 bpc~1.081 gnorm 0.34 lr 3.89e-04 tok/s 565117 t 4848s\n"}
,{"stream_name":"stdout","time":5020.601025847,"data":"step  41850 loss 2.8519 ema 2.8499 bpc~1.083 gnorm 0.35 lr 3.89e-04 tok/s 565137 t 4853s\n"}
,{"stream_name":"stdout","time":5026.320552883,"data":"step  41900 loss 2.7731 ema 2.8011 bpc~1.064 gnorm 0.36 lr 3.88e-04 tok/s 565146 t 4859s\n"}
,{"stream_name":"stdout","time":5031.870224643,"data":"step  41950 loss 2.8074 ema 2.8051 bpc~1.066 gnorm 0.33 lr 3.88e-04 tok/s 565175 t 4864s\n"}
,{"stream_name":"stdout","time":5037.473694539,"data":"step  42000 loss 2.6890 ema 2.7313 bpc~1.037 gnorm 0.35 lr 3.88e-04 tok/s 565198 t 4870s\n"}
,{"stream_name":"stdout","time":5041.490362024,"data":"EVAL step 42000 valid_loss 2.6453 valid_bpc 1.0048 *guardado\n"}
,{"stream_name":"stdout","time":5047.076844762,"data":"step  42050 loss 2.8591 ema 2.8126 bpc~1.068 gnorm 0.37 lr 3.87e-04 tok/s 564757 t 4880s\n"}
,{"stream_name":"stdout","time":5052.780440268,"data":"step  42100 loss 2.8514 ema 2.8373 bpc~1.078 gnorm 0.37 lr 3.87e-04 tok/s 564768 t 4885s\n"}
,{"stream_name":"stdout","time":5058.398239813,"data":"step  42150 loss 2.8660 ema 2.8555 bpc~1.085 gnorm 0.35 lr 3.86e-04 tok/s 564789 t 4891s\n"}
,{"stream_name":"stdout","time":5064.003911268,"data":"step  42200 loss 2.8769 ema 2.8691 bpc~1.090 gnorm 0.36 lr 3.86e-04 tok/s 564812 t 4897s\n"}
,{"stream_name":"stdout","time":5069.6537868,"data":"step  42250 loss 2.7720 ema 2.8074 bpc~1.066 gnorm 0.35 lr 3.85e-04 tok/s 564830 t 4902s\n"}
,{"stream_name":"stdout","time":5075.335093039,"data":"step  42300 loss 2.8264 ema 2.8195 bpc~1.071 gnorm 0.37 lr 3.85e-04 tok/s 564847 t 4908s\n"}
,{"stream_name":"stdout","time":5080.945396814,"data":"step  42350 loss 2.8484 ema 2.8379 bpc~1.078 gnorm 0.35 lr 3.85e-04 tok/s 564865 t 4913s\n"}
,{"stream_name":"stdout","time":5086.580907857,"data":"step  42400 loss 2.8108 ema 2.8207 bpc~1.071 gnorm 0.38 lr 3.84e-04 tok/s 564884 t 4919s\n"}
,{"stream_name":"stdout","time":5092.224112529,"data":"step  42450 loss 2.8227 ema 2.8220 bpc~1.072 gnorm 0.37 lr 3.84e-04 tok/s 564902 t 4925s\n"}
,{"stream_name":"stdout","time":5097.932440536,"data":"step  42500 loss 2.7535 ema 2.7784 bpc~1.055 gnorm 0.36 lr 3.83e-04 tok/s 564913 t 4930s\n"}
,{"stream_name":"stdout","time":5103.602070985,"data":"step  42550 loss 2.8230 ema 2.8068 bpc~1.066 gnorm 0.36 lr 3.83e-04 tok/s 564928 t 4936s\n"}
,{"stream_name":"stdout","time":5109.249062567,"data":"step  42600 loss 2.8215 ema 2.8161 bpc~1.070 gnorm 0.36 lr 3.82e-04 tok/s 564945 t 4942s\n"}
,{"stream_name":"stdout","time":5114.923283866,"data":"step  42650 loss 2.8171 ema 2.8168 bpc~1.070 gnorm 0.37 lr 3.82e-04 tok/s 564960 t 4947s\n"}
,{"stream_name":"stdout","time":5120.596501596,"data":"step  42700 loss 2.8693 ema 2.8502 bpc~1.083 gnorm 0.38 lr 3.81e-04 tok/s 564974 t 4953s\n"}
,{"stream_name":"stdout","time":5126.234175309,"data":"step  42750 loss 2.7154 ema 2.7644 bpc~1.050 gnorm 0.34 lr 3.81e-04 tok/s 564993 t 4959s\n"}
,{"stream_name":"stdout","time":5131.816244206,"data":"step  42800 loss 2.8536 ema 2.8211 bpc~1.072 gnorm 0.38 lr 3.81e-04 tok/s 565018 t 4964s\n"}
,{"stream_name":"stdout","time":5137.523022593,"data":"step  42850 loss 2.8636 ema 2.8481 bpc~1.082 gnorm 0.37 lr 3.80e-04 tok/s 565032 t 4970s\n"}
,{"stream_name":"stdout","time":5143.039749496,"data":"step  42900 loss 2.8248 ema 2.8333 bpc~1.076 gnorm 0.36 lr 3.80e-04 tok/s 565060 t 4976s\n"}
,{"stream_name":"stdout","time":5148.618022254,"data":"step  42950 loss 2.7150 ema 2.7581 bpc~1.048 gnorm 0.35 lr 3.79e-04 tok/s 565085 t 4981s\n"}
,{"stream_name":"stdout","time":5154.200702762,"data":"step  43000 loss 2.7896 ema 2.7781 bpc~1.055 gnorm 0.39 lr 3.79e-04 tok/s 565110 t 4987s\n"}
,{"stream_name":"stdout","time":5159.767477531,"data":"step  43050 loss 2.8503 ema 2.8240 bpc~1.073 gnorm 0.37 lr 3.78e-04 tok/s 565136 t 4992s\n"}
,{"stream_name":"stdout","time":5172.329711441,"data":"step  43100 loss 2.7785 ema 2.7951 bpc~1.062 gnorm 0.37 lr 3.78e-04 tok/s 565156 t 4998s\n"}
,{"stream_name":"stdout","time":5172.329763931,"data":"step  43150 loss 2.8972 ema 2.8600 bpc~1.086 gnorm 0.37 lr 3.78e-04 tok/s 565179 t 5004s\n"}
,{"stream_name":"stdout","time":5176.583742244,"data":"step  43200 loss 2.9280 ema 2.9033 bpc~1.103 gnorm 0.36 lr 3.77e-04 tok/s 565201 t 5009s\n"}
,{"stream_name":"stdout","time":5182.036080346,"data":"step  43250 loss 2.8049 ema 2.8407 bpc~1.079 gnorm 0.36 lr 3.77e-04 tok/s 565240 t 5015s\n"}
,{"stream_name":"stdout","time":5187.56807263,"data":"step  43300 loss 2.8177 ema 2.8261 bpc~1.074 gnorm 0.37 lr 3.76e-04 tok/s 565270 t 5020s\n"}
,{"stream_name":"stdout","time":5193.138101531,"data":"step  43350 loss 2.8322 ema 2.8300 bpc~1.075 gnorm 0.36 lr 3.76e-04 tok/s 565296 t 5026s\n"}
,{"stream_name":"stdout","time":5198.914207441,"data":"step  43400 loss 2.7625 ema 2.7871 bpc~1.059 gnorm 0.36 lr 3.75e-04 tok/s 565302 t 5031s\n"}
,{"stream_name":"stdout","time":5204.489449351,"data":"step  43450 loss 2.7689 ema 2.7755 bpc~1.054 gnorm 0.37 lr 3.75e-04 tok/s 565323 t 5037s\n"}
,{"stream_name":"stdout","time":5210.165955161,"data":"step  43500 loss 2.9065 ema 2.8588 bpc~1.086 gnorm 0.38 lr 3.74e-04 tok/s 565336 t 5043s\n"}
,{"stream_name":"stdout","time":5215.862749978,"data":"step  43550 loss 2.7570 ema 2.7941 bpc~1.061 gnorm 0.38 lr 3.74e-04 tok/s 565347 t 5048s\n"}
,{"stream_name":"stdout","time":5221.511757701,"data":"step  43600 loss 2.8230 ema 2.8125 bpc~1.068 gnorm 0.36 lr 3.74e-04 tok/s 565364 t 5054s\n"}
,{"stream_name":"stdout","time":5227.160718924,"data":"step  43650 loss 2.8033 ema 2.8066 bpc~1.066 gnorm 0.36 lr 3.73e-04 tok/s 565380 t 5060s\n"}
,{"stream_name":"stdout","time":5232.87447134,"data":"step  43700 loss 2.8285 ema 2.8205 bpc~1.071 gnorm 0.38 lr 3.73e-04 tok/s 565389 t 5065s\n"}
,{"stream_name":"stdout","time":5238.54705037,"data":"step  43750 loss 2.7431 ema 2.7713 bpc~1.053 gnorm 0.36 lr 3.72e-04 tok/s 565403 t 5071s\n"}
,{"stream_name":"stdout","time":5244.162698506,"data":"step  43800 loss 2.7865 ema 2.7810 bpc~1.056 gnorm 0.37 lr 3.72e-04 tok/s 565423 t 5077s\n"}
,{"stream_name":"stdout","time":5249.709480039,"data":"step  43850 loss 2.7590 ema 2.7670 bpc~1.051 gnorm 0.37 lr 3.71e-04 tok/s 565451 t 5082s\n"}
,{"stream_name":"stdout","time":5255.224921995,"data":"step  43900 loss 2.8905 ema 2.8455 bpc~1.081 gnorm 0.38 lr 3.71e-04 tok/s 565482 t 5088s\n"}
,{"stream_name":"stdout","time":5260.84731002,"data":"step  43950 loss 2.8568 ema 2.8527 bpc~1.084 gnorm 0.37 lr 3.70e-04 tok/s 565505 t 5093s\n"}
,{"stream_name":"stdout","time":5266.387808124,"data":"step  44000 loss 2.8467 ema 2.8489 bpc~1.082 gnorm 0.37 lr 3.70e-04 tok/s 565529 t 5099s\n"}
,{"stream_name":"stdout","time":5270.432155858,"data":"EVAL step 44000 valid_loss 2.6376 valid_bpc 1.0019 *guardado\n"}
,{"stream_name":"stdout","time":5276.023822466,"data":"step  44050 loss 2.8159 ema 2.8279 bpc~1.074 gnorm 0.35 lr 3.70e-04 tok/s 565104 t 5109s\n"}
,{"stream_name":"stdout","time":5281.590679777,"data":"step  44100 loss 2.8202 ema 2.8230 bpc~1.072 gnorm 0.38 lr 3.69e-04 tok/s 565129 t 5114s\n"}
,{"stream_name":"stdout","time":5287.340822779,"data":"step  44150 loss 2.8947 ema 2.8686 bpc~1.090 gnorm 0.37 lr 3.69e-04 tok/s 565135 t 5120s\n"}
,{"stream_name":"stdout","time":5293.073936154,"data":"step  44200 loss 2.8419 ema 2.8516 bpc~1.083 gnorm 0.35 lr 3.68e-04 tok/s 565142 t 5126s\n"}
,{"stream_name":"stdout","time":5298.837944395,"data":"step  44250 loss 2.7483 ema 2.7859 bpc~1.058 gnorm 0.35 lr 3.68e-04 tok/s 565146 t 5131s\n"}
,{"stream_name":"stdout","time":5304.582437378,"data":"step  44300 loss 2.9020 ema 2.8597 bpc~1.086 gnorm 0.37 lr 3.67e-04 tok/s 565152 t 5137s\n"}
,{"stream_name":"stdout","time":5310.271071427,"data":"step  44350 loss 2.8050 ema 2.8249 bpc~1.073 gnorm 0.37 lr 3.67e-04 tok/s 565164 t 5143s\n"}
,{"stream_name":"stdout","time":5315.848594546,"data":"step  44400 loss 2.8646 ema 2.8502 bpc~1.083 gnorm 0.37 lr 3.66e-04 tok/s 565188 t 5148s\n"}
,{"stream_name":"stdout","time":5321.326323236,"data":"step  44450 loss 2.7663 ema 2.7968 bpc~1.062 gnorm 0.36 lr 3.66e-04 tok/s 565227 t 5154s\n"}
,{"stream_name":"stdout","time":5327.025753424,"data":"step  44500 loss 2.8281 ema 2.8167 bpc~1.070 gnorm 0.36 lr 3.66e-04 tok/s 565234 t 5160s\n"}
,{"stream_name":"stdout","time":5332.73954879,"data":"step  44550 loss 2.8336 ema 2.8274 bpc~1.074 gnorm 0.38 lr 3.65e-04 tok/s 565243 t 5165s\n"}
,{"stream_name":"stdout","time":5338.41571077,"data":"step  44600 loss 2.7612 ema 2.7853 bpc~1.058 gnorm 0.35 lr 3.65e-04 tok/s 565256 t 5171s\n"}
,{"stream_name":"stdout","time":5343.979608311,"data":"step  44650 loss 2.8389 ema 2.8194 bpc~1.071 gnorm 0.37 lr 3.64e-04 tok/s 565281 t 5177s\n"}
,{"stream_name":"stdout","time":5349.817970695,"data":"step  44700 loss 2.7958 ema 2.8044 bpc~1.065 gnorm 0.37 lr 3.64e-04 tok/s 565277 t 5182s\n"}
,{"stream_name":"stdout","time":5380.387144274,"data":"step  44750 loss 2.7524 ema 2.7713 bpc~1.053 gnorm 0.36 lr 3.63e-04 tok/s 565285 t 5188s\n"}
,{"stream_name":"stdout","time":5380.387163884,"data":"step  44800 loss 2.9111 ema 2.8602 bpc~1.086 gnorm 0.38 lr 3.63e-04 tok/s 565292 t 5194s\n"}
,{"stream_name":"stdout","time":5380.387170174,"data":"step  44850 loss 2.6472 ema 2.7248 bpc~1.035 gnorm 0.36 lr 3.63e-04 tok/s 565301 t 5200s\n"}
,{"stream_name":"stdout","time":5380.387174924,"data":"step  44900 loss 2.7850 ema 2.7631 bpc~1.050 gnorm 0.37 lr 3.62e-04 tok/s 565320 t 5205s\n"}
,{"stream_name":"stdout","time":5380.387179654,"data":"step  44950 loss 2.8006 ema 2.7869 bpc~1.059 gnorm 0.38 lr 3.62e-04 tok/s 565340 t 5211s\n"}
,{"stream_name":"stdout","time":5383.762807945,"data":"step  45000 loss 2.7637 ema 2.7721 bpc~1.053 gnorm 0.39 lr 3.61e-04 tok/s 565371 t 5216s\n"}
,{"stream_name":"stdout","time":5389.207356758,"data":"step  45050 loss 2.8141 ema 2.7988 bpc~1.063 gnorm 0.37 lr 3.61e-04 tok/s 565405 t 5222s\n"}
,{"stream_name":"stdout","time":5394.710680906,"data":"step  45100 loss 2.8821 ema 2.8517 bpc~1.083 gnorm 0.37 lr 3.60e-04 tok/s 565437 t 5227s\n"}
,{"stream_name":"stdout","time":5400.212191183,"data":"step  45150 loss 2.8206 ema 2.8319 bpc~1.076 gnorm 0.37 lr 3.60e-04 tok/s 565469 t 5233s\n"}
,{"stream_name":"stdout","time":5405.857592376,"data":"step  45200 loss 2.8111 ema 2.8187 bpc~1.071 gnorm 0.36 lr 3.59e-04 tok/s 565485 t 5238s\n"}
,{"stream_name":"stdout","time":5411.388054111,"data":"step  45250 loss 2.8370 ema 2.8303 bpc~1.075 gnorm 0.37 lr 3.59e-04 tok/s 565513 t 5244s\n"}
,{"stream_name":"stdout","time":5416.929675674,"data":"step  45300 loss 2.7975 ema 2.8094 bpc~1.067 gnorm 0.37 lr 3.59e-04 tok/s 565541 t 5249s\n"}
,{"stream_name":"stdout","time":5422.483103446,"data":"step  45350 loss 2.7749 ema 2.7875 bpc~1.059 gnorm 0.37 lr 3.58e-04 tok/s 565567 t 5255s\n"}
,{"stream_name":"stdout","time":5428.071411475,"data":"step  45400 loss 2.7923 ema 2.7906 bpc~1.060 gnorm 0.37 lr 3.58e-04 tok/s 565589 t 5261s\n"}
,{"stream_name":"stdout","time":5433.531502096,"data":"step  45450 loss 2.8779 ema 2.8461 bpc~1.081 gnorm 0.39 lr 3.57e-04 tok/s 565624 t 5266s\n"}
,{"stream_name":"stdout","time":5439.009427046,"data":"step  45500 loss 2.8352 ema 2.8391 bpc~1.078 gnorm 0.36 lr 3.57e-04 tok/s 565658 t 5272s\n"}
,{"stream_name":"stdout","time":5444.580447927,"data":"step  45550 loss 2.8116 ema 2.8216 bpc~1.072 gnorm 0.36 lr 3.56e-04 tok/s 565686 t 5277s\n"}
,{"stream_name":"stdout","time":5449.977071075,"data":"step  45600 loss 2.8029 ema 2.8097 bpc~1.067 gnorm 0.41 lr 3.56e-04 tok/s 565724 t 5283s\n"}
,{"stream_name":"stdout","time":5455.364377594,"data":"step  45650 loss 2.8319 ema 2.8238 bpc~1.073 gnorm 0.38 lr 3.55e-04 tok/s 565768 t 5288s\n"}
,{"stream_name":"stdout","time":5460.909409297,"data":"step  45700 loss 2.7814 ema 2.7968 bpc~1.062 gnorm 0.36 lr 3.55e-04 tok/s 565794 t 5293s\n"}
,{"stream_name":"stdout","time":5466.525808953,"data":"step  45750 loss 2.7969 ema 2.7969 bpc~1.062 gnorm 0.38 lr 3.55e-04 tok/s 565813 t 5299s\n"}
,{"stream_name":"stdout","time":5472.062583586,"data":"step  45800 loss 2.8288 ema 2.8172 bpc~1.070 gnorm 0.38 lr 3.54e-04 tok/s 565840 t 5305s\n"}
,{"stream_name":"stdout","time":5477.490144252,"data":"step  45850 loss 2.8143 ema 2.8154 bpc~1.069 gnorm 0.37 lr 3.54e-04 tok/s 565879 t 5310s\n"}
,{"stream_name":"stdout","time":5482.966439191,"data":"step  45900 loss 2.8804 ema 2.8567 bpc~1.085 gnorm 0.37 lr 3.53e-04 tok/s 565912 t 5315s\n"}
,{"stream_name":"stdout","time":5488.466085669,"data":"step  45950 loss 2.8315 ema 2.8407 bpc~1.079 gnorm 0.38 lr 3.53e-04 tok/s 565943 t 5321s\n"}
,{"stream_name":"stdout","time":5493.986936255,"data":"step  46000 loss 2.9566 ema 2.9144 bpc~1.107 gnorm 0.40 lr 3.52e-04 tok/s 565972 t 5327s\n"}
,{"stream_name":"stdout","time":5497.931897478,"data":"EVAL step 46000 valid_loss 2.6296 valid_bpc 0.9989 *guardado\n"}
,{"stream_name":"stdout","time":5503.39172883,"data":"step  46050 loss 2.8313 ema 2.8615 bpc~1.087 gnorm 0.37 lr 3.52e-04 tok/s 565588 t 5336s\n"}
,{"stream_name":"stdout","time":5508.917580775,"data":"step  46100 loss 2.7186 ema 2.7706 bpc~1.052 gnorm 0.38 lr 3.51e-04 tok/s 565621 t 5341s\n"}
,{"stream_name":"stdout","time":5629.966994987,"data":"step  46150 loss 2.7784 ema 2.7755 bpc~1.054 gnorm 0.36 lr 3.51e-04 tok/s 565640 t 5347s\n"}
,{"stream_name":"stdout","time":5629.967042407,"data":"step  46200 loss 2.8412 ema 2.8173 bpc~1.070 gnorm 0.36 lr 3.51e-04 tok/s 565657 t 5353s\n"}
,{"stream_name":"stdout","time":5629.967052707,"data":"step  46250 loss 2.7969 ema 2.8043 bpc~1.065 gnorm 0.37 lr 3.50e-04 tok/s 565684 t 5358s\n"}
,{"stream_name":"stdout","time":5629.967059667,"data":"step  46300 loss 2.8034 ema 2.8037 bpc~1.065 gnorm 0.36 lr 3.50e-04 tok/s 565693 t 5364s\n"}
,{"stream_name":"stdout","time":5629.967065957,"data":"step  46350 loss 2.8463 ema 2.8308 bpc~1.075 gnorm 0.38 lr 3.49e-04 tok/s 565713 t 5369s\n"}
,{"stream_name":"stdout","time":5629.967072327,"data":"step  46400 loss 2.8198 ema 2.8238 bpc~1.073 gnorm 0.37 lr 3.49e-04 tok/s 565723 t 5375s\n"}
,{"stream_name":"stdout","time":5629.967078587,"data":"step  46450 loss 2.7739 ema 2.7921 bpc~1.061 gnorm 0.36 lr 3.48e-04 tok/s 565736 t 5381s\n"}
,{"stream_name":"stdout","time":5629.967085107,"data":"step  46500 loss 2.7706 ema 2.7784 bpc~1.055 gnorm 0.39 lr 3.48e-04 tok/s 565752 t 5387s\n"}
,{"stream_name":"stdout","time":5629.967091227,"data":"step  46550 loss 2.8671 ema 2.8348 bpc~1.077 gnorm 0.38 lr 3.47e-04 tok/s 565758 t 5392s\n"}
,{"stream_name":"stdout","time":5629.967097597,"data":"step  46600 loss 2.6399 ema 2.7109 bpc~1.030 gnorm 0.36 lr 3.47e-04 tok/s 565781 t 5398s\n"}
,{"stream_name":"stdout","time":5629.967103667,"data":"step  46650 loss 2.8691 ema 2.8115 bpc~1.068 gnorm 0.37 lr 3.47e-04 tok/s 565793 t 5403s\n"}
,{"stream_name":"stdout","time":5629.967109897,"data":"step  46700 loss 2.8399 ema 2.8296 bpc~1.075 gnorm 0.38 lr 3.46e-04 tok/s 565805 t 5409s\n"}
,{"stream_name":"stdout","time":5629.967116377,"data":"step  46750 loss 2.8496 ema 2.8423 bpc~1.080 gnorm 0.38 lr 3.46e-04 tok/s 565814 t 5415s\n"}
,{"stream_name":"stdout","time":5629.967122557,"data":"step  46800 loss 2.8117 ema 2.8229 bpc~1.072 gnorm 0.38 lr 3.45e-04 tok/s 565824 t 5421s\n"}
,{"stream_name":"stdout","time":5629.967150717,"data":"step  46850 loss 2.9001 ema 2.8720 bpc~1.091 gnorm 0.39 lr 3.45e-04 tok/s 565828 t 5426s\n"}
,{"stream_name":"stdout","time":5629.967155517,"data":"step  46900 loss 2.7693 ema 2.8067 bpc~1.066 gnorm 0.38 lr 3.44e-04 tok/s 565835 t 5432s\n"}
,{"stream_name":"stdout","time":5629.967159807,"data":"step  46950 loss 2.7938 ema 2.7985 bpc~1.063 gnorm 0.39 lr 3.44e-04 tok/s 565842 t 5438s\n"}
,{"stream_name":"stdout","time":5629.967176457,"data":"step  47000 loss 2.7756 ema 2.7839 bpc~1.058 gnorm 0.38 lr 3.43e-04 tok/s 565851 t 5443s\n"}
,{"stream_name":"stdout","time":5629.967180757,"data":"step  47050 loss 2.7766 ema 2.7792 bpc~1.056 gnorm 0.39 lr 3.43e-04 tok/s 565865 t 5449s\n"}
,{"stream_name":"stdout","time":5629.967184797,"data":"step  47100 loss 2.8228 ema 2.8069 bpc~1.066 gnorm 0.37 lr 3.42e-04 tok/s 565885 t 5455s\n"}
,{"stream_name":"stdout","time":5629.967188867,"data":"step  47150 loss 2.8438 ema 2.8304 bpc~1.075 gnorm 0.37 lr 3.42e-04 tok/s 565909 t 5460s\n"}
,{"stream_name":"stdout","time":5633.288818173,"data":"step  47200 loss 2.7818 ema 2.7995 bpc~1.063 gnorm 0.40 lr 3.42e-04 tok/s 565936 t 5466s\n"}
,{"stream_name":"stdout","time":5638.747682355,"data":"step  47250 loss 2.8120 ema 2.8075 bpc~1.066 gnorm 0.38 lr 3.41e-04 tok/s 565974 t 5471s\n"}
,{"stream_name":"stdout","time":5644.158694962,"data":"step  47300 loss 2.7750 ema 2.7868 bpc~1.059 gnorm 0.37 lr 3.41e-04 tok/s 566009 t 5477s\n"}
,{"stream_name":"stdout","time":5649.65779434,"data":"step  47350 loss 2.6904 ema 2.7255 bpc~1.035 gnorm 0.38 lr 3.40e-04 tok/s 566039 t 5482s\n"}
,{"stream_name":"stdout","time":5655.318947131,"data":"step  47400 loss 2.7681 ema 2.7526 bpc~1.046 gnorm 0.39 lr 3.40e-04 tok/s 566052 t 5488s\n"}
,{"stream_name":"stdout","time":5660.770480813,"data":"step  47450 loss 2.8248 ema 2.7985 bpc~1.063 gnorm 0.37 lr 3.39e-04 tok/s 566087 t 5493s\n"}
,{"stream_name":"stdout","time":5666.311724457,"data":"step  47500 loss 2.8682 ema 2.8428 bpc~1.080 gnorm 0.38 lr 3.39e-04 tok/s 566112 t 5499s\n"}
,{"stream_name":"stdout","time":5671.835069082,"data":"step  47550 loss 2.7518 ema 2.7849 bpc~1.058 gnorm 0.36 lr 3.38e-04 tok/s 566140 t 5504s\n"}
,{"stream_name":"stdout","time":5677.355440547,"data":"step  47600 loss 2.7717 ema 2.7765 bpc~1.055 gnorm 0.38 lr 3.38e-04 tok/s 566167 t 5510s\n"}
,{"stream_name":"stdout","time":5682.946438446,"data":"step  47650 loss 2.7847 ema 2.7817 bpc~1.057 gnorm 0.38 lr 3.38e-04 tok/s 566187 t 5515s\n"}
,{"stream_name":"stdout","time":5688.593338239,"data":"step  47700 loss 2.8271 ema 2.8106 bpc~1.068 gnorm 0.37 lr 3.37e-04 tok/s 566202 t 5521s\n"}
,{"stream_name":"stdout","time":5694.307804226,"data":"step  47750 loss 2.7915 ema 2.7984 bpc~1.063 gnorm 0.38 lr 3.37e-04 tok/s 566209 t 5527s\n"}
,{"stream_name":"stdout","time":5700.023266785,"data":"step  47800 loss 2.8136 ema 2.8081 bpc~1.067 gnorm 0.39 lr 3.36e-04 tok/s 566220 t 5533s\n"}
,{"stream_name":"stdout","time":5705.737071874,"data":"step  47850 loss 2.8162 ema 2.8132 bpc~1.069 gnorm 0.36 lr 3.36e-04 tok/s 566224 t 5538s\n"}
,{"stream_name":"stdout","time":5711.383126738,"data":"step  47900 loss 2.7553 ema 2.7764 bpc~1.055 gnorm 0.39 lr 3.35e-04 tok/s 566238 t 5544s\n"}
,{"stream_name":"stdout","time":5717.001663665,"data":"step  47950 loss 2.7731 ema 2.7743 bpc~1.054 gnorm 0.38 lr 3.35e-04 tok/s 566256 t 5550s\n"}
,{"stream_name":"stdout","time":5722.582391745,"data":"step  48000 loss 2.7995 ema 2.7903 bpc~1.060 gnorm 0.37 lr 3.34e-04 tok/s 566277 t 5555s\n"}
,{"stream_name":"stdout","time":5726.596490583,"data":"EVAL step 48000 valid_loss 2.6213 valid_bpc 0.9957 *guardado\n"}
,{"stream_name":"stdout","time":5732.191688972,"data":"step  48050 loss 2.7004 ema 2.7332 bpc~1.038 gnorm 0.36 lr 3.34e-04 tok/s 565888 t 5565s\n"}
,{"stream_name":"stdout","time":5737.875996433,"data":"step  48100 loss 2.8077 ema 2.7806 bpc~1.056 gnorm 0.38 lr 3.34e-04 tok/s 565898 t 5570s\n"}
,{"stream_name":"stdout","time":5743.471917272,"data":"step  48150 loss 2.7650 ema 2.7707 bpc~1.052 gnorm 0.37 lr 3.33e-04 tok/s 565918 t 5576s\n"}
,{"stream_name":"stdout","time":5749.221395488,"data":"step  48200 loss 2.8274 ema 2.8067 bpc~1.066 gnorm 0.39 lr 3.33e-04 tok/s 565922 t 5582s\n"}
,{"stream_name":"stdout","time":5754.89228515,"data":"step  48250 loss 2.8144 ema 2.8116 bpc~1.068 gnorm 0.37 lr 3.32e-04 tok/s 565934 t 5587s\n"}
,{"stream_name":"stdout","time":5760.671008393,"data":"step  48300 loss 2.8193 ema 2.8165 bpc~1.070 gnorm 0.38 lr 3.32e-04 tok/s 565939 t 5593s\n"}
,{"stream_name":"stdout","time":5766.210565386,"data":"step  48350 loss 2.7778 ema 2.7919 bpc~1.061 gnorm 0.38 lr 3.31e-04 tok/s 565961 t 5599s\n"}
,{"stream_name":"stdout","time":5771.98186402,"data":"step  48400 loss 2.7414 ema 2.7598 bpc~1.048 gnorm 0.38 lr 3.31e-04 tok/s 565963 t 5605s\n"}
,{"stream_name":"stdout","time":5777.741924415,"data":"step  48450 loss 2.7827 ema 2.7744 bpc~1.054 gnorm 0.38 lr 3.30e-04 tok/s 565966 t 5610s\n"}
,{"stream_name":"stdout","time":5783.489444221,"data":"step  48500 loss 2.8395 ema 2.8158 bpc~1.070 gnorm 0.38 lr 3.30e-04 tok/s 565970 t 5616s\n"}
,{"stream_name":"stdout","time":5789.19728658,"data":"step  48550 loss 2.8421 ema 2.8325 bpc~1.076 gnorm 0.37 lr 3.30e-04 tok/s 565978 t 5622s\n"}
,{"stream_name":"stdout","time":5794.823233156,"data":"step  48600 loss 2.7178 ema 2.7596 bpc~1.048 gnorm 0.37 lr 3.29e-04 tok/s 565995 t 5627s\n"}
,{"stream_name":"stdout","time":5800.529709776,"data":"step  48650 loss 2.8747 ema 2.8328 bpc~1.076 gnorm 0.38 lr 3.29e-04 tok/s 566003 t 5633s\n"}
,{"stream_name":"stdout","time":5806.343867266,"data":"step  48700 loss 2.8237 ema 2.8270 bpc~1.074 gnorm 0.37 lr 3.28e-04 tok/s 566000 t 5639s\n"}
,{"stream_name":"stdout","time":5812.014607818,"data":"step  48750 loss 2.8647 ema 2.8510 bpc~1.083 gnorm 0.38 lr 3.28e-04 tok/s 566012 t 5645s\n"}
,{"stream_name":"stdout","time":5817.642237994,"data":"step  48800 loss 2.7733 ema 2.8016 bpc~1.064 gnorm 0.39 lr 3.27e-04 tok/s 566029 t 5650s\n"}
,{"stream_name":"stdout","time":5823.326714096,"data":"step  48850 loss 2.7596 ema 2.7749 bpc~1.054 gnorm 0.37 lr 3.27e-04 tok/s 566043 t 5656s\n"}
,{"stream_name":"stdout","time":5828.971890059,"data":"step  48900 loss 2.8518 ema 2.8238 bpc~1.073 gnorm 0.38 lr 3.26e-04 tok/s 566053 t 5661s\n"}
,{"stream_name":"stdout","time":5834.695343578,"data":"step  48950 loss 2.8061 ema 2.8126 bpc~1.068 gnorm 0.39 lr 3.26e-04 tok/s 566060 t 5667s\n"}
,{"stream_name":"stdout","time":5840.396897227,"data":"step  49000 loss 2.8018 ema 2.8057 bpc~1.066 gnorm 0.39 lr 3.26e-04 tok/s 566069 t 5673s\n"}
,{"stream_name":"stdout","time":5856.807596364,"data":"step  49050 loss 2.7386 ema 2.7631 bpc~1.050 gnorm 0.38 lr 3.25e-04 tok/s 566083 t 5679s\n"}
,{"stream_name":"stdout","time":5856.807649884,"data":"step  49100 loss 2.7358 ema 2.7457 bpc~1.043 gnorm 0.38 lr 3.25e-04 tok/s 566107 t 5684s\n"}
,{"stream_name":"stdout","time":5857.191038782,"data":"step  49150 loss 2.7431 ema 2.7440 bpc~1.042 gnorm 0.38 lr 3.24e-04 tok/s 566126 t 5690s\n"}
,{"stream_name":"stdout","time":5862.839576996,"data":"step  49200 loss 2.8251 ema 2.7956 bpc~1.062 gnorm 0.39 lr 3.24e-04 tok/s 566139 t 5695s\n"}
,{"stream_name":"stdout","time":5868.515440168,"data":"step  49250 loss 2.8093 ema 2.8043 bpc~1.065 gnorm 0.40 lr 3.23e-04 tok/s 566151 t 5701s\n"}
,{"stream_name":"stdout","time":5874.166544802,"data":"step  49300 loss 2.7538 ema 2.7722 bpc~1.053 gnorm 0.39 lr 3.23e-04 tok/s 566164 t 5707s\n"}
,{"stream_name":"stdout","time":5879.823565165,"data":"step  49350 loss 2.8096 ema 2.7960 bpc~1.062 gnorm 0.39 lr 3.22e-04 tok/s 566177 t 5712s\n"}
,{"stream_name":"stdout","time":5885.35171432,"data":"step  49400 loss 2.7482 ema 2.7656 bpc~1.051 gnorm 0.39 lr 3.22e-04 tok/s 566207 t 5718s\n"}
,{"stream_name":"stdout","time":5890.776185922,"data":"step  49450 loss 2.8302 ema 2.8067 bpc~1.066 gnorm 0.38 lr 3.22e-04 tok/s 566239 t 5723s\n"}
,{"stream_name":"stdout","time":5896.267404729,"data":"step  49500 loss 2.7375 ema 2.7627 bpc~1.049 gnorm 0.38 lr 3.21e-04 tok/s 566268 t 5729s\n"}
,{"stream_name":"stdout","time":5901.735265018,"data":"step  49550 loss 2.8111 ema 2.7935 bpc~1.061 gnorm 0.38 lr 3.21e-04 tok/s 566299 t 5734s\n"}
,{"stream_name":"stdout","time":5907.17473393,"data":"step  49600 loss 2.8004 ema 2.7979 bpc~1.063 gnorm 0.38 lr 3.20e-04 tok/s 566334 t 5740s\n"}
,{"stream_name":"stdout","time":5912.599186513,"data":"step  49650 loss 2.7236 ema 2.7507 bpc~1.045 gnorm 0.37 lr 3.20e-04 tok/s 566369 t 5745s\n"}
,{"stream_name":"stdout","time":5918.137091665,"data":"step  49700 loss 2.7310 ema 2.7382 bpc~1.040 gnorm 0.36 lr 3.19e-04 tok/s 566394 t 5751s\n"}
,{"stream_name":"stdout","time":5923.626907993,"data":"step  49750 loss 2.8085 ema 2.7829 bpc~1.057 gnorm 0.38 lr 3.19e-04 tok/s 566423 t 5756s\n"}
,{"stream_name":"stdout","time":5929.125295389,"data":"step  49800 loss 2.7416 ema 2.7567 bpc~1.047 gnorm 0.40 lr 3.18e-04 tok/s 566451 t 5762s\n"}
,{"stream_name":"stdout","time":5934.585240989,"data":"step  49850 loss 2.7715 ema 2.7661 bpc~1.051 gnorm 0.38 lr 3.18e-04 tok/s 566483 t 5767s\n"}
,{"stream_name":"stdout","time":5940.130000192,"data":"step  49900 loss 2.7998 ema 2.7876 bpc~1.059 gnorm 0.39 lr 3.18e-04 tok/s 566506 t 5773s\n"}
,{"stream_name":"stdout","time":5945.647884407,"data":"step  49950 loss 2.8003 ema 2.7957 bpc~1.062 gnorm 0.37 lr 3.17e-04 tok/s 566536 t 5778s\n"}
,{"stream_name":"stdout","time":5951.162385962,"data":"step  50000 loss 2.8458 ema 2.8275 bpc~1.074 gnorm 0.39 lr 3.17e-04 tok/s 566559 t 5784s\n"}
,{"stream_name":"stdout","time":5955.091551198,"data":"EVAL step 50000 valid_loss 2.6138 valid_bpc 0.9929 *guardado\n"}
,{"stream_name":"stdout","time":5960.603462713,"data":"step  50050 loss 2.8535 ema 2.8440 bpc~1.080 gnorm 0.39 lr 3.16e-04 tok/s 566201 t 5793s\n"}
,{"stream_name":"stdout","time":5966.178659613,"data":"step  50100 loss 2.8223 ema 2.8302 bpc~1.075 gnorm 0.40 lr 3.16e-04 tok/s 566222 t 5799s\n"}
,{"stream_name":"stdout","time":6032.786798,"data":"step  50150 loss 2.8025 ema 2.8126 bpc~1.068 gnorm 0.39 lr 3.15e-04 tok/s 566242 t 5804s\n"}
,{"stream_name":"stdout","time":6032.78681508,"data":"step  50200 loss 2.7820 ema 2.7931 bpc~1.061 gnorm 0.38 lr 3.15e-04 tok/s 566270 t 5810s\n"}
,{"stream_name":"stdout","time":6032.78682159,"data":"step  50250 loss 2.7674 ema 2.7768 bpc~1.055 gnorm 0.39 lr 3.14e-04 tok/s 566284 t 5815s\n"}
,{"stream_name":"stdout","time":6032.78682725,"data":"step  50300 loss 2.8029 ema 2.7934 bpc~1.061 gnorm 0.39 lr 3.14e-04 tok/s 566309 t 5821s\n"}
,{"stream_name":"stdout","time":6032.7868326,"data":"step  50350 loss 2.8366 ema 2.8209 bpc~1.072 gnorm 0.39 lr 3.13e-04 tok/s 566343 t 5826s\n"}
,{"stream_name":"stdout","time":6032.7868386,"data":"step  50400 loss 2.8201 ema 2.8204 bpc~1.071 gnorm 0.39 lr 3.13e-04 tok/s 566372 t 5832s\n"}
,{"stream_name":"stdout","time":6032.78684434,"data":"step  50450 loss 2.8061 ema 2.8113 bpc~1.068 gnorm 0.40 lr 3.13e-04 tok/s 566395 t 5837s\n"}
,{"stream_name":"stdout","time":6032.78684963,"data":"step  50500 loss 2.8682 ema 2.8475 bpc~1.082 gnorm 0.39 lr 3.12e-04 tok/s 566405 t 5843s\n"}
,{"stream_name":"stdout","time":6032.78685532,"data":"step  50550 loss 2.7031 ema 2.7557 bpc~1.047 gnorm 0.37 lr 3.12e-04 tok/s 566421 t 5849s\n"}
,{"stream_name":"stdout","time":6032.78687137,"data":"step  50600 loss 2.7858 ema 2.7748 bpc~1.054 gnorm 0.39 lr 3.11e-04 tok/s 566445 t 5854s\n"}
,{"stream_name":"stdout","time":6032.78687569,"data":"step  50650 loss 2.7213 ema 2.7408 bpc~1.041 gnorm 0.37 lr 3.11e-04 tok/s 566461 t 5860s\n"}
,{"stream_name":"stdout","time":6032.954806796,"data":"step  50700 loss 2.8342 ema 2.8002 bpc~1.064 gnorm 0.40 lr 3.10e-04 tok/s 566480 t 5865s\n"}
,{"stream_name":"stdout","time":6038.727539439,"data":"step  50750 loss 2.8409 ema 2.8260 bpc~1.074 gnorm 0.39 lr 3.10e-04 tok/s 566481 t 5871s\n"}
,{"stream_name":"stdout","time":6044.470736576,"data":"step  50800 loss 2.7913 ema 2.8040 bpc~1.065 gnorm 0.38 lr 3.09e-04 tok/s 566485 t 5877s\n"}
,{"stream_name":"stdout","time":6050.190713134,"data":"step  50850 loss 2.7514 ema 2.7705 bpc~1.052 gnorm 0.40 lr 3.09e-04 tok/s 566491 t 5883s\n"}
,{"stream_name":"stdout","time":6055.818281,"data":"step  50900 loss 2.7738 ema 2.7726 bpc~1.053 gnorm 0.39 lr 3.09e-04 tok/s 566506 t 5888s\n"}
,{"stream_name":"stdout","time":6061.360339943,"data":"step  50950 loss 2.8037 ema 2.7924 bpc~1.061 gnorm 0.38 lr 3.08e-04 tok/s 566529 t 5894s\n"}
,{"stream_name":"stdout","time":6066.808135454,"data":"step  51000 loss 2.7727 ema 2.7799 bpc~1.056 gnorm 0.40 lr 3.08e-04 tok/s 566562 t 5899s\n"}
,{"stream_name":"stdout","time":6072.381449824,"data":"step  51050 loss 2.8991 ema 2.8557 bpc~1.085 gnorm 0.38 lr 3.07e-04 tok/s 566586 t 5905s\n"}
,{"stream_name":"stdout","time":6077.88733652,"data":"step  51100 loss 2.7863 ema 2.8116 bpc~1.068 gnorm 0.38 lr 3.07e-04 tok/s 566608 t 5910s\n"}
,{"stream_name":"stdout","time":6083.414334594,"data":"step  51150 loss 2.7930 ema 2.7998 bpc~1.064 gnorm 0.39 lr 3.06e-04 tok/s 566633 t 5916s\n"}
,{"stream_name":"stdout","time":6088.953796927,"data":"step  51200 loss 2.6909 ema 2.7306 bpc~1.037 gnorm 0.38 lr 3.06e-04 tok/s 566656 t 5921s\n"}
,{"stream_name":"stdout","time":6094.484499551,"data":"step  51250 loss 2.7707 ema 2.7561 bpc~1.047 gnorm 0.38 lr 3.05e-04 tok/s 566680 t 5927s\n"}
,{"stream_name":"stdout","time":6099.992109407,"data":"step  51300 loss 2.8940 ema 2.8438 bpc~1.080 gnorm 0.40 lr 3.05e-04 tok/s 566707 t 5933s\n"}
,{"stream_name":"stdout","time":6105.416870399,"data":"step  51350 loss 2.8245 ema 2.8315 bpc~1.076 gnorm 0.40 lr 3.05e-04 tok/s 566741 t 5938s\n"}
,{"stream_name":"stdout","time":6110.939299484,"data":"step  51400 loss 2.8205 ema 2.8245 bpc~1.073 gnorm 0.39 lr 3.04e-04 tok/s 566765 t 5943s\n"}
,{"stream_name":"stdout","time":6116.485379686,"data":"step  51450 loss 2.8179 ema 2.8203 bpc~1.071 gnorm 0.40 lr 3.04e-04 tok/s 566788 t 5949s\n"}
,{"stream_name":"stdout","time":6121.981517343,"data":"step  51500 loss 2.7410 ema 2.7698 bpc~1.052 gnorm 0.38 lr 3.03e-04 tok/s 566815 t 5955s\n"}
,{"stream_name":"stdout","time":6127.568379612,"data":"step  51550 loss 2.7789 ema 2.7756 bpc~1.054 gnorm 0.39 lr 3.03e-04 tok/s 566833 t 5960s\n"}
,{"stream_name":"stdout","time":6133.241873924,"data":"step  51600 loss 2.7824 ema 2.7799 bpc~1.056 gnorm 0.38 lr 3.02e-04 tok/s 566848 t 5966s\n"}
,{"stream_name":"stdout","time":6138.676208446,"data":"step  51650 loss 2.7701 ema 2.7737 bpc~1.054 gnorm 0.39 lr 3.02e-04 tok/s 566877 t 5971s\n"}
,{"stream_name":"stdout","time":6144.184686042,"data":"step  51700 loss 2.7963 ema 2.7881 bpc~1.059 gnorm 0.40 lr 3.01e-04 tok/s 566902 t 5977s\n"}
,{"stream_name":"stdout","time":6149.729812574,"data":"step  51750 loss 2.8274 ema 2.8131 bpc~1.069 gnorm 0.41 lr 3.01e-04 tok/s 566925 t 5982s\n"}
,{"stream_name":"stdout","time":6155.183522595,"data":"step  51800 loss 2.8299 ema 2.8238 bpc~1.073 gnorm 0.39 lr 3.01e-04 tok/s 566955 t 5988s\n"}
,{"stream_name":"stdout","time":6160.716745688,"data":"step  51850 loss 2.8053 ema 2.8120 bpc~1.068 gnorm 0.41 lr 3.00e-04 tok/s 566979 t 5993s\n"}
,{"stream_name":"stdout","time":6166.232313194,"data":"step  51900 loss 2.8102 ema 2.8109 bpc~1.068 gnorm 0.39 lr 3.00e-04 tok/s 567004 t 5999s\n"}
,{"stream_name":"stdout","time":6171.716098331,"data":"step  51950 loss 2.8101 ema 2.8104 bpc~1.068 gnorm 0.38 lr 2.99e-04 tok/s 567032 t 6004s\n"}
,{"stream_name":"stdout","time":6177.201857359,"data":"step  52000 loss 2.7842 ema 2.7938 bpc~1.061 gnorm 0.39 lr 2.99e-04 tok/s 567059 t 6010s\n"}
,{"stream_name":"stdout","time":6181.161866752,"data":"EVAL step 52000 valid_loss 2.6053 valid_bpc 0.9896 *guardado\n"}
,{"stream_name":"stdout","time":6186.629255041,"data":"step  52050 loss 2.7978 ema 2.7964 bpc~1.062 gnorm 0.41 lr 2.98e-04 tok/s 566715 t 6019s\n"}
,{"stream_name":"stdout","time":6192.170179624,"data":"step  52100 loss 2.7956 ema 2.7959 bpc~1.062 gnorm 0.39 lr 2.98e-04 tok/s 566738 t 6025s\n"}
,{"stream_name":"stdout","time":6200.555794223,"data":"step  52150 loss 2.8766 ema 2.8472 bpc~1.082 gnorm 0.39 lr 2.97e-04 tok/s 566773 t 6030s\n"}
,{"stream_name":"stdout","time":6203.122825207,"data":"step  52200 loss 2.7413 ema 2.7799 bpc~1.056 gnorm 0.40 lr 2.97e-04 tok/s 566796 t 6036s\n"}
,{"stream_name":"stdout","time":6208.865388456,"data":"step  52250 loss 2.7997 ema 2.7925 bpc~1.061 gnorm 0.40 lr 2.97e-04 tok/s 566799 t 6041s\n"}
,{"stream_name":"stdout","time":6214.518673442,"data":"step  52300 loss 2.7689 ema 2.7775 bpc~1.055 gnorm 0.38 lr 2.96e-04 tok/s 566811 t 6047s\n"}
,{"stream_name":"stdout","time":6220.124314642,"data":"step  52350 loss 2.8144 ema 2.8009 bpc~1.064 gnorm 0.39 lr 2.96e-04 tok/s 566828 t 6053s\n"}
,{"stream_name":"stdout","time":6225.657236758,"data":"step  52400 loss 2.7864 ema 2.7917 bpc~1.060 gnorm 0.40 lr 2.95e-04 tok/s 566851 t 6058s\n"}
,{"stream_name":"stdout","time":6231.089454082,"data":"step  52450 loss 2.7421 ema 2.7602 bpc~1.048 gnorm 0.40 lr 2.95e-04 tok/s 566883 t 6064s\n"}
,{"stream_name":"stdout","time":6236.59569652,"data":"step  52500 loss 2.7322 ema 2.7424 bpc~1.042 gnorm 0.37 lr 2.94e-04 tok/s 566909 t 6069s\n"}
,{"stream_name":"stdout","time":6242.282324954,"data":"step  52550 loss 2.7818 ema 2.7675 bpc~1.051 gnorm 0.38 lr 2.94e-04 tok/s 566918 t 6075s\n"}
,{"stream_name":"stdout","time":6247.890677883,"data":"step  52600 loss 2.7716 ema 2.7701 bpc~1.052 gnorm 0.43 lr 2.94e-04 tok/s 566934 t 6080s\n"}
,{"stream_name":"stdout","time":6253.407646081,"data":"step  52650 loss 2.7788 ema 2.7756 bpc~1.054 gnorm 0.39 lr 2.93e-04 tok/s 566958 t 6086s\n"}
,{"stream_name":"stdout","time":6258.950448886,"data":"step  52700 loss 2.7916 ema 2.7858 bpc~1.058 gnorm 0.38 lr 2.93e-04 tok/s 566984 t 6091s\n"}
,{"stream_name":"stdout","time":6264.50352113,"data":"step  52750 loss 2.8004 ema 2.7950 bpc~1.062 gnorm 0.39 lr 2.92e-04 tok/s 567001 t 6097s\n"}
,{"stream_name":"stdout","time":6270.218078221,"data":"step  52800 loss 2.7926 ema 2.7935 bpc~1.061 gnorm 0.39 lr 2.92e-04 tok/s 567007 t 6103s\n"}
,{"stream_name":"stdout","time":6275.811146372,"data":"step  52850 loss 2.8203 ema 2.8106 bpc~1.068 gnorm 0.40 lr 2.91e-04 tok/s 567025 t 6108s\n"}
,{"stream_name":"stdout","time":6281.354299737,"data":"step  52900 loss 2.7371 ema 2.7638 bpc~1.050 gnorm 0.39 lr 2.91e-04 tok/s 567046 t 6114s\n"}
,{"stream_name":"stdout","time":6286.715803557,"data":"step  52950 loss 2.8080 ema 2.7919 bpc~1.061 gnorm 0.39 lr 2.90e-04 tok/s 567085 t 6119s\n"}
,{"stream_name":"stdout","time":6292.182602019,"data":"step  53000 loss 2.7546 ema 2.7682 bpc~1.052 gnorm 0.39 lr 2.90e-04 tok/s 567114 t 6125s\n"}
,{"stream_name":"stdout","time":6297.688608857,"data":"step  53050 loss 2.7459 ema 2.7540 bpc~1.046 gnorm 0.38 lr 2.90e-04 tok/s 567139 t 6130s\n"}
,{"stream_name":"stdout","time":6303.231650522,"data":"step  53100 loss 2.7591 ema 2.7573 bpc~1.047 gnorm 0.40 lr 2.89e-04 tok/s 567161 t 6136s\n"}
,{"stream_name":"stdout","time":6308.730426821,"data":"step  53150 loss 2.7020 ema 2.7221 bpc~1.034 gnorm 0.38 lr 2.89e-04 tok/s 567187 t 6141s\n"}
,{"stream_name":"stdout","time":6314.324972152,"data":"step  53200 loss 2.7598 ema 2.7461 bpc~1.043 gnorm 0.39 lr 2.88e-04 tok/s 567203 t 6147s\n"}
,{"stream_name":"stdout","time":6319.886151075,"data":"step  53250 loss 2.8110 ema 2.7874 bpc~1.059 gnorm 0.40 lr 2.88e-04 tok/s 567227 t 6152s\n"}
,{"stream_name":"stdout","time":6325.291189722,"data":"step  53300 loss 2.7474 ema 2.7619 bpc~1.049 gnorm 0.41 lr 2.87e-04 tok/s 567258 t 6158s\n"}
,{"stream_name":"stdout","time":6330.830671548,"data":"step  53350 loss 2.7795 ema 2.7731 bpc~1.053 gnorm 0.38 lr 2.87e-04 tok/s 567279 t 6163s\n"}
,{"stream_name":"stdout","time":6336.465505185,"data":"step  53400 loss 2.8208 ema 2.8034 bpc~1.065 gnorm 0.43 lr 2.86e-04 tok/s 567292 t 6169s\n"}
,{"stream_name":"stdout","time":6341.908560768,"data":"step  53450 loss 2.7576 ema 2.7743 bpc~1.054 gnorm 0.43 lr 2.86e-04 tok/s 567323 t 6174s\n"}
,{"stream_name":"stdout","time":6347.445898204,"data":"step  53500 loss 2.7183 ema 2.7387 bpc~1.040 gnorm 0.39 lr 2.86e-04 tok/s 567345 t 6180s\n"}
,{"stream_name":"stdout","time":6352.992904519,"data":"step  53550 loss 2.7778 ema 2.7635 bpc~1.050 gnorm 0.40 lr 2.85e-04 tok/s 567366 t 6186s\n"}
,{"stream_name":"stdout","time":6358.544288813,"data":"step  53600 loss 2.7235 ema 2.7381 bpc~1.040 gnorm 0.39 lr 2.85e-04 tok/s 567386 t 6191s\n"}
,{"stream_name":"stdout","time":6364.07294712,"data":"step  53650 loss 2.7308 ema 2.7335 bpc~1.038 gnorm 0.39 lr 2.84e-04 tok/s 567409 t 6197s\n"}
,{"stream_name":"stdout","time":6369.765122362,"data":"step  53700 loss 2.8001 ema 2.7759 bpc~1.054 gnorm 0.39 lr 2.84e-04 tok/s 567417 t 6202s\n"}
,{"stream_name":"stdout","time":6375.404691029,"data":"step  53750 loss 2.7837 ema 2.7808 bpc~1.056 gnorm 0.38 lr 2.83e-04 tok/s 567429 t 6208s\n"}
,{"stream_name":"stdout","time":6380.932385126,"data":"step  53800 loss 2.8651 ema 2.8344 bpc~1.077 gnorm 0.39 lr 2.83e-04 tok/s 567456 t 6213s\n"}
,{"stream_name":"stdout","time":6386.458934772,"data":"step  53850 loss 2.8203 ema 2.8255 bpc~1.073 gnorm 0.39 lr 2.82e-04 tok/s 567474 t 6219s\n"}
,{"stream_name":"stdout","time":6392.032112735,"data":"step  53900 loss 2.7477 ema 2.7761 bpc~1.055 gnorm 0.39 lr 2.82e-04 tok/s 567493 t 6225s\n"}
,{"stream_name":"stdout","time":6397.568260611,"data":"step  53950 loss 2.7313 ema 2.7476 bpc~1.044 gnorm 0.39 lr 2.82e-04 tok/s 567514 t 6230s\n"}
,{"stream_name":"stdout","time":6403.031868412,"data":"step  54000 loss 2.7828 ema 2.7699 bpc~1.052 gnorm 0.41 lr 2.81e-04 tok/s 567542 t 6236s\n"}
,{"stream_name":"stdout","time":6406.983874661,"data":"EVAL step 54000 valid_loss 2.5964 valid_bpc 0.9863 *guardado\n"}
,{"stream_name":"stdout","time":6412.684464273,"data":"step  54050 loss 2.7443 ema 2.7536 bpc~1.046 gnorm 0.40 lr 2.81e-04 tok/s 567190 t 6245s\n"}
,{"stream_name":"stdout","time":6418.377738495,"data":"step  54100 loss 2.7295 ema 2.7383 bpc~1.040 gnorm 0.39 lr 2.80e-04 tok/s 567198 t 6251s\n"}
,{"stream_name":"stdout","time":6424.028192761,"data":"step  54150 loss 2.8058 ema 2.7813 bpc~1.056 gnorm 0.41 lr 2.80e-04 tok/s 567209 t 6257s\n"}
,{"stream_name":"stdout","time":6429.677379938,"data":"step  54200 loss 2.6917 ema 2.7243 bpc~1.035 gnorm 0.39 lr 2.79e-04 tok/s 567221 t 6262s\n"}
,{"stream_name":"stdout","time":6435.404373457,"data":"step  54250 loss 2.8137 ema 2.7811 bpc~1.056 gnorm 0.40 lr 2.79e-04 tok/s 567225 t 6268s\n"}
,{"stream_name":"stdout","time":6441.142221216,"data":"step  54300 loss 2.7750 ema 2.7772 bpc~1.055 gnorm 0.39 lr 2.79e-04 tok/s 567233 t 6274s\n"}
,{"stream_name":"stdout","time":6446.731316157,"data":"step  54350 loss 2.8633 ema 2.8319 bpc~1.076 gnorm 0.40 lr 2.78e-04 tok/s 567246 t 6279s\n"}
,{"stream_name":"stdout","time":6452.374043384,"data":"step  54400 loss 2.8148 ema 2.8211 bpc~1.072 gnorm 0.40 lr 2.78e-04 tok/s 567258 t 6285s\n"}
,{"stream_name":"stdout","time":6458.033914529,"data":"step  54450 loss 2.8139 ema 2.8165 bpc~1.070 gnorm 0.42 lr 2.77e-04 tok/s 567268 t 6291s\n"}
,{"stream_name":"stdout","time":6463.695763295,"data":"step  54500 loss 2.7734 ema 2.7891 bpc~1.059 gnorm 0.41 lr 2.77e-04 tok/s 567279 t 6296s\n"}
,{"stream_name":"stdout","time":6469.35031609,"data":"step  54550 loss 2.7235 ema 2.7474 bpc~1.044 gnorm 0.40 lr 2.76e-04 tok/s 567290 t 6302s\n"}
,{"stream_name":"stdout","time":6475.043083313,"data":"step  54600 loss 2.7835 ema 2.7703 bpc~1.052 gnorm 0.41 lr 2.76e-04 tok/s 567297 t 6308s\n"}
,{"stream_name":"stdout","time":6480.662967,"data":"step  54650 loss 2.7587 ema 2.7630 bpc~1.050 gnorm 0.41 lr 2.75e-04 tok/s 567311 t 6313s\n"}
,{"stream_name":"stdout","time":6486.325828167,"data":"step  54700 loss 2.8106 ema 2.7933 bpc~1.061 gnorm 0.39 lr 2.75e-04 tok/s 567321 t 6319s\n"}
,{"stream_name":"stdout","time":6492.032115728,"data":"step  54750 loss 2.8189 ema 2.8095 bpc~1.067 gnorm 0.41 lr 2.75e-04 tok/s 567328 t 6325s\n"}
,{"stream_name":"stdout","time":6497.588009372,"data":"step  54800 loss 2.7791 ema 2.7902 bpc~1.060 gnorm 0.39 lr 2.74e-04 tok/s 567347 t 6330s\n"}
,{"stream_name":"stdout","time":6503.436077962,"data":"step  54850 loss 2.7989 ema 2.7957 bpc~1.062 gnorm 0.40 lr 2.74e-04 tok/s 567345 t 6336s\n"}
,{"stream_name":"stdout","time":6509.127640394,"data":"step  54900 loss 2.6944 ema 2.7313 bpc~1.038 gnorm 0.40 lr 2.73e-04 tok/s 567348 t 6342s\n"}
,{"stream_name":"stdout","time":6514.862183163,"data":"step  54950 loss 2.7721 ema 2.7572 bpc~1.047 gnorm 0.39 lr 2.73e-04 tok/s 567352 t 6347s\n"}
,{"stream_name":"stdout","time":6520.602051242,"data":"step  55000 loss 2.7605 ema 2.7593 bpc~1.048 gnorm 0.42 lr 2.72e-04 tok/s 567355 t 6353s\n"}
,{"stream_name":"stdout","time":6526.301393454,"data":"step  55050 loss 2.8093 ema 2.7911 bpc~1.060 gnorm 0.41 lr 2.72e-04 tok/s 567362 t 6359s\n"}
,{"stream_name":"stdout","time":6531.963748559,"data":"step  55100 loss 2.7397 ema 2.7584 bpc~1.048 gnorm 0.42 lr 2.72e-04 tok/s 567372 t 6364s\n"}
,{"stream_name":"stdout","time":6537.718738197,"data":"step  55150 loss 2.7550 ema 2.7562 bpc~1.047 gnorm 0.40 lr 2.71e-04 tok/s 567374 t 6370s\n"}
,{"stream_name":"stdout","time":6543.379310422,"data":"step  55200 loss 2.7537 ema 2.7546 bpc~1.046 gnorm 0.41 lr 2.71e-04 tok/s 567384 t 6376s\n"}
,{"stream_name":"stdout","time":6549.016515149,"data":"step  55250 loss 2.7837 ema 2.7731 bpc~1.053 gnorm 0.40 lr 2.70e-04 tok/s 567396 t 6382s\n"}
,{"stream_name":"stdout","time":6554.721524211,"data":"step  55300 loss 2.7358 ema 2.7494 bpc~1.044 gnorm 0.41 lr 2.70e-04 tok/s 567403 t 6387s\n"}
,{"stream_name":"stdout","time":6560.384868896,"data":"step  55350 loss 2.7360 ema 2.7409 bpc~1.041 gnorm 0.39 lr 2.69e-04 tok/s 567412 t 6393s\n"}
,{"stream_name":"stdout","time":6566.016974984,"data":"step  55400 loss 2.7874 ema 2.7704 bpc~1.052 gnorm 0.41 lr 2.69e-04 tok/s 567429 t 6398s\n"}
,{"stream_name":"stdout","time":6571.359932235,"data":"step  55450 loss 2.7753 ema 2.7736 bpc~1.054 gnorm 0.40 lr 2.68e-04 tok/s 567463 t 6404s\n"}
,{"stream_name":"stdout","time":6576.730224035,"data":"step  55500 loss 2.7331 ema 2.7479 bpc~1.044 gnorm 0.40 lr 2.68e-04 tok/s 567499 t 6409s\n"}
,{"stream_name":"stdout","time":6582.210375475,"data":"step  55550 loss 2.8604 ema 2.8194 bpc~1.071 gnorm 0.41 lr 2.68e-04 tok/s 567525 t 6415s\n"}
,{"stream_name":"stdout","time":6587.678854597,"data":"step  55600 loss 2.8046 ema 2.8100 bpc~1.067 gnorm 0.41 lr 2.67e-04 tok/s 567552 t 6420s\n"}
,{"stream_name":"stdout","time":6593.23758949,"data":"step  55650 loss 2.7824 ema 2.7925 bpc~1.061 gnorm 0.40 lr 2.67e-04 tok/s 567571 t 6426s\n"}
,{"stream_name":"stdout","time":6598.72489768,"data":"step  55700 loss 2.8351 ema 2.8195 bpc~1.071 gnorm 0.41 lr 2.66e-04 tok/s 567596 t 6431s\n"}
,{"stream_name":"stdout","time":6604.183739243,"data":"step  55750 loss 2.6258 ema 2.6964 bpc~1.024 gnorm 0.39 lr 2.66e-04 tok/s 567624 t 6437s\n"}
,{"stream_name":"stdout","time":6609.69225693,"data":"step  55800 loss 2.6876 ema 2.6908 bpc~1.022 gnorm 0.41 lr 2.65e-04 tok/s 567647 t 6442s\n"}
,{"stream_name":"stdout","time":6615.270794323,"data":"step  55850 loss 2.8507 ema 2.7925 bpc~1.061 gnorm 0.40 lr 2.65e-04 tok/s 567664 t 6448s\n"}
,{"stream_name":"stdout","time":6620.90381628,"data":"step  55900 loss 2.6925 ema 2.7289 bpc~1.037 gnorm 0.40 lr 2.65e-04 tok/s 567677 t 6453s\n"}
,{"stream_name":"stdout","time":6626.659344758,"data":"step  55950 loss 2.8000 ema 2.7741 bpc~1.054 gnorm 0.40 lr 2.64e-04 tok/s 567682 t 6459s\n"}
,{"stream_name":"stdout","time":6632.345658721,"data":"step  56000 loss 2.7611 ema 2.7658 bpc~1.051 gnorm 0.41 lr 2.64e-04 tok/s 567686 t 6465s\n"}
,{"stream_name":"stdout","time":6636.390485371,"data":"EVAL step 56000 valid_loss 2.5885 valid_bpc 0.9833 *guardado\n"}
,{"stream_name":"stdout","time":6641.875433571,"data":"step  56050 loss 2.7111 ema 2.7310 bpc~1.037 gnorm 0.41 lr 2.63e-04 tok/s 567356 t 6474s\n"}
,{"stream_name":"stdout","time":6647.510789959,"data":"step  56100 loss 2.7933 ema 2.7706 bpc~1.052 gnorm 0.40 lr 2.63e-04 tok/s 567369 t 6480s\n"}
,{"stream_name":"stdout","time":6653.193289942,"data":"step  56150 loss 2.6981 ema 2.7245 bpc~1.035 gnorm 0.41 lr 2.62e-04 tok/s 567377 t 6486s\n"}
,{"stream_name":"stdout","time":6658.879228025,"data":"step  56200 loss 2.7778 ema 2.7584 bpc~1.048 gnorm 0.42 lr 2.62e-04 tok/s 567385 t 6491s\n"}
,{"stream_name":"stdout","time":6664.607161345,"data":"step  56250 loss 2.7825 ema 2.7737 bpc~1.054 gnorm 0.40 lr 2.62e-04 tok/s 567389 t 6497s\n"}
,{"stream_name":"stdout","time":6670.406614499,"data":"step  56300 loss 2.8323 ema 2.8110 bpc~1.068 gnorm 0.41 lr 2.61e-04 tok/s 567387 t 6503s\n"}
,{"stream_name":"stdout","time":6676.040663906,"data":"step  56350 loss 2.7466 ema 2.7700 bpc~1.052 gnorm 0.40 lr 2.61e-04 tok/s 567399 t 6509s\n"}
,{"stream_name":"stdout","time":6681.71382371,"data":"step  56400 loss 2.7343 ema 2.7473 bpc~1.044 gnorm 0.40 lr 2.60e-04 tok/s 567408 t 6514s\n"}
,{"stream_name":"stdout","time":6687.489886246,"data":"step  56450 loss 2.7878 ema 2.7731 bpc~1.053 gnorm 0.41 lr 2.60e-04 tok/s 567412 t 6520s\n"}
,{"stream_name":"stdout","time":6693.189054958,"data":"step  56500 loss 2.7986 ema 2.7893 bpc~1.060 gnorm 0.41 lr 2.59e-04 tok/s 567414 t 6526s\n"}
,{"stream_name":"stdout","time":6698.816982886,"data":"step  56550 loss 2.7115 ema 2.7399 bpc~1.041 gnorm 0.41 lr 2.59e-04 tok/s 567427 t 6531s\n"}
,{"stream_name":"stdout","time":6704.592402082,"data":"step  56600 loss 2.8314 ema 2.7981 bpc~1.063 gnorm 0.41 lr 2.59e-04 tok/s 567427 t 6537s\n"}
,{"stream_name":"stdout","time":6710.277881435,"data":"step  56650 loss 2.7260 ema 2.7522 bpc~1.045 gnorm 0.41 lr 2.58e-04 tok/s 567435 t 6543s\n"}
,{"stream_name":"stdout","time":6715.871929285,"data":"step  56700 loss 2.7645 ema 2.7600 bpc~1.048 gnorm 0.40 lr 2.58e-04 tok/s 567450 t 6548s\n"}
,{"stream_name":"stdout","time":6721.635341222,"data":"step  56750 loss 2.7976 ema 2.7839 bpc~1.057 gnorm 0.42 lr 2.57e-04 tok/s 567451 t 6554s\n"}
,{"stream_name":"stdout","time":6727.227083653,"data":"step  56800 loss 2.8025 ema 2.7957 bpc~1.062 gnorm 0.42 lr 2.57e-04 tok/s 567467 t 6560s\n"}
,{"stream_name":"stdout","time":6732.934676844,"data":"step  56850 loss 2.8614 ema 2.8375 bpc~1.078 gnorm 0.41 lr 2.56e-04 tok/s 567473 t 6565s\n"}
,{"stream_name":"stdout","time":6738.572452862,"data":"step  56900 loss 2.8278 ema 2.8313 bpc~1.075 gnorm 0.40 lr 2.56e-04 tok/s 567485 t 6571s\n"}
,{"stream_name":"stdout","time":6744.257286615,"data":"step  56950 loss 2.7701 ema 2.7924 bpc~1.061 gnorm 0.41 lr 2.56e-04 tok/s 567493 t 6577s\n"}
,{"stream_name":"stdout","time":6749.977676265,"data":"step  57000 loss 2.7397 ema 2.7589 bpc~1.048 gnorm 0.42 lr 2.55e-04 tok/s 567501 t 6582s\n"}
,{"stream_name":"stdout","time":6755.627525711,"data":"step  57050 loss 2.7462 ema 2.7508 bpc~1.045 gnorm 0.41 lr 2.55e-04 tok/s 567508 t 6588s\n"}
,{"stream_name":"stdout","time":6761.230121552,"data":"step  57100 loss 2.7899 ema 2.7757 bpc~1.054 gnorm 0.41 lr 2.54e-04 tok/s 567523 t 6594s\n"}
,{"stream_name":"stdout","time":6766.873434458,"data":"step  57150 loss 2.7173 ema 2.7386 bpc~1.040 gnorm 0.43 lr 2.54e-04 tok/s 567534 t 6599s\n"}
,{"stream_name":"stdout","time":6772.641902964,"data":"step  57200 loss 2.7970 ema 2.7757 bpc~1.054 gnorm 0.42 lr 2.53e-04 tok/s 567534 t 6605s\n"}
,{"stream_name":"stdout","time":6778.409075111,"data":"step  57250 loss 2.7657 ema 2.7693 bpc~1.052 gnorm 0.40 lr 2.53e-04 tok/s 567535 t 6611s\n"}
,{"stream_name":"stdout","time":6784.0211659,"data":"step  57300 loss 2.7296 ema 2.7441 bpc~1.042 gnorm 0.41 lr 2.53e-04 tok/s 567549 t 6617s\n"}
,{"stream_name":"stdout","time":6789.50748821,"data":"step  57350 loss 2.6823 ema 2.7048 bpc~1.027 gnorm 0.44 lr 2.52e-04 tok/s 567573 t 6622s\n"}
,{"stream_name":"stdout","time":6795.131572388,"data":"step  57400 loss 2.8340 ema 2.7869 bpc~1.059 gnorm 0.43 lr 2.52e-04 tok/s 567586 t 6628s\n"}
,{"stream_name":"stdout","time":6800.851635149,"data":"step  57450 loss 2.7985 ema 2.7943 bpc~1.061 gnorm 0.41 lr 2.51e-04 tok/s 567591 t 6633s\n"}
,{"stream_name":"stdout","time":6806.446159349,"data":"step  57500 loss 2.7410 ema 2.7604 bpc~1.049 gnorm 0.40 lr 2.51e-04 tok/s 567606 t 6639s\n"}
,{"stream_name":"stdout","time":6812.140413982,"data":"step  57550 loss 2.7493 ema 2.7534 bpc~1.046 gnorm 0.40 lr 2.50e-04 tok/s 567617 t 6645s\n"}
,{"stream_name":"stdout","time":6817.718938284,"data":"step  57600 loss 2.8112 ema 2.7902 bpc~1.060 gnorm 0.41 lr 2.50e-04 tok/s 567629 t 6650s\n"}
,{"stream_name":"stdout","time":6823.269502729,"data":"step  57650 loss 2.7743 ema 2.7800 bpc~1.056 gnorm 0.41 lr 2.50e-04 tok/s 567648 t 6656s\n"}
,{"stream_name":"stdout","time":6828.864489119,"data":"step  57700 loss 2.7878 ema 2.7850 bpc~1.058 gnorm 0.43 lr 2.49e-04 tok/s 567663 t 6661s\n"}
,{"stream_name":"stdout","time":6834.599596088,"data":"step  57750 loss 2.7714 ema 2.7763 bpc~1.055 gnorm 0.40 lr 2.49e-04 tok/s 567667 t 6667s\n"}
,{"stream_name":"stdout","time":6840.370140544,"data":"step  57800 loss 2.7280 ema 2.7456 bpc~1.043 gnorm 0.40 lr 2.48e-04 tok/s 567667 t 6673s\n"}
,{"stream_name":"stdout","time":6846.064814587,"data":"step  57850 loss 2.8173 ema 2.7912 bpc~1.060 gnorm 0.40 lr 2.48e-04 tok/s 567673 t 6679s\n"}
,{"stream_name":"stdout","time":6851.670258897,"data":"step  57900 loss 2.7212 ema 2.7467 bpc~1.043 gnorm 0.40 lr 2.47e-04 tok/s 567687 t 6684s\n"}
,{"stream_name":"stdout","time":6857.321976893,"data":"step  57950 loss 2.7152 ema 2.7267 bpc~1.036 gnorm 0.41 lr 2.47e-04 tok/s 567698 t 6690s\n"}
,{"stream_name":"stdout","time":6862.765605136,"data":"step  58000 loss 2.7903 ema 2.7671 bpc~1.051 gnorm 0.41 lr 2.47e-04 tok/s 567726 t 6695s\n"}
,{"stream_name":"stdout","time":6866.884771621,"data":"EVAL step 58000 valid_loss 2.5803 valid_bpc 0.9802 *guardado\n"}
,{"stream_name":"stdout","time":6872.510320639,"data":"step  58050 loss 2.7464 ema 2.7540 bpc~1.046 gnorm 0.41 lr 2.46e-04 tok/s 567393 t 6705s\n"}
,{"stream_name":"stdout","time":6878.09992843,"data":"step  58100 loss 2.7864 ema 2.7746 bpc~1.054 gnorm 0.41 lr 2.46e-04 tok/s 567405 t 6711s\n"}
,{"stream_name":"stdout","time":6883.782717284,"data":"step  58150 loss 2.8084 ema 2.7961 bpc~1.062 gnorm 0.41 lr 2.45e-04 tok/s 567413 t 6716s\n"}
,{"stream_name":"stdout","time":6889.385912474,"data":"step  58200 loss 2.7548 ema 2.7699 bpc~1.052 gnorm 0.41 lr 2.45e-04 tok/s 567427 t 6722s\n"}
,{"stream_name":"stdout","time":6895.143879541,"data":"step  58250 loss 2.7635 ema 2.7658 bpc~1.051 gnorm 0.43 lr 2.44e-04 tok/s 567429 t 6728s\n"}
,{"stream_name":"stdout","time":6900.679642087,"data":"step  58300 loss 2.8146 ema 2.7968 bpc~1.062 gnorm 0.43 lr 2.44e-04 tok/s 567449 t 6733s\n"}
,{"stream_name":"stdout","time":6906.273803228,"data":"step  58350 loss 2.8111 ema 2.8059 bpc~1.066 gnorm 0.42 lr 2.44e-04 tok/s 567464 t 6739s\n"}
,{"stream_name":"stdout","time":6912.004915387,"data":"step  58400 loss 2.7818 ema 2.7906 bpc~1.060 gnorm 0.42 lr 2.43e-04 tok/s 567468 t 6745s\n"}
,{"stream_name":"stdout","time":6917.634382444,"data":"step  58450 loss 2.8022 ema 2.7980 bpc~1.063 gnorm 0.44 lr 2.43e-04 tok/s 567480 t 6750s\n"}
,{"stream_name":"stdout","time":6923.29330926,"data":"step  58500 loss 2.7077 ema 2.7406 bpc~1.041 gnorm 0.40 lr 2.42e-04 tok/s 567489 t 6756s\n"}
,{"stream_name":"stdout","time":6928.911698789,"data":"step  58550 loss 2.7816 ema 2.7666 bpc~1.051 gnorm 0.42 lr 2.42e-04 tok/s 567502 t 6761s\n"}
,{"stream_name":"stdout","time":6934.586247873,"data":"step  58600 loss 2.8111 ema 2.7949 bpc~1.062 gnorm 0.41 lr 2.41e-04 tok/s 567515 t 6767s\n"}
,{"stream_name":"stdout","time":6940.270792946,"data":"step  58650 loss 2.8606 ema 2.8367 bpc~1.078 gnorm 0.42 lr 2.41e-04 tok/s 567518 t 6773s\n"}
,{"stream_name":"stdout","time":6945.929847711,"data":"step  58700 loss 2.8227 ema 2.8278 bpc~1.074 gnorm 0.42 lr 2.41e-04 tok/s 567528 t 6778s\n"}
,{"stream_name":"stdout","time":6951.410832362,"data":"step  58750 loss 2.6387 ema 2.7076 bpc~1.029 gnorm 0.41 lr 2.40e-04 tok/s 567552 t 6784s\n"}
,{"stream_name":"stdout","time":6957.136946541,"data":"step  58800 loss 2.8522 ema 2.7995 bpc~1.063 gnorm 0.41 lr 2.40e-04 tok/s 567556 t 6790s\n"}
,{"stream_name":"stdout","time":6962.7605729,"data":"step  58850 loss 2.7184 ema 2.7479 bpc~1.044 gnorm 0.41 lr 2.39e-04 tok/s 567569 t 6795s\n"}
,{"stream_name":"stdout","time":6968.495480738,"data":"step  58900 loss 2.7259 ema 2.7339 bpc~1.038 gnorm 0.40 lr 2.39e-04 tok/s 567572 t 6801s\n"}
,{"stream_name":"stdout","time":6974.151244675,"data":"step  58950 loss 2.7566 ema 2.7484 bpc~1.044 gnorm 0.42 lr 2.39e-04 tok/s 567582 t 6807s\n"}
,{"stream_name":"stdout","time":6979.947758319,"data":"step  59000 loss 2.7099 ema 2.7239 bpc~1.035 gnorm 0.41 lr 2.38e-04 tok/s 567580 t 6812s\n"}
,{"stream_name":"stdout","time":6985.620411523,"data":"step  59050 loss 2.6938 ema 2.7047 bpc~1.027 gnorm 0.41 lr 2.38e-04 tok/s 567588 t 6818s\n"}
,{"stream_name":"stdout","time":6991.309378856,"data":"step  59100 loss 2.7295 ema 2.7205 bpc~1.033 gnorm 0.42 lr 2.37e-04 tok/s 567595 t 6824s\n"}
,{"stream_name":"stdout","time":6996.920868055,"data":"step  59150 loss 2.7719 ema 2.7532 bpc~1.046 gnorm 0.44 lr 2.37e-04 tok/s 567613 t 6829s\n"}
,{"stream_name":"stdout","time":7002.571667251,"data":"step  59200 loss 2.7195 ema 2.7317 bpc~1.038 gnorm 0.42 lr 2.36e-04 tok/s 567619 t 6835s\n"}
,{"stream_name":"stdout","time":7008.040274953,"data":"step  59250 loss 2.7260 ema 2.7281 bpc~1.036 gnorm 0.40 lr 2.36e-04 tok/s 567644 t 6841s\n"}
,{"stream_name":"stdout","time":7013.712047947,"data":"step  59300 loss 2.7598 ema 2.7482 bpc~1.044 gnorm 0.42 lr 2.36e-04 tok/s 567653 t 6846s\n"}
,{"stream_name":"stdout","time":7019.322908206,"data":"step  59350 loss 2.7377 ema 2.7415 bpc~1.041 gnorm 0.41 lr 2.35e-04 tok/s 567666 t 6852s\n"}
,{"stream_name":"stdout","time":7025.029060408,"data":"step  59400 loss 2.6670 ema 2.6941 bpc~1.023 gnorm 0.41 lr 2.35e-04 tok/s 567671 t 6858s\n"}
,{"stream_name":"stdout","time":7030.72550135,"data":"step  59450 loss 2.7693 ema 2.7419 bpc~1.042 gnorm 0.43 lr 2.34e-04 tok/s 567678 t 6863s\n"}
,{"stream_name":"stdout","time":7036.390404525,"data":"step  59500 loss 2.7876 ema 2.7710 bpc~1.053 gnorm 0.42 lr 2.34e-04 tok/s 567687 t 6869s\n"}
,{"stream_name":"stdout","time":7042.036840782,"data":"step  59550 loss 2.7620 ema 2.7653 bpc~1.050 gnorm 0.42 lr 2.34e-04 tok/s 567697 t 6875s\n"}
,{"stream_name":"stdout","time":7047.555783859,"data":"step  59600 loss 2.7449 ema 2.7523 bpc~1.045 gnorm 0.42 lr 2.33e-04 tok/s 567718 t 6880s\n"}
,{"stream_name":"stdout","time":7053.234294183,"data":"step  59650 loss 2.7433 ema 2.7466 bpc~1.043 gnorm 0.43 lr 2.33e-04 tok/s 567726 t 6886s\n"}
,{"stream_name":"stdout","time":7058.950886823,"data":"step  59700 loss 2.6400 ema 2.6788 bpc~1.018 gnorm 0.41 lr 2.32e-04 tok/s 567734 t 6891s\n"}
,{"stream_name":"stdout","time":7064.625124647,"data":"step  59750 loss 2.7215 ema 2.7060 bpc~1.028 gnorm 0.42 lr 2.32e-04 tok/s 567738 t 6897s\n"}
,{"stream_name":"stdout","time":7070.31176726,"data":"step  59800 loss 2.7072 ema 2.7067 bpc~1.028 gnorm 0.41 lr 2.31e-04 tok/s 567745 t 6903s\n"}
,{"stream_name":"stdout","time":7075.981074584,"data":"step  59850 loss 2.7319 ema 2.7228 bpc~1.034 gnorm 0.42 lr 2.31e-04 tok/s 567754 t 6909s\n"}
,{"stream_name":"stdout","time":7081.580155774,"data":"step  59900 loss 2.6930 ema 2.7038 bpc~1.027 gnorm 0.43 lr 2.31e-04 tok/s 567768 t 6914s\n"}
,{"stream_name":"stdout","time":7087.238736431,"data":"step  59950 loss 2.7958 ema 2.7623 bpc~1.049 gnorm 0.43 lr 2.30e-04 tok/s 567777 t 6920s\n"}
,{"stream_name":"stdout","time":7092.774280596,"data":"step  60000 loss 2.7549 ema 2.7576 bpc~1.048 gnorm 0.43 lr 2.30e-04 tok/s 567796 t 6925s\n"}
,{"stream_name":"stdout","time":7096.803582829,"data":"EVAL step 60000 valid_loss 2.5696 valid_bpc 0.9761 *guardado\n"}
,{"stream_name":"stdout","time":7102.526385378,"data":"step  60050 loss 2.6877 ema 2.7131 bpc~1.031 gnorm 0.43 lr 2.29e-04 tok/s 567470 t 6935s\n"}
,{"stream_name":"stdout","time":7108.078406182,"data":"step  60100 loss 2.6458 ema 2.6703 bpc~1.014 gnorm 0.41 lr 2.29e-04 tok/s 567489 t 6941s\n"}
,{"stream_name":"stdout","time":7113.733938229,"data":"step  60150 loss 2.7461 ema 2.7185 bpc~1.033 gnorm 0.42 lr 2.29e-04 tok/s 567498 t 6946s\n"}
,{"stream_name":"stdout","time":7119.452721849,"data":"step  60200 loss 2.7191 ema 2.7189 bpc~1.033 gnorm 0.42 lr 2.28e-04 tok/s 567507 t 6952s\n"}
,{"stream_name":"stdout","time":7125.026710102,"data":"step  60250 loss 2.7859 ema 2.7615 bpc~1.049 gnorm 0.42 lr 2.28e-04 tok/s 567519 t 6958s\n"}
,{"stream_name":"stdout","time":7130.484706473,"data":"step  60300 loss 2.7173 ema 2.7334 bpc~1.038 gnorm 0.44 lr 2.27e-04 tok/s 567545 t 6963s\n"}
,{"stream_name":"stdout","time":7135.989706732,"data":"step  60350 loss 2.7317 ema 2.7323 bpc~1.038 gnorm 0.42 lr 2.27e-04 tok/s 567567 t 6969s\n"}
,{"stream_name":"stdout","time":7141.553283905,"data":"step  60400 loss 2.6991 ema 2.7112 bpc~1.030 gnorm 0.41 lr 2.26e-04 tok/s 567584 t 6974s\n"}
,{"stream_name":"stdout","time":7147.288292384,"data":"step  60450 loss 2.6763 ema 2.6890 bpc~1.021 gnorm 0.42 lr 2.26e-04 tok/s 567587 t 6980s\n"}
,{"stream_name":"stdout","time":7152.932414411,"data":"step  60500 loss 2.7866 ema 2.7511 bpc~1.045 gnorm 0.43 lr 2.26e-04 tok/s 567597 t 6985s\n"}
,{"stream_name":"stdout","time":7158.610317635,"data":"step  60550 loss 2.7424 ema 2.7456 bpc~1.043 gnorm 0.41 lr 2.25e-04 tok/s 567605 t 6991s\n"}
,{"stream_name":"stdout","time":7164.212998715,"data":"step  60600 loss 2.7489 ema 2.7477 bpc~1.044 gnorm 0.41 lr 2.25e-04 tok/s 567619 t 6997s\n"}
,{"stream_name":"stdout","time":7169.862014141,"data":"step  60650 loss 2.7890 ema 2.7740 bpc~1.054 gnorm 0.43 lr 2.24e-04 tok/s 567629 t 7002s\n"}
,{"stream_name":"stdout","time":7175.533566716,"data":"step  60700 loss 2.7693 ema 2.7710 bpc~1.053 gnorm 0.44 lr 2.24e-04 tok/s 567637 t 7008s\n"}
,{"stream_name":"stdout","time":7181.277057194,"data":"step  60750 loss 2.8451 ema 2.8181 bpc~1.070 gnorm 0.42 lr 2.24e-04 tok/s 567643 t 7014s\n"}
,{"stream_name":"stdout","time":7186.873395135,"data":"step  60800 loss 2.6413 ema 2.7057 bpc~1.028 gnorm 0.44 lr 2.23e-04 tok/s 567654 t 7019s\n"}
,{"stream_name":"stdout","time":7192.542152919,"data":"step  60850 loss 2.6731 ema 2.6850 bpc~1.020 gnorm 0.42 lr 2.23e-04 tok/s 567662 t 7025s\n"}
,{"stream_name":"stdout","time":7198.203403925,"data":"step  60900 loss 2.7190 ema 2.7066 bpc~1.028 gnorm 0.42 lr 2.22e-04 tok/s 567671 t 7031s\n"}
,{"stream_name":"stdout","time":7203.922929665,"data":"step  60950 loss 2.6562 ema 2.6745 bpc~1.016 gnorm 0.43 lr 2.22e-04 tok/s 567675 t 7036s\n"}
,{"stream_name":"stdout","time":7209.522891154,"data":"step  61000 loss 2.7007 ema 2.6912 bpc~1.022 gnorm 0.42 lr 2.22e-04 tok/s 567689 t 7042s\n"}
,{"stream_name":"stdout","time":7215.279167762,"data":"step  61050 loss 2.7157 ema 2.7068 bpc~1.028 gnorm 0.42 lr 2.21e-04 tok/s 567691 t 7048s\n"}
,{"stream_name":"stdout","time":7220.952655937,"data":"step  61100 loss 2.8365 ema 2.7893 bpc~1.060 gnorm 0.43 lr 2.21e-04 tok/s 567699 t 7053s\n"}
,{"stream_name":"stdout","time":7226.684597306,"data":"step  61150 loss 2.6960 ema 2.7300 bpc~1.037 gnorm 0.43 lr 2.20e-04 tok/s 567702 t 7059s\n"}
,{"stream_name":"stdout","time":7232.350130857,"data":"step  61200 loss 2.7441 ema 2.7389 bpc~1.040 gnorm 0.42 lr 2.20e-04 tok/s 567710 t 7065s\n"}
,{"stream_name":"stdout","time":7238.01651931,"data":"step  61250 loss 2.7596 ema 2.7521 bpc~1.045 gnorm 0.43 lr 2.20e-04 tok/s 567719 t 7071s\n"}
,{"stream_name":"stdout","time":7243.786072304,"data":"step  61300 loss 2.6898 ema 2.7124 bpc~1.030 gnorm 0.42 lr 2.19e-04 tok/s 567723 t 7076s\n"}
,{"stream_name":"stdout","time":7249.356077454,"data":"step  61350 loss 2.7882 ema 2.7606 bpc~1.049 gnorm 0.45 lr 2.19e-04 tok/s 567735 t 7082s\n"}
,{"stream_name":"stdout","time":7255.054372454,"data":"step  61400 loss 2.7196 ema 2.7345 bpc~1.039 gnorm 0.43 lr 2.18e-04 tok/s 567741 t 7088s\n"}
,{"stream_name":"stdout","time":7260.593595027,"data":"step  61450 loss 2.7810 ema 2.7641 bpc~1.050 gnorm 0.42 lr 2.18e-04 tok/s 567760 t 7093s\n"}
,{"stream_name":"stdout","time":7266.195793565,"data":"step  61500 loss 2.7857 ema 2.7779 bpc~1.055 gnorm 0.45 lr 2.17e-04 tok/s 567773 t 7099s\n"}
,{"stream_name":"stdout","time":7271.882305196,"data":"step  61550 loss 2.7685 ema 2.7719 bpc~1.053 gnorm 0.44 lr 2.17e-04 tok/s 567780 t 7104s\n"}
,{"stream_name":"stdout","time":7277.52656946,"data":"step  61600 loss 2.7138 ema 2.7350 bpc~1.039 gnorm 0.42 lr 2.17e-04 tok/s 567790 t 7110s\n"}
,{"stream_name":"stdout","time":7283.035226016,"data":"step  61650 loss 2.7192 ema 2.7249 bpc~1.035 gnorm 0.43 lr 2.16e-04 tok/s 567811 t 7116s\n"}
,{"stream_name":"stdout","time":7288.479425316,"data":"step  61700 loss 2.7645 ema 2.7501 bpc~1.045 gnorm 0.44 lr 2.16e-04 tok/s 567837 t 7121s\n"}
,{"stream_name":"stdout","time":7293.996336831,"data":"step  61750 loss 2.6762 ema 2.7031 bpc~1.027 gnorm 0.42 lr 2.15e-04 tok/s 567857 t 7127s\n"}
,{"stream_name":"stdout","time":7299.442785531,"data":"step  61800 loss 2.7988 ema 2.7639 bpc~1.050 gnorm 0.43 lr 2.15e-04 tok/s 567883 t 7132s\n"}
,{"stream_name":"stdout","time":7305.001834683,"data":"step  61850 loss 2.8497 ema 2.8185 bpc~1.071 gnorm 0.44 lr 2.15e-04 tok/s 567904 t 7137s\n"}
,{"stream_name":"stdout","time":7310.541164585,"data":"step  61900 loss 2.7100 ema 2.7495 bpc~1.044 gnorm 0.44 lr 2.14e-04 tok/s 567918 t 7143s\n"}
,{"stream_name":"stdout","time":7316.035056322,"data":"step  61950 loss 2.7249 ema 2.7339 bpc~1.038 gnorm 0.42 lr 2.14e-04 tok/s 567940 t 7149s\n"}
,{"stream_name":"stdout","time":7321.449674535,"data":"step  62000 loss 2.7085 ema 2.7177 bpc~1.032 gnorm 0.42 lr 2.13e-04 tok/s 567968 t 7154s\n"}
,{"stream_name":"stdout","time":7325.519196346,"data":"EVAL step 62000 valid_loss 2.5639 valid_bpc 0.9739 *guardado\n"}
,{"stream_name":"stdout","time":7330.998366124,"data":"step  62050 loss 2.7319 ema 2.7267 bpc~1.036 gnorm 0.42 lr 2.13e-04 tok/s 567669 t 7164s\n"}
,{"stream_name":"stdout","time":7336.399345398,"data":"step  62100 loss 2.7824 ema 2.7622 bpc~1.049 gnorm 0.42 lr 2.13e-04 tok/s 567698 t 7169s\n"}
,{"stream_name":"stdout","time":7341.880532675,"data":"step  62150 loss 2.7789 ema 2.7728 bpc~1.053 gnorm 0.42 lr 2.12e-04 tok/s 567721 t 7174s\n"}
,{"stream_name":"stdout","time":7347.354716444,"data":"step  62200 loss 2.7145 ema 2.7357 bpc~1.039 gnorm 0.44 lr 2.12e-04 tok/s 567745 t 7180s\n"}
,{"stream_name":"stdout","time":7352.875009358,"data":"step  62250 loss 2.6929 ema 2.7085 bpc~1.029 gnorm 0.43 lr 2.11e-04 tok/s 567765 t 7185s\n"}
,{"stream_name":"stdout","time":7358.560536869,"data":"step  62300 loss 2.7181 ema 2.7146 bpc~1.031 gnorm 0.42 lr 2.11e-04 tok/s 567771 t 7191s\n"}
,{"stream_name":"stdout","time":7364.156453617,"data":"step  62350 loss 2.7869 ema 2.7606 bpc~1.049 gnorm 0.44 lr 2.11e-04 tok/s 567785 t 7197s\n"}
,{"stream_name":"stdout","time":7369.639461625,"data":"step  62400 loss 2.7032 ema 2.7241 bpc~1.035 gnorm 0.44 lr 2.10e-04 tok/s 567812 t 7202s\n"}
,{"stream_name":"stdout","time":7375.428265857,"data":"step  62450 loss 2.7141 ema 2.7177 bpc~1.032 gnorm 0.42 lr 2.10e-04 tok/s 567806 t 7208s\n"}
,{"stream_name":"stdout","time":7380.878731867,"data":"step  62500 loss 2.7668 ema 2.7489 bpc~1.044 gnorm 0.44 lr 2.09e-04 tok/s 567832 t 7213s\n"}
,{"stream_name":"stdout","time":7386.553354229,"data":"step  62550 loss 2.7976 ema 2.7799 bpc~1.056 gnorm 0.44 lr 2.09e-04 tok/s 567839 t 7219s\n"}
,{"stream_name":"stdout","time":7392.100245502,"data":"step  62600 loss 2.6697 ema 2.7098 bpc~1.029 gnorm 0.45 lr 2.09e-04 tok/s 567857 t 7225s\n"}
,{"stream_name":"stdout","time":7397.690350081,"data":"step  62650 loss 2.7511 ema 2.7360 bpc~1.039 gnorm 0.44 lr 2.08e-04 tok/s 567871 t 7230s\n"}
,{"stream_name":"stdout","time":7403.126813771,"data":"step  62700 loss 2.6857 ema 2.7040 bpc~1.027 gnorm 0.43 lr 2.08e-04 tok/s 567897 t 7236s\n"}
,{"stream_name":"stdout","time":7408.700940121,"data":"step  62750 loss 2.7905 ema 2.7590 bpc~1.048 gnorm 0.44 lr 2.07e-04 tok/s 567913 t 7241s\n"}
,{"stream_name":"stdout","time":7414.369849104,"data":"step  62800 loss 2.6000 ema 2.6579 bpc~1.010 gnorm 0.42 lr 2.07e-04 tok/s 567921 t 7247s\n"}
,{"stream_name":"stdout","time":7420.145717487,"data":"step  62850 loss 2.7132 ema 2.6930 bpc~1.023 gnorm 0.44 lr 2.07e-04 tok/s 567920 t 7253s\n"}
,{"stream_name":"stdout","time":7425.968016938,"data":"step  62900 loss 2.7545 ema 2.7321 bpc~1.038 gnorm 0.43 lr 2.06e-04 tok/s 567916 t 7258s\n"}
,{"stream_name":"stdout","time":7431.704347415,"data":"step  62950 loss 2.7016 ema 2.7128 bpc~1.030 gnorm 0.44 lr 2.06e-04 tok/s 567922 t 7264s\n"}
,{"stream_name":"stdout","time":7437.182381713,"data":"step  63000 loss 2.6700 ema 2.6856 bpc~1.020 gnorm 0.43 lr 2.05e-04 tok/s 567941 t 7270s\n"}
,{"stream_name":"stdout","time":7442.657118571,"data":"step  63050 loss 2.7351 ema 2.7170 bpc~1.032 gnorm 0.44 lr 2.05e-04 tok/s 567964 t 7275s\n"}
,{"stream_name":"stdout","time":7448.167308106,"data":"step  63100 loss 2.6671 ema 2.6853 bpc~1.020 gnorm 0.42 lr 2.05e-04 tok/s 567985 t 7281s\n"}
,{"stream_name":"stdout","time":7453.666588092,"data":"step  63150 loss 2.7654 ema 2.7362 bpc~1.039 gnorm 0.45 lr 2.04e-04 tok/s 568006 t 7286s\n"}
,{"stream_name":"stdout","time":7459.194933566,"data":"step  63200 loss 2.7989 ema 2.7760 bpc~1.055 gnorm 0.44 lr 2.04e-04 tok/s 568024 t 7292s\n"}
,{"stream_name":"stdout","time":7464.730316519,"data":"step  63250 loss 2.6836 ema 2.7173 bpc~1.032 gnorm 0.43 lr 2.03e-04 tok/s 568043 t 7297s\n"}
,{"stream_name":"stdout","time":7470.216139946,"data":"step  63300 loss 2.7141 ema 2.7153 bpc~1.031 gnorm 0.44 lr 2.03e-04 tok/s 568065 t 7303s\n"}
,{"stream_name":"stdout","time":7475.74117086,"data":"step  63350 loss 2.6637 ema 2.6825 bpc~1.019 gnorm 0.45 lr 2.03e-04 tok/s 568083 t 7308s\n"}
,{"stream_name":"stdout","time":7481.297312292,"data":"step  63400 loss 2.7363 ema 2.7167 bpc~1.032 gnorm 0.44 lr 2.02e-04 tok/s 568100 t 7314s\n"}
,{"stream_name":"stdout","time":7486.956527404,"data":"step  63450 loss 2.7457 ema 2.7351 bpc~1.039 gnorm 0.44 lr 2.02e-04 tok/s 568108 t 7319s\n"}
,{"stream_name":"stdout","time":7492.7062382,"data":"step  63500 loss 2.7938 ema 2.7724 bpc~1.053 gnorm 0.45 lr 2.01e-04 tok/s 568114 t 7325s\n"}
,{"stream_name":"stdout","time":7498.351076875,"data":"step  63550 loss 2.7198 ema 2.7390 bpc~1.040 gnorm 0.43 lr 2.01e-04 tok/s 568119 t 7331s\n"}
,{"stream_name":"stdout","time":7504.075333273,"data":"step  63600 loss 2.6318 ema 2.6708 bpc~1.015 gnorm 0.44 lr 2.01e-04 tok/s 568123 t 7337s\n"}
,{"stream_name":"stdout","time":7509.692815829,"data":"step  63650 loss 2.6996 ema 2.6892 bpc~1.022 gnorm 0.43 lr 2.00e-04 tok/s 568134 t 7342s\n"}
,{"stream_name":"stdout","time":7515.470952323,"data":"step  63700 loss 2.6679 ema 2.6757 bpc~1.016 gnorm 0.43 lr 2.00e-04 tok/s 568133 t 7348s\n"}
,{"stream_name":"stdout","time":7521.214481639,"data":"step  63750 loss 2.7225 ema 2.7055 bpc~1.028 gnorm 0.44 lr 2.00e-04 tok/s 568135 t 7354s\n"}
,{"stream_name":"stdout","time":7526.827185196,"data":"step  63800 loss 2.7226 ema 2.7163 bpc~1.032 gnorm 0.45 lr 1.99e-04 tok/s 568147 t 7359s\n"}
,{"stream_name":"stdout","time":7532.576326852,"data":"step  63850 loss 2.7636 ema 2.7464 bpc~1.043 gnorm 0.46 lr 1.99e-04 tok/s 568149 t 7365s\n"}
,{"stream_name":"stdout","time":7538.276255972,"data":"step  63900 loss 2.7451 ema 2.7456 bpc~1.043 gnorm 0.45 lr 1.98e-04 tok/s 568154 t 7371s\n"}
,{"stream_name":"stdout","time":7543.987347621,"data":"step  63950 loss 2.6531 ema 2.6868 bpc~1.021 gnorm 0.44 lr 1.98e-04 tok/s 568158 t 7377s\n"}
,{"stream_name":"stdout","time":7549.666314802,"data":"step  64000 loss 2.6163 ema 2.6419 bpc~1.004 gnorm 0.45 lr 1.98e-04 tok/s 568165 t 7382s\n"}
,{"stream_name":"stdout","time":7553.706369387,"data":"EVAL step 64000 valid_loss 2.5549 valid_bpc 0.9705 *guardado\n"}
,{"stream_name":"stdout","time":7559.23949015,"data":"step  64050 loss 2.7642 ema 2.7197 bpc~1.033 gnorm 0.42 lr 1.97e-04 tok/s 567873 t 7392s\n"}
,{"stream_name":"stdout","time":7564.877730364,"data":"step  64100 loss 2.6788 ema 2.6937 bpc~1.023 gnorm 0.43 lr 1.97e-04 tok/s 567883 t 7397s\n"}
,{"stream_name":"stdout","time":7570.331465205,"data":"step  64150 loss 2.6865 ema 2.6891 bpc~1.021 gnorm 0.44 lr 1.96e-04 tok/s 567907 t 7403s\n"}
,{"stream_name":"stdout","time":7575.860034068,"data":"step  64200 loss 2.6814 ema 2.6842 bpc~1.020 gnorm 0.46 lr 1.96e-04 tok/s 567925 t 7408s\n"}
,{"stream_name":"stdout","time":7581.465793026,"data":"step  64250 loss 2.7678 ema 2.7374 bpc~1.040 gnorm 0.44 lr 1.96e-04 tok/s 567938 t 7414s\n"}
,{"stream_name":"stdout","time":7587.115920139,"data":"step  64300 loss 2.6871 ema 2.7054 bpc~1.028 gnorm 0.44 lr 1.95e-04 tok/s 567947 t 7420s\n"}
,{"stream_name":"stdout","time":7592.768710953,"data":"step  64350 loss 2.7139 ema 2.7108 bpc~1.030 gnorm 0.46 lr 1.95e-04 tok/s 567956 t 7425s\n"}
,{"stream_name":"stdout","time":7598.571704454,"data":"step  64400 loss 2.7712 ema 2.7492 bpc~1.044 gnorm 0.44 lr 1.94e-04 tok/s 567954 t 7431s\n"}
,{"stream_name":"stdout","time":7604.306692312,"data":"step  64450 loss 2.6896 ema 2.7113 bpc~1.030 gnorm 0.43 lr 1.94e-04 tok/s 567956 t 7437s\n"}
,{"stream_name":"stdout","time":7610.003075962,"data":"step  64500 loss 2.7350 ema 2.7263 bpc~1.036 gnorm 0.45 lr 1.94e-04 tok/s 567962 t 7443s\n"}
,{"stream_name":"stdout","time":7615.631753398,"data":"step  64550 loss 2.7560 ema 2.7452 bpc~1.043 gnorm 0.45 lr 1.93e-04 tok/s 567976 t 7448s\n"}
,{"stream_name":"stdout","time":7621.145858532,"data":"step  64600 loss 2.6589 ema 2.6904 bpc~1.022 gnorm 0.43 lr 1.93e-04 tok/s 567992 t 7454s\n"}
,{"stream_name":"stdout","time":7626.844465002,"data":"step  64650 loss 2.6671 ema 2.6756 bpc~1.016 gnorm 0.44 lr 1.93e-04 tok/s 567997 t 7459s\n"}
,{"stream_name":"stdout","time":7632.406500123,"data":"step  64700 loss 2.7603 ema 2.7294 bpc~1.037 gnorm 0.43 lr 1.92e-04 tok/s 568013 t 7465s\n"}
,{"stream_name":"stdout","time":7637.977401804,"data":"step  64750 loss 2.7443 ema 2.7389 bpc~1.040 gnorm 0.45 lr 1.92e-04 tok/s 568028 t 7471s\n"}
,{"stream_name":"stdout","time":7643.675957844,"data":"step  64800 loss 2.7942 ema 2.7740 bpc~1.054 gnorm 0.44 lr 1.91e-04 tok/s 568033 t 7476s\n"}
,{"stream_name":"stdout","time":7649.367355385,"data":"step  64850 loss 2.7175 ema 2.7381 bpc~1.040 gnorm 0.44 lr 1.91e-04 tok/s 568039 t 7482s\n"}
,{"stream_name":"stdout","time":7655.066216904,"data":"step  64900 loss 2.6822 ema 2.7025 bpc~1.027 gnorm 0.44 lr 1.91e-04 tok/s 568045 t 7488s\n"}
,{"stream_name":"stdout","time":7660.615538157,"data":"step  64950 loss 2.7876 ema 2.7566 bpc~1.047 gnorm 0.48 lr 1.90e-04 tok/s 568061 t 7493s\n"}
,{"stream_name":"stdout","time":7666.281931538,"data":"step  65000 loss 2.7162 ema 2.7309 bpc~1.037 gnorm 0.45 lr 1.90e-04 tok/s 568069 t 7499s\n"}
,{"stream_name":"stdout","time":7671.96640981,"data":"step  65050 loss 2.7921 ema 2.7698 bpc~1.052 gnorm 0.45 lr 1.89e-04 tok/s 568075 t 7504s\n"}
,{"stream_name":"stdout","time":7677.683747939,"data":"step  65100 loss 2.6608 ema 2.7005 bpc~1.026 gnorm 0.45 lr 1.89e-04 tok/s 568083 t 7510s\n"}
,{"stream_name":"stdout","time":7683.299651735,"data":"step  65150 loss 2.7173 ema 2.7112 bpc~1.030 gnorm 0.45 lr 1.89e-04 tok/s 568091 t 7516s\n"}
,{"stream_name":"stdout","time":7688.988968656,"data":"step  65200 loss 2.7310 ema 2.7238 bpc~1.035 gnorm 0.44 lr 1.88e-04 tok/s 568097 t 7522s\n"}
,{"stream_name":"stdout","time":7694.64119248,"data":"step  65250 loss 2.7237 ema 2.7237 bpc~1.035 gnorm 0.44 lr 1.88e-04 tok/s 568105 t 7527s\n"}
,{"stream_name":"stdout","time":7700.194125302,"data":"step  65300 loss 2.7645 ema 2.7496 bpc~1.044 gnorm 0.45 lr 1.88e-04 tok/s 568122 t 7533s\n"}
,{"stream_name":"stdout","time":7705.852905275,"data":"step  65350 loss 2.7393 ema 2.7431 bpc~1.042 gnorm 0.45 lr 1.87e-04 tok/s 568130 t 7538s\n"}
,{"stream_name":"stdout","time":7711.401606937,"data":"step  65400 loss 2.7147 ema 2.7251 bpc~1.035 gnorm 0.44 lr 1.87e-04 tok/s 568146 t 7544s\n"}
,{"stream_name":"stdout","time":7716.968783737,"data":"step  65450 loss 2.7415 ema 2.7355 bpc~1.039 gnorm 0.45 lr 1.86e-04 tok/s 568161 t 7549s\n"}
,{"stream_name":"stdout","time":7722.50773108,"data":"step  65500 loss 2.7006 ema 2.7133 bpc~1.031 gnorm 0.45 lr 1.86e-04 tok/s 568179 t 7555s\n"}
,{"stream_name":"stdout","time":7728.190358071,"data":"step  65550 loss 2.7381 ema 2.7291 bpc~1.037 gnorm 0.45 lr 1.86e-04 tok/s 568185 t 7561s\n"}
,{"stream_name":"stdout","time":7733.744431593,"data":"step  65600 loss 2.7087 ema 2.7161 bpc~1.032 gnorm 0.45 lr 1.85e-04 tok/s 568201 t 7566s\n"}
,{"stream_name":"stdout","time":7739.459589492,"data":"step  65650 loss 2.7158 ema 2.7159 bpc~1.032 gnorm 0.44 lr 1.85e-04 tok/s 568209 t 7572s\n"}
,{"stream_name":"stdout","time":7744.960684428,"data":"step  65700 loss 2.6647 ema 2.6833 bpc~1.019 gnorm 0.43 lr 1.85e-04 tok/s 568225 t 7577s\n"}
,{"stream_name":"stdout","time":7750.645722679,"data":"step  65750 loss 2.6850 ema 2.6844 bpc~1.020 gnorm 0.46 lr 1.84e-04 tok/s 568231 t 7583s\n"}
,{"stream_name":"stdout","time":7756.288750054,"data":"step  65800 loss 2.7117 ema 2.7018 bpc~1.026 gnorm 0.46 lr 1.84e-04 tok/s 568240 t 7589s\n"}
,{"stream_name":"stdout","time":7761.966991665,"data":"step  65850 loss 2.6796 ema 2.6877 bpc~1.021 gnorm 0.45 lr 1.83e-04 tok/s 568247 t 7594s\n"}
,{"stream_name":"stdout","time":7767.707835602,"data":"step  65900 loss 2.7073 ema 2.7001 bpc~1.026 gnorm 0.45 lr 1.83e-04 tok/s 568249 t 7600s\n"}
,{"stream_name":"stdout","time":7773.377423204,"data":"step  65950 loss 2.6150 ema 2.6460 bpc~1.005 gnorm 0.45 lr 1.83e-04 tok/s 568256 t 7606s\n"}
,{"stream_name":"stdout","time":7778.968574533,"data":"step  66000 loss 2.7653 ema 2.7219 bpc~1.034 gnorm 0.46 lr 1.82e-04 tok/s 568269 t 7611s\n"}
,{"stream_name":"stdout","time":7782.920552544,"data":"EVAL step 66000 valid_loss 2.5502 valid_bpc 0.9687 *guardado\n"}
,{"stream_name":"stdout","time":7788.646266962,"data":"step  66050 loss 2.7804 ema 2.7591 bpc~1.048 gnorm 0.45 lr 1.82e-04 tok/s 567977 t 7621s\n"}
,{"stream_name":"stdout","time":7794.409418076,"data":"step  66100 loss 2.7260 ema 2.7380 bpc~1.040 gnorm 0.46 lr 1.82e-04 tok/s 567978 t 7627s\n"}
,{"stream_name":"stdout","time":7800.149145673,"data":"step  66150 loss 2.8427 ema 2.8046 bpc~1.065 gnorm 0.46 lr 1.81e-04 tok/s 567984 t 7633s\n"}
,{"stream_name":"stdout","time":7805.859137092,"data":"step  66200 loss 2.7062 ema 2.7420 bpc~1.042 gnorm 0.44 lr 1.81e-04 tok/s 567984 t 7638s\n"}
,{"stream_name":"stdout","time":7811.509253366,"data":"step  66250 loss 2.8122 ema 2.7866 bpc~1.059 gnorm 0.49 lr 1.80e-04 tok/s 567993 t 7644s\n"}
,{"stream_name":"stdout","time":7817.015335861,"data":"step  66300 loss 2.6816 ema 2.7198 bpc~1.033 gnorm 0.45 lr 1.80e-04 tok/s 568013 t 7650s\n"}
,{"stream_name":"stdout","time":7822.514074057,"data":"step  66350 loss 2.7182 ema 2.7188 bpc~1.033 gnorm 0.46 lr 1.80e-04 tok/s 568033 t 7655s\n"}
,{"stream_name":"stdout","time":7827.956948088,"data":"step  66400 loss 2.6946 ema 2.7034 bpc~1.027 gnorm 0.44 lr 1.79e-04 tok/s 568057 t 7660s\n"}
,{"stream_name":"stdout","time":7833.495537109,"data":"step  66450 loss 2.6767 ema 2.6864 bpc~1.020 gnorm 0.46 lr 1.79e-04 tok/s 568074 t 7666s\n"}
,{"stream_name":"stdout","time":7838.993283007,"data":"step  66500 loss 2.6956 ema 2.6923 bpc~1.023 gnorm 0.44 lr 1.79e-04 tok/s 568094 t 7672s\n"}
,{"stream_name":"stdout","time":7844.684310108,"data":"step  66550 loss 2.8224 ema 2.7750 bpc~1.054 gnorm 0.47 lr 1.78e-04 tok/s 568100 t 7677s\n"}
,{"stream_name":"stdout","time":7850.290549995,"data":"step  66600 loss 2.7065 ema 2.7315 bpc~1.038 gnorm 0.44 lr 1.78e-04 tok/s 568112 t 7683s\n"}
,{"stream_name":"stdout","time":7855.992020295,"data":"step  66650 loss 2.6918 ema 2.7062 bpc~1.028 gnorm 0.46 lr 1.77e-04 tok/s 568117 t 7689s\n"}
,{"stream_name":"stdout","time":7911.830233838,"data":"step  66700 loss 2.7245 ema 2.7178 bpc~1.032 gnorm 0.46 lr 1.77e-04 tok/s 568116 t 7694s\n"}
,{"stream_name":"stderr","time":7911.830239808,"data":"Autosave too slow: 50.06 sec, over 25% limit. Backing off to 120 sec\n"}
,{"stream_name":"stdout","time":7911.831364418,"data":"step  66750 loss 2.6295 ema 2.6617 bpc~1.011 gnorm 0.43 lr 1.77e-04 tok/s 568122 t 7700s\n"}
,{"stream_name":"stdout","time":7911.832065638,"data":"step  66800 loss 2.8048 ema 2.7527 bpc~1.046 gnorm 0.45 lr 1.76e-04 tok/s 568128 t 7706s\n"}
,{"stream_name":"stdout","time":7911.832563927,"data":"step  66850 loss 2.8350 ema 2.8050 bpc~1.066 gnorm 0.45 lr 1.76e-04 tok/s 568133 t 7711s\n"}
,{"stream_name":"stdout","time":7911.833138727,"data":"step  66900 loss 2.7483 ema 2.7690 bpc~1.052 gnorm 0.45 lr 1.76e-04 tok/s 568152 t 7717s\n"}
,{"stream_name":"stdout","time":7911.833677697,"data":"step  66950 loss 2.7166 ema 2.7357 bpc~1.039 gnorm 0.45 lr 1.75e-04 tok/s 568174 t 7722s\n"}
,{"stream_name":"stdout","time":7911.834160387,"data":"step  67000 loss 2.6877 ema 2.7052 bpc~1.028 gnorm 0.46 lr 1.75e-04 tok/s 568199 t 7728s\n"}
,{"stream_name":"stdout","time":7911.834660777,"data":"step  67050 loss 2.7165 ema 2.7124 bpc~1.030 gnorm 0.46 lr 1.75e-04 tok/s 568217 t 7733s\n"}
,{"stream_name":"stdout","time":7911.835056187,"data":"step  67100 loss 2.6813 ema 2.6926 bpc~1.023 gnorm 0.46 lr 1.74e-04 tok/s 568227 t 7739s\n"}
,{"stream_name":"stdout","time":7912.021785692,"data":"step  67150 loss 2.7648 ema 2.7385 bpc~1.040 gnorm 0.45 lr 1.74e-04 tok/s 568238 t 7745s\n"}
,{"stream_name":"stdout","time":7917.677431906,"data":"step  67200 loss 2.7977 ema 2.7761 bpc~1.055 gnorm 0.46 lr 1.73e-04 tok/s 568246 t 7750s\n"}
,{"stream_name":"stdout","time":7923.271445894,"data":"step  67250 loss 2.7729 ema 2.7741 bpc~1.054 gnorm 0.47 lr 1.73e-04 tok/s 568258 t 7756s\n"}
,{"stream_name":"stdout","time":7928.948703516,"data":"step  67300 loss 2.6943 ema 2.7233 bpc~1.034 gnorm 0.46 lr 1.73e-04 tok/s 568265 t 7761s\n"}
,{"stream_name":"stdout","time":7934.619818728,"data":"step  67350 loss 2.7488 ema 2.7395 bpc~1.041 gnorm 0.51 lr 1.72e-04 tok/s 568272 t 7767s\n"}
,{"stream_name":"stdout","time":7940.193168068,"data":"step  67400 loss 2.8003 ema 2.7782 bpc~1.055 gnorm 0.47 lr 1.72e-04 tok/s 568286 t 7773s\n"}
,{"stream_name":"stdout","time":7945.677333755,"data":"step  67450 loss 2.7067 ema 2.7327 bpc~1.038 gnorm 0.45 lr 1.72e-04 tok/s 568306 t 7778s\n"}
,{"stream_name":"stdout","time":7951.295159742,"data":"step  67500 loss 2.7817 ema 2.7638 bpc~1.050 gnorm 0.46 lr 1.71e-04 tok/s 568317 t 7784s\n"}
,{"stream_name":"stdout","time":7956.708912835,"data":"step  67550 loss 2.5871 ema 2.6515 bpc~1.007 gnorm 0.44 lr 1.71e-04 tok/s 568343 t 7789s\n"}
,{"stream_name":"stdout","time":7962.249063668,"data":"step  67600 loss 2.7196 ema 2.6948 bpc~1.024 gnorm 0.46 lr 1.71e-04 tok/s 568359 t 7795s\n"}
,{"stream_name":"stdout","time":7967.694732168,"data":"step  67650 loss 2.7848 ema 2.7520 bpc~1.045 gnorm 0.45 lr 1.70e-04 tok/s 568383 t 7800s\n"}
,{"stream_name":"stdout","time":7973.142599578,"data":"step  67700 loss 2.7161 ema 2.7292 bpc~1.037 gnorm 0.46 lr 1.70e-04 tok/s 568406 t 7806s\n"}
,{"stream_name":"stdout","time":7978.801827981,"data":"step  67750 loss 2.6844 ema 2.7007 bpc~1.026 gnorm 0.45 lr 1.69e-04 tok/s 568413 t 7811s\n"}
,{"stream_name":"stdout","time":7984.27334463,"data":"step  67800 loss 2.7833 ema 2.7532 bpc~1.046 gnorm 0.46 lr 1.69e-04 tok/s 568435 t 7817s\n"}
,{"stream_name":"stdout","time":7989.708913541,"data":"step  67850 loss 2.7118 ema 2.7269 bpc~1.036 gnorm 0.45 lr 1.69e-04 tok/s 568459 t 7822s\n"}
,{"stream_name":"stdout","time":7995.131352173,"data":"step  67900 loss 2.7156 ema 2.7197 bpc~1.033 gnorm 0.44 lr 1.68e-04 tok/s 568484 t 7828s\n"}
,{"stream_name":"stdout","time":8000.648334588,"data":"step  67950 loss 2.7443 ema 2.7353 bpc~1.039 gnorm 0.46 lr 1.68e-04 tok/s 568501 t 7833s\n"}
,{"stream_name":"stdout","time":8006.040529432,"data":"step  68000 loss 2.7250 ema 2.7288 bpc~1.037 gnorm 0.45 lr 1.68e-04 tok/s 568528 t 7839s\n"}
,{"stream_name":"stdout","time":8010.154186031,"data":"EVAL step 68000 valid_loss 2.5399 valid_bpc 0.9648 *guardado\n"}
,{"stream_name":"stdout","time":8015.677952105,"data":"step  68050 loss 2.7297 ema 2.7293 bpc~1.037 gnorm 0.46 lr 1.67e-04 tok/s 568248 t 7848s\n"}
,{"stream_name":"stdout","time":8021.214641028,"data":"step  68100 loss 2.6978 ema 2.7093 bpc~1.029 gnorm 0.44 lr 1.67e-04 tok/s 568264 t 7854s\n"}
,{"stream_name":"stdout","time":8026.88603099,"data":"step  68150 loss 2.7234 ema 2.7183 bpc~1.033 gnorm 0.47 lr 1.67e-04 tok/s 568271 t 7859s\n"}
,{"stream_name":"stdout","time":8032.618335497,"data":"step  68200 loss 2.7502 ema 2.7386 bpc~1.040 gnorm 0.47 lr 1.66e-04 tok/s 568278 t 7865s\n"}
,{"stream_name":"stdout","time":8038.169158109,"data":"step  68250 loss 2.7333 ema 2.7352 bpc~1.039 gnorm 0.47 lr 1.66e-04 tok/s 568289 t 7871s\n"}
,{"stream_name":"stdout","time":8043.570577333,"data":"step  68300 loss 2.8347 ema 2.7985 bpc~1.063 gnorm 0.46 lr 1.66e-04 tok/s 568316 t 7876s\n"}
,{"stream_name":"stdout","time":8049.032466663,"data":"step  68350 loss 2.6380 ema 2.6964 bpc~1.024 gnorm 0.47 lr 1.65e-04 tok/s 568337 t 7882s\n"}
,{"stream_name":"stdout","time":8054.63630029,"data":"step  68400 loss 2.6877 ema 2.6909 bpc~1.022 gnorm 0.45 lr 1.65e-04 tok/s 568349 t 7887s\n"}
,{"stream_name":"stdout","time":8060.375779537,"data":"step  68450 loss 2.6849 ema 2.6871 bpc~1.021 gnorm 0.46 lr 1.65e-04 tok/s 568351 t 7893s\n"}
,{"stream_name":"stdout","time":8066.025958751,"data":"step  68500 loss 2.6990 ema 2.6946 bpc~1.024 gnorm 0.46 lr 1.64e-04 tok/s 568359 t 7899s\n"}
,{"stream_name":"stdout","time":8071.579281252,"data":"step  68550 loss 2.7526 ema 2.7315 bpc~1.038 gnorm 0.46 lr 1.64e-04 tok/s 568375 t 7904s\n"}
,{"stream_name":"stdout","time":8077.105810396,"data":"step  68600 loss 2.6494 ema 2.6793 bpc~1.018 gnorm 0.47 lr 1.63e-04 tok/s 568392 t 7910s\n"}
,{"stream_name":"stdout","time":8082.64143835,"data":"step  68650 loss 2.6256 ema 2.6451 bpc~1.005 gnorm 0.46 lr 1.63e-04 tok/s 568408 t 7915s\n"}
,{"stream_name":"stdout","time":8088.126427716,"data":"step  68700 loss 2.7002 ema 2.6801 bpc~1.018 gnorm 0.47 lr 1.63e-04 tok/s 568428 t 7921s\n"}
,{"stream_name":"stdout","time":8093.6614607,"data":"step  68750 loss 2.6443 ema 2.6574 bpc~1.009 gnorm 0.46 lr 1.62e-04 tok/s 568445 t 7926s\n"}
,{"stream_name":"stdout","time":8099.312839553,"data":"step  68800 loss 2.6403 ema 2.6465 bpc~1.005 gnorm 0.45 lr 1.62e-04 tok/s 568453 t 7932s\n"}
,{"stream_name":"stdout","time":8104.896583853,"data":"step  68850 loss 2.7368 ema 2.7039 bpc~1.027 gnorm 0.46 lr 1.62e-04 tok/s 568466 t 7937s\n"}
,{"stream_name":"stdout","time":8110.419409257,"data":"step  68900 loss 2.7081 ema 2.7066 bpc~1.028 gnorm 0.46 lr 1.61e-04 tok/s 568483 t 7943s\n"}
,{"stream_name":"stdout","time":8115.95123431,"data":"step  68950 loss 2.7008 ema 2.7029 bpc~1.027 gnorm 0.46 lr 1.61e-04 tok/s 568500 t 7948s\n"}
,{"stream_name":"stdout","time":8121.450038727,"data":"step  69000 loss 2.7429 ema 2.7283 bpc~1.036 gnorm 0.47 lr 1.61e-04 tok/s 568519 t 7954s\n"}
,{"stream_name":"stdout","time":8126.926465295,"data":"step  69050 loss 2.6977 ema 2.7089 bpc~1.029 gnorm 0.45 lr 1.60e-04 tok/s 568539 t 7959s\n"}
,{"stream_name":"stdout","time":8132.451566089,"data":"step  69100 loss 2.6895 ema 2.6966 bpc~1.024 gnorm 0.47 lr 1.60e-04 tok/s 568556 t 7965s\n"}
,{"stream_name":"stdout","time":8138.180308176,"data":"step  69150 loss 2.6505 ema 2.6672 bpc~1.013 gnorm 0.45 lr 1.60e-04 tok/s 568559 t 7971s\n"}
,{"stream_name":"stdout","time":8143.913510533,"data":"step  69200 loss 2.7360 ema 2.7110 bpc~1.030 gnorm 0.46 lr 1.59e-04 tok/s 568561 t 7976s\n"}
,{"stream_name":"stdout","time":8149.473529125,"data":"step  69250 loss 2.7345 ema 2.7259 bpc~1.035 gnorm 0.46 lr 1.59e-04 tok/s 568575 t 7982s\n"}
,{"stream_name":"stdout","time":8155.069177753,"data":"step  69300 loss 2.6963 ema 2.7071 bpc~1.028 gnorm 0.44 lr 1.59e-04 tok/s 568591 t 7988s\n"}
,{"stream_name":"stdout","time":8160.531674381,"data":"step  69350 loss 2.6561 ema 2.6746 bpc~1.016 gnorm 0.48 lr 1.58e-04 tok/s 568609 t 7993s\n"}
,{"stream_name":"stdout","time":8166.111809961,"data":"step  69400 loss 2.6662 ema 2.6693 bpc~1.014 gnorm 0.46 lr 1.58e-04 tok/s 568622 t 7999s\n"}
,{"stream_name":"stdout","time":8171.807469612,"data":"step  69450 loss 2.7069 ema 2.6932 bpc~1.023 gnorm 0.47 lr 1.58e-04 tok/s 568626 t 8004s\n"}
,{"stream_name":"stdout","time":8177.427237648,"data":"step  69500 loss 2.7816 ema 2.7494 bpc~1.044 gnorm 0.46 lr 1.57e-04 tok/s 568637 t 8010s\n"}
,{"stream_name":"stdout","time":8183.117104049,"data":"step  69550 loss 2.7149 ema 2.7275 bpc~1.036 gnorm 0.48 lr 1.57e-04 tok/s 568642 t 8016s\n"}
,{"stream_name":"stdout","time":8188.852225876,"data":"step  69600 loss 2.7352 ema 2.7324 bpc~1.038 gnorm 0.47 lr 1.57e-04 tok/s 568644 t 8021s\n"}
,{"stream_name":"stdout","time":8194.646204888,"data":"step  69650 loss 2.6969 ema 2.7099 bpc~1.029 gnorm 0.46 lr 1.56e-04 tok/s 568641 t 8027s\n"}
,{"stream_name":"stdout","time":8200.402776193,"data":"step  69700 loss 2.7181 ema 2.7151 bpc~1.031 gnorm 0.47 lr 1.56e-04 tok/s 568642 t 8033s\n"}
,{"stream_name":"stdout","time":8206.055393597,"data":"step  69750 loss 2.6873 ema 2.6974 bpc~1.025 gnorm 0.48 lr 1.55e-04 tok/s 568650 t 8039s\n"}
,{"stream_name":"stdout","time":8211.579061291,"data":"step  69800 loss 2.6157 ema 2.6455 bpc~1.005 gnorm 0.45 lr 1.55e-04 tok/s 568666 t 8044s\n"}
,{"stream_name":"stdout","time":8217.272708622,"data":"step  69850 loss 2.7149 ema 2.6896 bpc~1.022 gnorm 0.46 lr 1.55e-04 tok/s 568671 t 8050s\n"}
,{"stream_name":"stdout","time":8222.790695926,"data":"step  69900 loss 2.7838 ema 2.7495 bpc~1.044 gnorm 0.47 lr 1.54e-04 tok/s 568689 t 8055s\n"}
,{"stream_name":"stdout","time":8228.472098638,"data":"step  69950 loss 2.7453 ema 2.7468 bpc~1.043 gnorm 0.47 lr 1.54e-04 tok/s 568694 t 8061s\n"}
,{"stream_name":"stdout","time":8234.170733767,"data":"step  70000 loss 2.7216 ema 2.7308 bpc~1.037 gnorm 0.47 lr 1.54e-04 tok/s 568699 t 8067s\n"}
,{"stream_name":"stdout","time":8238.195360553,"data":"EVAL step 70000 valid_loss 2.5333 valid_bpc 0.9623 *guardado\n"}
,{"stream_name":"stdout","time":8243.940458369,"data":"step  70050 loss 2.7947 ema 2.7714 bpc~1.053 gnorm 0.47 lr 1.53e-04 tok/s 568416 t 8076s\n"}
,{"stream_name":"stdout","time":8249.679700155,"data":"step  70100 loss 2.7053 ema 2.7294 bpc~1.037 gnorm 0.46 lr 1.53e-04 tok/s 568418 t 8082s\n"}
,{"stream_name":"stdout","time":8255.350108698,"data":"step  70150 loss 2.7342 ema 2.7324 bpc~1.038 gnorm 0.50 lr 1.53e-04 tok/s 568425 t 8088s\n"}
,{"stream_name":"stdout","time":8261.025420565,"data":"step  70200 loss 2.6879 ema 2.7041 bpc~1.027 gnorm 0.45 lr 1.52e-04 tok/s 568431 t 8094s\n"}
,{"stream_name":"stdout","time":8266.643885946,"data":"step  70250 loss 2.7277 ema 2.7191 bpc~1.033 gnorm 0.46 lr 1.52e-04 tok/s 568441 t 8099s\n"}
,{"stream_name":"stdout","time":8272.307187793,"data":"step  70300 loss 2.7328 ema 2.7278 bpc~1.036 gnorm 0.46 lr 1.52e-04 tok/s 568449 t 8105s\n"}
,{"stream_name":"stdout","time":8278.055019813,"data":"step  70350 loss 2.7468 ema 2.7399 bpc~1.041 gnorm 0.47 lr 1.51e-04 tok/s 568454 t 8111s\n"}
,{"stream_name":"stdout","time":8283.709380291,"data":"step  70400 loss 2.6752 ema 2.6988 bpc~1.025 gnorm 0.48 lr 1.51e-04 tok/s 568457 t 8116s\n"}
,{"stream_name":"stdout","time":8289.444292422,"data":"step  70450 loss 2.7115 ema 2.7069 bpc~1.028 gnorm 0.48 lr 1.51e-04 tok/s 568459 t 8122s\n"}
,{"stream_name":"stdout","time":8295.200485442,"data":"step  70500 loss 2.6918 ema 2.6973 bpc~1.025 gnorm 0.46 lr 1.50e-04 tok/s 568460 t 8128s\n"}
,{"stream_name":"stdout","time":8300.874031758,"data":"step  70550 loss 2.7037 ema 2.7014 bpc~1.026 gnorm 0.46 lr 1.50e-04 tok/s 568466 t 8133s\n"}
,{"stream_name":"stdout","time":8306.556771003,"data":"step  70600 loss 2.7734 ema 2.7472 bpc~1.044 gnorm 0.49 lr 1.50e-04 tok/s 568472 t 8139s\n"}
,{"stream_name":"stdout","time":8312.196590342,"data":"step  70650 loss 2.6929 ema 2.7126 bpc~1.030 gnorm 0.46 lr 1.49e-04 tok/s 568481 t 8145s\n"}
,{"stream_name":"stdout","time":8317.962772091,"data":"step  70700 loss 2.7037 ema 2.7070 bpc~1.028 gnorm 0.47 lr 1.49e-04 tok/s 568481 t 8150s\n"}
,{"stream_name":"stdout","time":8323.698432083,"data":"step  70750 loss 2.7057 ema 2.7062 bpc~1.028 gnorm 0.47 lr 1.49e-04 tok/s 568483 t 8156s\n"}
,{"stream_name":"stdout","time":8329.460229432,"data":"step  70800 loss 2.7083 ema 2.7075 bpc~1.028 gnorm 0.48 lr 1.48e-04 tok/s 568483 t 8162s\n"}
,{"stream_name":"stdout","time":8335.067047123,"data":"step  70850 loss 2.6622 ema 2.6787 bpc~1.018 gnorm 0.46 lr 1.48e-04 tok/s 568494 t 8168s\n"}
,{"stream_name":"stdout","time":8340.648657476,"data":"step  70900 loss 2.7106 ema 2.6990 bpc~1.025 gnorm 0.47 lr 1.48e-04 tok/s 568506 t 8173s\n"}
,{"stream_name":"stdout","time":8346.176671854,"data":"step  70950 loss 2.7960 ema 2.7607 bpc~1.049 gnorm 0.48 lr 1.47e-04 tok/s 568523 t 8179s\n"}
,{"stream_name":"stdout","time":8351.705860831,"data":"step  71000 loss 2.7304 ema 2.7415 bpc~1.041 gnorm 0.47 lr 1.47e-04 tok/s 568539 t 8184s\n"}
,{"stream_name":"stdout","time":8357.288443084,"data":"step  71050 loss 2.6753 ema 2.6994 bpc~1.025 gnorm 0.48 lr 1.47e-04 tok/s 568552 t 8190s\n"}
,{"stream_name":"stdout","time":8363.042662264,"data":"step  71100 loss 2.6810 ema 2.6877 bpc~1.021 gnorm 0.47 lr 1.46e-04 tok/s 568552 t 8196s\n"}
,{"stream_name":"stdout","time":8368.584000211,"data":"step  71150 loss 2.6125 ema 2.6399 bpc~1.003 gnorm 0.46 lr 1.46e-04 tok/s 568568 t 8201s\n"}
,{"stream_name":"stdout","time":8374.132411456,"data":"step  71200 loss 2.6644 ema 2.6555 bpc~1.009 gnorm 0.47 lr 1.46e-04 tok/s 568583 t 8207s\n"}
,{"stream_name":"stdout","time":8379.621471747,"data":"step  71250 loss 2.7367 ema 2.7071 bpc~1.028 gnorm 0.48 lr 1.45e-04 tok/s 568602 t 8212s\n"}
,{"stream_name":"stdout","time":8385.119224826,"data":"step  71300 loss 2.6934 ema 2.6984 bpc~1.025 gnorm 0.47 lr 1.45e-04 tok/s 568620 t 8218s\n"}
,{"stream_name":"stdout","time":8390.638345214,"data":"step  71350 loss 2.6815 ema 2.6877 bpc~1.021 gnorm 0.49 lr 1.45e-04 tok/s 568637 t 8223s\n"}
,{"stream_name":"stdout","time":8396.180846361,"data":"step  71400 loss 2.6716 ema 2.6775 bpc~1.017 gnorm 0.47 lr 1.45e-04 tok/s 568652 t 8229s\n"}
,{"stream_name":"stdout","time":8401.734768016,"data":"step  71450 loss 2.7009 ema 2.6924 bpc~1.023 gnorm 0.47 lr 1.44e-04 tok/s 568670 t 8234s\n"}
,{"stream_name":"stdout","time":8407.0411333,"data":"step  71500 loss 2.6675 ema 2.6766 bpc~1.017 gnorm 0.47 lr 1.44e-04 tok/s 568698 t 8240s\n"}
,{"stream_name":"stdout","time":8412.40766923,"data":"step  71550 loss 2.6736 ema 2.6747 bpc~1.016 gnorm 0.48 lr 1.44e-04 tok/s 568725 t 8245s\n"}
,{"stream_name":"stdout","time":8417.90319944,"data":"step  71600 loss 2.7404 ema 2.7165 bpc~1.032 gnorm 0.48 lr 1.43e-04 tok/s 568743 t 8250s\n"}
,{"stream_name":"stdout","time":8423.408126439,"data":"step  71650 loss 2.7523 ema 2.7392 bpc~1.041 gnorm 0.48 lr 1.43e-04 tok/s 568761 t 8256s\n"}
,{"stream_name":"stdout","time":8428.990808532,"data":"step  71700 loss 2.7386 ema 2.7388 bpc~1.040 gnorm 0.47 lr 1.43e-04 tok/s 568773 t 8262s\n"}
,{"stream_name":"stdout","time":8434.551152416,"data":"step  71750 loss 2.7496 ema 2.7457 bpc~1.043 gnorm 0.47 lr 1.42e-04 tok/s 568787 t 8267s\n"}
,{"stream_name":"stdout","time":8439.942239374,"data":"step  71800 loss 2.6807 ema 2.7043 bpc~1.027 gnorm 0.48 lr 1.42e-04 tok/s 568813 t 8272s\n"}
,{"stream_name":"stdout","time":8445.46677238,"data":"step  71850 loss 2.7314 ema 2.7215 bpc~1.034 gnorm 0.47 lr 1.42e-04 tok/s 568829 t 8278s\n"}
,{"stream_name":"stdout","time":8450.969675851,"data":"step  71900 loss 2.6565 ema 2.6802 bpc~1.018 gnorm 0.47 lr 1.41e-04 tok/s 568847 t 8283s\n"}
,{"stream_name":"stdout","time":8456.418558984,"data":"step  71950 loss 2.7407 ema 2.7187 bpc~1.033 gnorm 0.47 lr 1.41e-04 tok/s 568868 t 8289s\n"}
,{"stream_name":"stdout","time":8461.866438698,"data":"step  72000 loss 2.7213 ema 2.7204 bpc~1.033 gnorm 0.48 lr 1.41e-04 tok/s 568889 t 8294s\n"}
,{"stream_name":"stdout","time":8465.853445753,"data":"EVAL step 72000 valid_loss 2.5265 valid_bpc 0.9597 *guardado\n"}
,{"stream_name":"stdout","time":8471.361462642,"data":"step  72050 loss 2.6567 ema 2.6799 bpc~1.018 gnorm 0.48 lr 1.40e-04 tok/s 568634 t 8304s\n"}
,{"stream_name":"stdout","time":8476.87334564,"data":"step  72100 loss 2.6537 ema 2.6633 bpc~1.012 gnorm 0.48 lr 1.40e-04 tok/s 568651 t 8309s\n"}
,{"stream_name":"stdout","time":8482.323918223,"data":"step  72150 loss 2.6526 ema 2.6565 bpc~1.009 gnorm 0.47 lr 1.40e-04 tok/s 568672 t 8315s\n"}
,{"stream_name":"stdout","time":8487.843139821,"data":"step  72200 loss 2.7822 ema 2.7364 bpc~1.039 gnorm 0.47 lr 1.39e-04 tok/s 568689 t 8320s\n"}
,{"stream_name":"stdout","time":8493.538498696,"data":"step  72250 loss 2.7232 ema 2.7280 bpc~1.036 gnorm 0.49 lr 1.39e-04 tok/s 568693 t 8326s\n"}
,{"stream_name":"stdout","time":8499.182027974,"data":"step  72300 loss 2.6860 ema 2.7013 bpc~1.026 gnorm 0.49 lr 1.39e-04 tok/s 568701 t 8332s\n"}
,{"stream_name":"stdout","time":8504.850839931,"data":"step  72350 loss 2.7027 ema 2.7022 bpc~1.026 gnorm 0.47 lr 1.38e-04 tok/s 568708 t 8337s\n"}
,{"stream_name":"stdout","time":8510.504760979,"data":"step  72400 loss 2.6447 ema 2.6656 bpc~1.013 gnorm 0.48 lr 1.38e-04 tok/s 568715 t 8343s\n"}
,{"stream_name":"stdout","time":8516.147107557,"data":"step  72450 loss 2.6431 ema 2.6513 bpc~1.007 gnorm 0.47 lr 1.38e-04 tok/s 568723 t 8349s\n"}
,{"stream_name":"stdout","time":8521.800404465,"data":"step  72500 loss 2.7412 ema 2.7085 bpc~1.029 gnorm 0.47 lr 1.38e-04 tok/s 568734 t 8354s\n"}
,{"stream_name":"stdout","time":8527.325178393,"data":"step  72550 loss 2.6137 ema 2.6482 bpc~1.006 gnorm 0.46 lr 1.37e-04 tok/s 568747 t 8360s\n"}
,{"stream_name":"stdout","time":8532.97650164,"data":"step  72600 loss 2.6889 ema 2.6741 bpc~1.016 gnorm 0.48 lr 1.37e-04 tok/s 568754 t 8366s\n"}
,{"stream_name":"stdout","time":8538.60986135,"data":"step  72650 loss 2.6790 ema 2.6772 bpc~1.017 gnorm 0.48 lr 1.37e-04 tok/s 568763 t 8371s\n"}
,{"stream_name":"stdout","time":8544.22770759,"data":"step  72700 loss 2.7451 ema 2.7204 bpc~1.033 gnorm 0.49 lr 1.36e-04 tok/s 568772 t 8377s\n"}
,{"stream_name":"stdout","time":8549.740781019,"data":"step  72750 loss 2.6642 ema 2.6846 bpc~1.020 gnorm 0.47 lr 1.36e-04 tok/s 568789 t 8382s\n"}
,{"stream_name":"stdout","time":8555.294371224,"data":"step  72800 loss 2.6483 ema 2.6616 bpc~1.011 gnorm 0.47 lr 1.36e-04 tok/s 568803 t 8388s\n"}
,{"stream_name":"stdout","time":8560.950204661,"data":"step  72850 loss 2.7030 ema 2.6879 bpc~1.021 gnorm 0.50 lr 1.35e-04 tok/s 568811 t 8393s\n"}
,{"stream_name":"stdout","time":8566.532487944,"data":"step  72900 loss 2.6614 ema 2.6711 bpc~1.015 gnorm 0.50 lr 1.35e-04 tok/s 568823 t 8399s\n"}
,{"stream_name":"stdout","time":8572.227711179,"data":"step  72950 loss 2.6564 ema 2.6618 bpc~1.011 gnorm 0.48 lr 1.35e-04 tok/s 568827 t 8405s\n"}
,{"stream_name":"stdout","time":8577.645817225,"data":"step  73000 loss 2.7601 ema 2.7243 bpc~1.035 gnorm 0.49 lr 1.34e-04 tok/s 568850 t 8410s\n"}
,{"stream_name":"stdout","time":8583.128960795,"data":"step  73050 loss 2.7472 ema 2.7388 bpc~1.040 gnorm 0.50 lr 1.34e-04 tok/s 568869 t 8416s\n"}
,{"stream_name":"stdout","time":8588.647128204,"data":"step  73100 loss 2.7451 ema 2.7428 bpc~1.042 gnorm 0.50 lr 1.34e-04 tok/s 568885 t 8421s\n"}
,{"stream_name":"stdout","time":8594.148224843,"data":"step  73150 loss 2.7539 ema 2.7499 bpc~1.045 gnorm 0.48 lr 1.33e-04 tok/s 568903 t 8427s\n"}
,{"stream_name":"stdout","time":8599.602507856,"data":"step  73200 loss 2.6654 ema 2.6962 bpc~1.024 gnorm 0.48 lr 1.33e-04 tok/s 568923 t 8432s\n"}
,{"stream_name":"stdout","time":8605.150720402,"data":"step  73250 loss 2.6903 ema 2.6924 bpc~1.023 gnorm 0.49 lr 1.33e-04 tok/s 568938 t 8438s\n"}
,{"stream_name":"stdout","time":8610.859877135,"data":"step  73300 loss 2.7130 ema 2.7055 bpc~1.028 gnorm 0.49 lr 1.33e-04 tok/s 568941 t 8443s\n"}
,{"stream_name":"stdout","time":8616.449349248,"data":"step  73350 loss 2.7719 ema 2.7477 bpc~1.044 gnorm 0.50 lr 1.32e-04 tok/s 568952 t 8449s\n"}
,{"stream_name":"stdout","time":8622.135118953,"data":"step  73400 loss 2.6345 ema 2.6757 bpc~1.016 gnorm 0.47 lr 1.32e-04 tok/s 568957 t 8455s\n"}
,{"stream_name":"stdout","time":8627.779710221,"data":"step  73450 loss 2.7010 ema 2.6918 bpc~1.023 gnorm 0.48 lr 1.32e-04 tok/s 568965 t 8460s\n"}
,{"stream_name":"stdout","time":8633.470749036,"data":"step  73500 loss 2.6667 ema 2.6758 bpc~1.016 gnorm 0.50 lr 1.31e-04 tok/s 568970 t 8466s\n"}
,{"stream_name":"stdout","time":8639.151413532,"data":"step  73550 loss 2.6004 ema 2.6279 bpc~0.998 gnorm 0.47 lr 1.31e-04 tok/s 568975 t 8472s\n"}
,{"stream_name":"stdout","time":8644.995006845,"data":"step  73600 loss 2.7221 ema 2.6878 bpc~1.021 gnorm 0.48 lr 1.31e-04 tok/s 568973 t 8477s\n"}
,{"stream_name":"stdout","time":8650.68481489,"data":"step  73650 loss 2.8332 ema 2.7802 bpc~1.056 gnorm 0.49 lr 1.30e-04 tok/s 568974 t 8483s\n"}
,{"stream_name":"stdout","time":8656.406773482,"data":"step  73700 loss 2.7009 ema 2.7298 bpc~1.037 gnorm 0.48 lr 1.30e-04 tok/s 568976 t 8489s\n"}
,{"stream_name":"stdout","time":8661.844102307,"data":"step  73750 loss 2.7190 ema 2.7229 bpc~1.034 gnorm 0.49 lr 1.30e-04 tok/s 568998 t 8494s\n"}
,{"stream_name":"stdout","time":8667.41716542,"data":"step  73800 loss 2.7340 ema 2.7300 bpc~1.037 gnorm 0.50 lr 1.30e-04 tok/s 569010 t 8500s\n"}
,{"stream_name":"stdout","time":8672.991327254,"data":"step  73850 loss 2.5973 ema 2.6456 bpc~1.005 gnorm 0.50 lr 1.29e-04 tok/s 569023 t 8506s\n"}
,{"stream_name":"stdout","time":8678.580246697,"data":"step  73900 loss 2.7411 ema 2.7063 bpc~1.028 gnorm 0.49 lr 1.29e-04 tok/s 569034 t 8511s\n"}
,{"stream_name":"stdout","time":8684.309941709,"data":"step  73950 loss 2.7496 ema 2.7338 bpc~1.038 gnorm 0.49 lr 1.29e-04 tok/s 569036 t 8517s\n"}
,{"stream_name":"stdout","time":8690.025259421,"data":"step  74000 loss 2.7301 ema 2.7314 bpc~1.038 gnorm 0.49 lr 1.28e-04 tok/s 569039 t 8523s\n"}
,{"stream_name":"stdout","time":8694.037981585,"data":"EVAL step 74000 valid_loss 2.5186 valid_bpc 0.9567 *guardado\n"}
,{"stream_name":"stdout","time":8699.706474031,"data":"step  74050 loss 2.7591 ema 2.7490 bpc~1.044 gnorm 0.51 lr 1.28e-04 tok/s 568777 t 8532s\n"}
,{"stream_name":"stdout","time":8705.426681143,"data":"step  74100 loss 2.7335 ema 2.7392 bpc~1.041 gnorm 0.49 lr 1.28e-04 tok/s 568780 t 8538s\n"}
,{"stream_name":"stdout","time":8711.030645066,"data":"step  74150 loss 2.6711 ema 2.6959 bpc~1.024 gnorm 0.48 lr 1.27e-04 tok/s 568791 t 8544s\n"}
,{"stream_name":"stdout","time":8716.790725965,"data":"step  74200 loss 2.6860 ema 2.6896 bpc~1.022 gnorm 0.49 lr 1.27e-04 tok/s 568791 t 8549s\n"}
,{"stream_name":"stdout","time":8722.550318134,"data":"step  74250 loss 2.6273 ema 2.6500 bpc~1.007 gnorm 0.47 lr 1.27e-04 tok/s 568791 t 8555s\n"}
,{"stream_name":"stdout","time":8728.326715653,"data":"step  74300 loss 2.7101 ema 2.6883 bpc~1.021 gnorm 0.51 lr 1.27e-04 tok/s 568790 t 8561s\n"}
,{"stream_name":"stdout","time":8734.095087382,"data":"step  74350 loss 2.7289 ema 2.7141 bpc~1.031 gnorm 0.48 lr 1.26e-04 tok/s 568789 t 8567s\n"}
,{"stream_name":"stdout","time":8739.773006788,"data":"step  74400 loss 2.7603 ema 2.7435 bpc~1.042 gnorm 0.51 lr 1.26e-04 tok/s 568795 t 8572s\n"}
,{"stream_name":"stdout","time":8745.469216732,"data":"step  74450 loss 2.7618 ema 2.7551 bpc~1.047 gnorm 0.50 lr 1.26e-04 tok/s 568799 t 8578s\n"}
,{"stream_name":"stdout","time":8751.214983143,"data":"step  74500 loss 2.7241 ema 2.7354 bpc~1.039 gnorm 0.50 lr 1.25e-04 tok/s 568800 t 8584s\n"}
,{"stream_name":"stdout","time":8756.836777133,"data":"step  74550 loss 2.6912 ema 2.7073 bpc~1.028 gnorm 0.49 lr 1.25e-04 tok/s 568809 t 8589s\n"}
,{"stream_name":"stdout","time":8762.608341062,"data":"step  74600 loss 2.5937 ema 2.6350 bpc~1.001 gnorm 0.48 lr 1.25e-04 tok/s 568809 t 8595s\n"}
,{"stream_name":"stdout","time":8768.414900738,"data":"step  74650 loss 2.6432 ema 2.6402 bpc~1.003 gnorm 0.48 lr 1.25e-04 tok/s 568809 t 8601s\n"}
,{"stream_name":"stdout","time":8774.092662343,"data":"step  74700 loss 2.7555 ema 2.7135 bpc~1.031 gnorm 0.48 lr 1.24e-04 tok/s 568811 t 8607s\n"}
,{"stream_name":"stdout","time":8779.657152418,"data":"step  74750 loss 2.6654 ema 2.6829 bpc~1.019 gnorm 0.48 lr 1.24e-04 tok/s 568824 t 8612s\n"}
,{"stream_name":"stdout","time":8785.462791654,"data":"step  74800 loss 2.7014 ema 2.6947 bpc~1.024 gnorm 0.49 lr 1.24e-04 tok/s 568821 t 8618s\n"}
,{"stream_name":"stdout","time":8791.232199722,"data":"step  74850 loss 2.6996 ema 2.6978 bpc~1.025 gnorm 0.50 lr 1.23e-04 tok/s 568820 t 8624s\n"}
,{"stream_name":"stdout","time":8796.784816918,"data":"step  74900 loss 2.6872 ema 2.6910 bpc~1.022 gnorm 0.49 lr 1.23e-04 tok/s 568834 t 8629s\n"}
,{"stream_name":"stdout","time":8802.429880606,"data":"step  74950 loss 2.6015 ema 2.6341 bpc~1.001 gnorm 0.47 lr 1.23e-04 tok/s 568842 t 8635s\n"}
,{"stream_name":"stdout","time":8808.120896571,"data":"step  75000 loss 2.7094 ema 2.6820 bpc~1.019 gnorm 0.49 lr 1.23e-04 tok/s 568846 t 8641s\n"}
,{"stream_name":"stdout","time":8813.773411409,"data":"step  75050 loss 2.7017 ema 2.6945 bpc~1.024 gnorm 0.48 lr 1.22e-04 tok/s 568853 t 8646s\n"}
,{"stream_name":"stdout","time":8819.431558506,"data":"step  75100 loss 2.6437 ema 2.6622 bpc~1.011 gnorm 0.48 lr 1.22e-04 tok/s 568860 t 8652s\n"}
,{"stream_name":"stdout","time":8825.231652223,"data":"step  75150 loss 2.6626 ema 2.6625 bpc~1.011 gnorm 0.49 lr 1.22e-04 tok/s 568858 t 8658s\n"}
,{"stream_name":"stdout","time":8830.944219646,"data":"step  75200 loss 2.6574 ema 2.6592 bpc~1.010 gnorm 0.49 lr 1.21e-04 tok/s 568861 t 8663s\n"}
,{"stream_name":"stdout","time":8836.64484657,"data":"step  75250 loss 2.7720 ema 2.7309 bpc~1.037 gnorm 0.48 lr 1.21e-04 tok/s 568865 t 8669s\n"}
,{"stream_name":"stdout","time":8842.387962261,"data":"step  75300 loss 2.6531 ema 2.6814 bpc~1.019 gnorm 0.49 lr 1.21e-04 tok/s 568866 t 8675s\n"}
,{"stream_name":"stdout","time":8848.139902711,"data":"step  75350 loss 2.6615 ema 2.6688 bpc~1.014 gnorm 0.48 lr 1.21e-04 tok/s 568866 t 8681s\n"}
,{"stream_name":"stdout","time":8853.77390728,"data":"step  75400 loss 2.6620 ema 2.6644 bpc~1.012 gnorm 0.49 lr 1.20e-04 tok/s 568874 t 8686s\n"}
,{"stream_name":"stdout","time":8859.463063825,"data":"step  75450 loss 2.6807 ema 2.6748 bpc~1.016 gnorm 0.49 lr 1.20e-04 tok/s 568879 t 8692s\n"}
,{"stream_name":"stdout","time":8865.240694844,"data":"step  75500 loss 2.7077 ema 2.6957 bpc~1.024 gnorm 0.50 lr 1.20e-04 tok/s 568878 t 8698s\n"}
,{"stream_name":"stdout","time":8870.928582179,"data":"step  75550 loss 2.6609 ema 2.6736 bpc~1.016 gnorm 0.48 lr 1.19e-04 tok/s 568883 t 8703s\n"}
,{"stream_name":"stdout","time":8876.580665407,"data":"step  75600 loss 2.7334 ema 2.7116 bpc~1.030 gnorm 0.50 lr 1.19e-04 tok/s 568890 t 8709s\n"}
,{"stream_name":"stdout","time":8882.298338039,"data":"step  75650 loss 2.7157 ema 2.7142 bpc~1.031 gnorm 0.50 lr 1.19e-04 tok/s 568893 t 8715s\n"}
,{"stream_name":"stdout","time":8887.865294024,"data":"step  75700 loss 2.6991 ema 2.7046 bpc~1.027 gnorm 0.49 lr 1.19e-04 tok/s 568905 t 8720s\n"}
,{"stream_name":"stdout","time":8893.439866557,"data":"step  75750 loss 2.7305 ema 2.7211 bpc~1.034 gnorm 0.50 lr 1.18e-04 tok/s 568921 t 8726s\n"}
,{"stream_name":"stdout","time":8898.808938427,"data":"step  75800 loss 2.6487 ema 2.6751 bpc~1.016 gnorm 0.51 lr 1.18e-04 tok/s 568943 t 8731s\n"}
,{"stream_name":"stdout","time":8904.203166844,"data":"step  75850 loss 2.5762 ema 2.6122 bpc~0.992 gnorm 0.49 lr 1.18e-04 tok/s 568966 t 8737s\n"}
,{"stream_name":"stdout","time":8909.62267566,"data":"step  75900 loss 2.7059 ema 2.6718 bpc~1.015 gnorm 0.50 lr 1.17e-04 tok/s 568989 t 8742s\n"}
,{"stream_name":"stdout","time":8915.179012895,"data":"step  75950 loss 2.7552 ema 2.7248 bpc~1.035 gnorm 0.51 lr 1.17e-04 tok/s 569002 t 8748s\n"}
,{"stream_name":"stdout","time":8920.793198196,"data":"step  76000 loss 2.6691 ema 2.6894 bpc~1.022 gnorm 0.48 lr 1.17e-04 tok/s 569011 t 8753s\n"}
,{"stream_name":"stdout","time":8924.811192819,"data":"EVAL step 76000 valid_loss 2.5109 valid_bpc 0.9538 *guardado\n"}
,{"stream_name":"stdout","time":8930.28389212,"data":"step  76050 loss 2.6901 ema 2.6898 bpc~1.022 gnorm 0.49 lr 1.17e-04 tok/s 568769 t 8763s\n"}
,{"stream_name":"stdout","time":8935.822789366,"data":"step  76100 loss 2.5792 ema 2.6195 bpc~0.995 gnorm 0.49 lr 1.16e-04 tok/s 568783 t 8768s\n"}
,{"stream_name":"stdout","time":8941.238130912,"data":"step  76150 loss 2.6961 ema 2.6682 bpc~1.014 gnorm 0.49 lr 1.16e-04 tok/s 568806 t 8774s\n"}
,{"stream_name":"stdout","time":8947.014504311,"data":"step  76200 loss 2.7297 ema 2.7073 bpc~1.028 gnorm 0.48 lr 1.16e-04 tok/s 568805 t 8780s\n"}
,{"stream_name":"stdout","time":8952.593240034,"data":"step  76250 loss 2.6145 ema 2.6483 bpc~1.006 gnorm 0.48 lr 1.16e-04 tok/s 568816 t 8785s\n"}
,{"stream_name":"stdout","time":8958.246767152,"data":"step  76300 loss 2.7449 ema 2.7097 bpc~1.029 gnorm 0.50 lr 1.15e-04 tok/s 568823 t 8791s\n"}
,{"stream_name":"stdout","time":8963.919106678,"data":"step  76350 loss 2.7185 ema 2.7153 bpc~1.031 gnorm 0.50 lr 1.15e-04 tok/s 568829 t 8796s\n"}
,{"stream_name":"stdout","time":8969.487513562,"data":"step  76400 loss 2.6927 ema 2.7009 bpc~1.026 gnorm 0.49 lr 1.15e-04 tok/s 568841 t 8802s\n"}
,{"stream_name":"stdout","time":8975.0175869,"data":"step  76450 loss 2.6942 ema 2.6966 bpc~1.024 gnorm 0.51 lr 1.14e-04 tok/s 568856 t 8808s\n"}
,{"stream_name":"stdout","time":8980.572251405,"data":"step  76500 loss 2.6981 ema 2.6976 bpc~1.025 gnorm 0.50 lr 1.14e-04 tok/s 568870 t 8813s\n"}
,{"stream_name":"stdout","time":8986.066185544,"data":"step  76550 loss 2.7335 ema 2.7204 bpc~1.033 gnorm 0.51 lr 1.14e-04 tok/s 568887 t 8819s\n"}
,{"stream_name":"stdout","time":8991.6148851,"data":"step  76600 loss 2.7216 ema 2.7212 bpc~1.034 gnorm 0.50 lr 1.14e-04 tok/s 568900 t 8824s\n"}
,{"stream_name":"stdout","time":8997.200492093,"data":"step  76650 loss 2.6635 ema 2.6845 bpc~1.020 gnorm 0.50 lr 1.13e-04 tok/s 568912 t 8830s\n"}
,{"stream_name":"stdout","time":9002.702123483,"data":"step  76700 loss 2.7314 ema 2.7143 bpc~1.031 gnorm 0.49 lr 1.13e-04 tok/s 568928 t 8835s\n"}
,{"stream_name":"stdout","time":9008.173284094,"data":"step  76750 loss 2.6698 ema 2.6860 bpc~1.020 gnorm 0.48 lr 1.13e-04 tok/s 568947 t 8841s\n"}
,{"stream_name":"stdout","time":9013.743687478,"data":"step  76800 loss 2.6790 ema 2.6816 bpc~1.019 gnorm 0.50 lr 1.13e-04 tok/s 568963 t 8846s\n"}
,{"stream_name":"stdout","time":9019.34686306,"data":"step  76850 loss 2.7444 ema 2.7215 bpc~1.034 gnorm 0.50 lr 1.12e-04 tok/s 568969 t 8852s\n"}
,{"stream_name":"stdout","time":9024.870019217,"data":"step  76900 loss 2.6962 ema 2.7054 bpc~1.028 gnorm 0.50 lr 1.12e-04 tok/s 568984 t 8857s\n"}
,{"stream_name":"stdout","time":9030.451158701,"data":"step  76950 loss 2.6879 ema 2.6943 bpc~1.023 gnorm 0.50 lr 1.12e-04 tok/s 568996 t 8863s\n"}
,{"stream_name":"stdout","time":9035.970970569,"data":"step  77000 loss 2.6569 ema 2.6705 bpc~1.014 gnorm 0.49 lr 1.12e-04 tok/s 569011 t 8868s\n"}
,{"stream_name":"stdout","time":9041.688029142,"data":"step  77050 loss 2.6508 ema 2.6580 bpc~1.010 gnorm 0.48 lr 1.11e-04 tok/s 569014 t 8874s\n"}
,{"stream_name":"stdout","time":9047.384654286,"data":"step  77100 loss 2.5772 ema 2.6066 bpc~0.990 gnorm 0.49 lr 1.11e-04 tok/s 569018 t 8880s\n"}
,{"stream_name":"stdout","time":9053.061908012,"data":"step  77150 loss 2.6157 ema 2.6124 bpc~0.992 gnorm 0.48 lr 1.11e-04 tok/s 569023 t 8886s\n"}
,{"stream_name":"stdout","time":9058.823583041,"data":"step  77200 loss 2.6546 ema 2.6393 bpc~1.003 gnorm 0.50 lr 1.11e-04 tok/s 569023 t 8891s\n"}
,{"stream_name":"stdout","time":9064.501958557,"data":"step  77250 loss 2.7131 ema 2.6862 bpc~1.020 gnorm 0.51 lr 1.10e-04 tok/s 569028 t 8897s\n"}
,{"stream_name":"stdout","time":9070.235707038,"data":"step  77300 loss 2.7244 ema 2.7105 bpc~1.030 gnorm 0.50 lr 1.10e-04 tok/s 569029 t 8903s\n"}
,{"stream_name":"stdout","time":9075.901901055,"data":"step  77350 loss 2.6782 ema 2.6900 bpc~1.022 gnorm 0.49 lr 1.10e-04 tok/s 569035 t 8908s\n"}
,{"stream_name":"stdout","time":9081.559191813,"data":"step  77400 loss 2.6547 ema 2.6676 bpc~1.013 gnorm 0.49 lr 1.09e-04 tok/s 569042 t 8914s\n"}
,{"stream_name":"stdout","time":9087.203037731,"data":"step  77450 loss 2.7419 ema 2.7148 bpc~1.031 gnorm 0.51 lr 1.09e-04 tok/s 569049 t 8920s\n"}
,{"stream_name":"stdout","time":9092.906285815,"data":"step  77500 loss 2.6170 ema 2.6526 bpc~1.008 gnorm 0.51 lr 1.09e-04 tok/s 569053 t 8925s\n"}
,{"stream_name":"stdout","time":9098.526693985,"data":"step  77550 loss 2.6249 ema 2.6350 bpc~1.001 gnorm 0.52 lr 1.09e-04 tok/s 569061 t 8931s\n"}
,{"stream_name":"stdout","time":9104.026996875,"data":"step  77600 loss 2.6505 ema 2.6449 bpc~1.005 gnorm 0.49 lr 1.08e-04 tok/s 569078 t 8937s\n"}
,{"stream_name":"stdout","time":9109.58366734,"data":"step  77650 loss 2.6927 ema 2.6753 bpc~1.016 gnorm 0.51 lr 1.08e-04 tok/s 569091 t 8942s\n"}
,{"stream_name":"stdout","time":9115.249444427,"data":"step  77700 loss 2.6352 ema 2.6498 bpc~1.007 gnorm 0.50 lr 1.08e-04 tok/s 569096 t 8948s\n"}
,{"stream_name":"stdout","time":9120.861953387,"data":"step  77750 loss 2.6683 ema 2.6615 bpc~1.011 gnorm 0.52 lr 1.08e-04 tok/s 569106 t 8953s\n"}
,{"stream_name":"stdout","time":9126.400074484,"data":"step  77800 loss 2.8400 ema 2.7750 bpc~1.054 gnorm 0.53 lr 1.07e-04 tok/s 569120 t 8959s\n"}
,{"stream_name":"stdout","time":9131.977519698,"data":"step  77850 loss 2.6736 ema 2.7105 bpc~1.030 gnorm 0.51 lr 1.07e-04 tok/s 569131 t 8965s\n"}
,{"stream_name":"stdout","time":9137.613403817,"data":"step  77900 loss 2.6841 ema 2.6937 bpc~1.023 gnorm 0.50 lr 1.07e-04 tok/s 569143 t 8970s\n"}
,{"stream_name":"stdout","time":9143.268921714,"data":"step  77950 loss 2.6922 ema 2.6927 bpc~1.023 gnorm 0.51 lr 1.07e-04 tok/s 569145 t 8976s\n"}
,{"stream_name":"stdout","time":9148.903011333,"data":"step  78000 loss 2.5975 ema 2.6322 bpc~1.000 gnorm 0.50 lr 1.06e-04 tok/s 569153 t 8981s\n"}
,{"stream_name":"stdout","time":9152.894372508,"data":"EVAL step 78000 valid_loss 2.5039 valid_bpc 0.9511 *guardado\n"}
,{"stream_name":"stdout","time":9158.580061953,"data":"step  78050 loss 2.7297 ema 2.6942 bpc~1.023 gnorm 0.51 lr 1.06e-04 tok/s 568905 t 8991s\n"}
,{"stream_name":"stdout","time":9164.2434293,"data":"step  78100 loss 2.7002 ema 2.6980 bpc~1.025 gnorm 0.51 lr 1.06e-04 tok/s 568911 t 8997s\n"}
,{"stream_name":"stdout","time":9170.007554539,"data":"step  78150 loss 2.6390 ema 2.6605 bpc~1.011 gnorm 0.49 lr 1.06e-04 tok/s 568911 t 9003s\n"}
,{"stream_name":"stdout","time":9175.75043286,"data":"step  78200 loss 2.6560 ema 2.6576 bpc~1.010 gnorm 0.50 lr 1.05e-04 tok/s 568912 t 9008s\n"}
,{"stream_name":"stdout","time":9181.373692281,"data":"step  78250 loss 2.6466 ema 2.6506 bpc~1.007 gnorm 0.48 lr 1.05e-04 tok/s 568920 t 9014s\n"}
,{"stream_name":"stdout","time":9187.12892076,"data":"step  78300 loss 2.5797 ema 2.6055 bpc~0.990 gnorm 0.51 lr 1.05e-04 tok/s 568921 t 9020s\n"}
,{"stream_name":"stdout","time":9192.74597824,"data":"step  78350 loss 2.6380 ema 2.6262 bpc~0.998 gnorm 0.49 lr 1.05e-04 tok/s 568930 t 9025s\n"}
,{"stream_name":"stdout","time":9198.459117504,"data":"step  78400 loss 2.6942 ema 2.6694 bpc~1.014 gnorm 0.50 lr 1.04e-04 tok/s 568933 t 9031s\n"}
,{"stream_name":"stdout","time":9204.061510306,"data":"step  78450 loss 2.6560 ema 2.6609 bpc~1.011 gnorm 0.51 lr 1.04e-04 tok/s 568943 t 9037s\n"}
,{"stream_name":"stdout","time":9209.715809253,"data":"step  78500 loss 2.7139 ema 2.6946 bpc~1.024 gnorm 0.52 lr 1.04e-04 tok/s 568949 t 9042s\n"}
,{"stream_name":"stdout","time":9215.341095872,"data":"step  78550 loss 2.6135 ema 2.6430 bpc~1.004 gnorm 0.51 lr 1.04e-04 tok/s 568958 t 9048s\n"}
,{"stream_name":"stdout","time":9221.038471117,"data":"step  78600 loss 2.6827 ema 2.6682 bpc~1.014 gnorm 0.50 lr 1.03e-04 tok/s 568962 t 9054s\n"}
,{"stream_name":"stdout","time":9226.735367182,"data":"step  78650 loss 2.5481 ema 2.5919 bpc~0.985 gnorm 0.52 lr 1.03e-04 tok/s 568965 t 9059s\n"}
,{"stream_name":"stdout","time":9232.439854536,"data":"step  78700 loss 2.6893 ema 2.6538 bpc~1.008 gnorm 0.50 lr 1.03e-04 tok/s 568969 t 9065s\n"}
,{"stream_name":"stdout","time":9238.212771644,"data":"step  78750 loss 2.6613 ema 2.6586 bpc~1.010 gnorm 0.51 lr 1.03e-04 tok/s 568968 t 9071s\n"}
,{"stream_name":"stdout","time":9243.877705021,"data":"step  78800 loss 2.5927 ema 2.6167 bpc~0.994 gnorm 0.50 lr 1.03e-04 tok/s 568974 t 9076s\n"}
,{"stream_name":"stdout","time":9249.64672854,"data":"step  78850 loss 2.7252 ema 2.6857 bpc~1.020 gnorm 0.50 lr 1.02e-04 tok/s 568973 t 9082s\n"}
,{"stream_name":"stdout","time":9255.351724404,"data":"step  78900 loss 2.6810 ema 2.6827 bpc~1.019 gnorm 0.50 lr 1.02e-04 tok/s 568977 t 9088s\n"}
,{"stream_name":"stdout","time":9261.123331572,"data":"step  78950 loss 2.7198 ema 2.7063 bpc~1.028 gnorm 0.50 lr 1.02e-04 tok/s 568980 t 9094s\n"}
,{"stream_name":"stdout","time":9266.717111395,"data":"step  79000 loss 2.6413 ema 2.6650 bpc~1.012 gnorm 0.51 lr 1.02e-04 tok/s 568986 t 9099s\n"}
,{"stream_name":"stdout","time":9272.375291831,"data":"step  79050 loss 2.7092 ema 2.6931 bpc~1.023 gnorm 0.51 lr 1.01e-04 tok/s 568993 t 9105s\n"}
,{"stream_name":"stdout","time":9278.041477219,"data":"step  79100 loss 2.6280 ema 2.6517 bpc~1.007 gnorm 0.50 lr 1.01e-04 tok/s 568998 t 9111s\n"}
,{"stream_name":"stdout","time":9283.633293561,"data":"step  79150 loss 2.6605 ema 2.6573 bpc~1.009 gnorm 0.50 lr 1.01e-04 tok/s 569009 t 9116s\n"}
,{"stream_name":"stdout","time":9289.392326911,"data":"step  79200 loss 2.6721 ema 2.6667 bpc~1.013 gnorm 0.51 lr 1.01e-04 tok/s 569009 t 9122s\n"}
,{"stream_name":"stdout","time":9295.131700922,"data":"step  79250 loss 2.5626 ema 2.6005 bpc~0.988 gnorm 0.50 lr 1.00e-04 tok/s 569010 t 9128s\n"}
,{"stream_name":"stdout","time":9300.650935883,"data":"step  79300 loss 2.6889 ema 2.6567 bpc~1.009 gnorm 0.49 lr 1.00e-04 tok/s 569025 t 9133s\n"}
,{"stream_name":"stdout","time":9306.350325099,"data":"step  79350 loss 2.6928 ema 2.6797 bpc~1.018 gnorm 0.51 lr 9.99e-05 tok/s 569029 t 9139s\n"}
,{"stream_name":"stdout","time":9312.052503784,"data":"step  79400 loss 2.6160 ema 2.6392 bpc~1.003 gnorm 0.49 lr 9.97e-05 tok/s 569032 t 9145s\n"}
,{"stream_name":"stdout","time":9317.720316112,"data":"step  79450 loss 2.7233 ema 2.6927 bpc~1.023 gnorm 0.51 lr 9.94e-05 tok/s 569038 t 9150s\n"}
,{"stream_name":"stdout","time":9323.425687787,"data":"step  79500 loss 2.6921 ema 2.6923 bpc~1.023 gnorm 0.52 lr 9.92e-05 tok/s 569041 t 9156s\n"}
,{"stream_name":"stdout","time":9329.100376495,"data":"step  79550 loss 2.7577 ema 2.7339 bpc~1.038 gnorm 0.51 lr 9.90e-05 tok/s 569046 t 9162s\n"}
,{"stream_name":"stdout","time":9334.788133132,"data":"step  79600 loss 2.6427 ema 2.6759 bpc~1.016 gnorm 0.51 lr 9.87e-05 tok/s 569051 t 9167s\n"}
,{"stream_name":"stdout","time":9340.506605796,"data":"step  79650 loss 2.5768 ema 2.6129 bpc~0.993 gnorm 0.50 lr 9.85e-05 tok/s 569053 t 9173s\n"}
,{"stream_name":"stdout","time":9346.22165693,"data":"step  79700 loss 2.6733 ema 2.6513 bpc~1.007 gnorm 0.50 lr 9.83e-05 tok/s 569056 t 9179s\n"}
,{"stream_name":"stdout","time":9351.899370278,"data":"step  79750 loss 2.7664 ema 2.7245 bpc~1.035 gnorm 0.52 lr 9.81e-05 tok/s 569061 t 9184s\n"}
,{"stream_name":"stdout","time":9357.63568164,"data":"step  79800 loss 2.6401 ema 2.6708 bpc~1.015 gnorm 0.50 lr 9.78e-05 tok/s 569062 t 9190s\n"}
,{"stream_name":"stdout","time":9363.373167793,"data":"step  79850 loss 2.5816 ema 2.6141 bpc~0.993 gnorm 0.50 lr 9.76e-05 tok/s 569063 t 9196s\n"}
,{"stream_name":"stdout","time":9369.149911393,"data":"step  79900 loss 2.7225 ema 2.6830 bpc~1.019 gnorm 0.52 lr 9.74e-05 tok/s 569062 t 9202s\n"}
,{"stream_name":"stdout","time":9374.852217408,"data":"step  79950 loss 2.7075 ema 2.6986 bpc~1.025 gnorm 0.52 lr 9.71e-05 tok/s 569066 t 9207s\n"}
,{"stream_name":"stdout","time":9380.534094555,"data":"step  80000 loss 2.6059 ema 2.6397 bpc~1.003 gnorm 0.50 lr 9.69e-05 tok/s 569070 t 9213s\n"}
,{"stream_name":"stdout","time":9384.61473855,"data":"EVAL step 80000 valid_loss 2.4982 valid_bpc 0.9490 *guardado\n"}
,{"stream_name":"stdout","time":9390.166982057,"data":"step  80050 loss 2.5798 ema 2.6016 bpc~0.988 gnorm 0.50 lr 9.67e-05 tok/s 568831 t 9223s\n"}
,{"stream_name":"stdout","time":9395.935551507,"data":"step  80100 loss 2.6950 ema 2.6610 bpc~1.011 gnorm 0.51 lr 9.65e-05 tok/s 568831 t 9228s\n"}
,{"stream_name":"stdout","time":9401.633879213,"data":"step  80150 loss 2.6128 ema 2.6303 bpc~0.999 gnorm 0.52 lr 9.62e-05 tok/s 568835 t 9234s\n"}
,{"stream_name":"stdout","time":9407.333949199,"data":"step  80200 loss 2.6474 ema 2.6412 bpc~1.003 gnorm 0.52 lr 9.60e-05 tok/s 568838 t 9240s\n"}
,{"stream_name":"stdout","time":9412.935135122,"data":"step  80250 loss 2.6716 ema 2.6605 bpc~1.011 gnorm 0.50 lr 9.58e-05 tok/s 568848 t 9245s\n"}
,{"stream_name":"stdout","time":9418.585459722,"data":"step  80300 loss 2.6087 ema 2.6276 bpc~0.998 gnorm 0.51 lr 9.56e-05 tok/s 568855 t 9251s\n"}
,{"stream_name":"stdout","time":9424.294806057,"data":"step  80350 loss 2.6192 ema 2.6222 bpc~0.996 gnorm 0.51 lr 9.54e-05 tok/s 568858 t 9257s\n"}
,{"stream_name":"stdout","time":9429.997800582,"data":"step  80400 loss 2.6708 ema 2.6531 bpc~1.008 gnorm 0.51 lr 9.51e-05 tok/s 568862 t 9263s\n"}
,{"stream_name":"stdout","time":9435.642550192,"data":"step  80450 loss 2.5978 ema 2.6179 bpc~0.994 gnorm 0.51 lr 9.49e-05 tok/s 568869 t 9268s\n"}
,{"stream_name":"stdout","time":9441.351398676,"data":"step  80500 loss 2.6406 ema 2.6323 bpc~1.000 gnorm 0.50 lr 9.47e-05 tok/s 568872 t 9274s\n"}
,{"stream_name":"stdout","time":9447.118720217,"data":"step  80550 loss 2.6633 ema 2.6521 bpc~1.007 gnorm 0.50 lr 9.45e-05 tok/s 568871 t 9280s\n"}
,{"stream_name":"stdout","time":9452.825585552,"data":"step  80600 loss 2.7061 ema 2.6864 bpc~1.020 gnorm 0.53 lr 9.43e-05 tok/s 568875 t 9285s\n"}
,{"stream_name":"stdout","time":9458.583424533,"data":"step  80650 loss 2.7294 ema 2.7137 bpc~1.031 gnorm 0.52 lr 9.40e-05 tok/s 568875 t 9291s\n"}
,{"stream_name":"stdout","time":9464.363799532,"data":"step  80700 loss 2.6710 ema 2.6866 bpc~1.021 gnorm 0.52 lr 9.38e-05 tok/s 568874 t 9297s\n"}
,{"stream_name":"stdout","time":9470.056046329,"data":"step  80750 loss 2.6077 ema 2.6364 bpc~1.001 gnorm 0.51 lr 9.36e-05 tok/s 568878 t 9303s\n"}
,{"stream_name":"stdout","time":9475.798844811,"data":"step  80800 loss 2.6441 ema 2.6413 bpc~1.003 gnorm 0.50 lr 9.34e-05 tok/s 568879 t 9308s\n"}
,{"stream_name":"stdout","time":9481.5822143,"data":"step  80850 loss 2.6432 ema 2.6425 bpc~1.004 gnorm 0.50 lr 9.32e-05 tok/s 568877 t 9314s\n"}
,{"stream_name":"stdout","time":9487.294209845,"data":"step  80900 loss 2.6921 ema 2.6741 bpc~1.016 gnorm 0.51 lr 9.30e-05 tok/s 568880 t 9320s\n"}
,{"stream_name":"stdout","time":9493.006331959,"data":"step  80950 loss 2.6742 ema 2.6741 bpc~1.016 gnorm 0.50 lr 9.28e-05 tok/s 568883 t 9326s\n"}
,{"stream_name":"stdout","time":9498.730418293,"data":"step  81000 loss 2.7374 ema 2.7143 bpc~1.031 gnorm 0.52 lr 9.25e-05 tok/s 568885 t 9331s\n"}
,{"stream_name":"stdout","time":9504.421678249,"data":"step  81050 loss 2.7062 ema 2.7091 bpc~1.029 gnorm 0.52 lr 9.23e-05 tok/s 568890 t 9337s\n"}
,{"stream_name":"stdout","time":9510.247322835,"data":"step  81100 loss 2.7005 ema 2.7037 bpc~1.027 gnorm 0.53 lr 9.21e-05 tok/s 568890 t 9343s\n"}
,{"stream_name":"stdout","time":9515.856270058,"data":"step  81150 loss 2.7156 ema 2.7112 bpc~1.030 gnorm 0.53 lr 9.19e-05 tok/s 568895 t 9348s\n"}
,{"stream_name":"stdout","time":9521.445789092,"data":"step  81200 loss 2.6582 ema 2.6775 bpc~1.017 gnorm 0.50 lr 9.17e-05 tok/s 568905 t 9354s\n"}
,{"stream_name":"stdout","time":9527.071294384,"data":"step  81250 loss 2.6871 ema 2.6836 bpc~1.019 gnorm 0.51 lr 9.15e-05 tok/s 568913 t 9360s\n"}
,{"stream_name":"stdout","time":9532.656444269,"data":"step  81300 loss 2.6178 ema 2.6418 bpc~1.004 gnorm 0.52 lr 9.13e-05 tok/s 568924 t 9365s\n"}
,{"stream_name":"stdout","time":9538.273187091,"data":"step  81350 loss 2.6974 ema 2.6771 bpc~1.017 gnorm 0.51 lr 9.11e-05 tok/s 568933 t 9371s\n"}
,{"stream_name":"stdout","time":9543.774146312,"data":"step  81400 loss 2.7107 ema 2.6985 bpc~1.025 gnorm 0.54 lr 9.09e-05 tok/s 568948 t 9376s\n"}
,{"stream_name":"stdout","time":9549.358390787,"data":"step  81450 loss 2.6316 ema 2.6560 bpc~1.009 gnorm 0.51 lr 9.07e-05 tok/s 568959 t 9382s\n"}
,{"stream_name":"stdout","time":9555.004282847,"data":"step  81500 loss 2.6488 ema 2.6514 bpc~1.007 gnorm 0.52 lr 9.04e-05 tok/s 568966 t 9388s\n"}
,{"stream_name":"stdout","time":9560.542464956,"data":"step  81550 loss 2.7120 ema 2.6900 bpc~1.022 gnorm 0.50 lr 9.02e-05 tok/s 568979 t 9393s\n"}
,{"stream_name":"stdout","time":9566.208304274,"data":"step  81600 loss 2.6640 ema 2.6734 bpc~1.016 gnorm 0.52 lr 9.00e-05 tok/s 568985 t 9399s\n"}
,{"stream_name":"stdout","time":9571.822726096,"data":"step  81650 loss 2.7090 ema 2.6960 bpc~1.024 gnorm 0.52 lr 8.98e-05 tok/s 568994 t 9404s\n"}
,{"stream_name":"stdout","time":9577.479213655,"data":"step  81700 loss 2.5947 ema 2.6316 bpc~1.000 gnorm 0.50 lr 8.96e-05 tok/s 569000 t 9410s\n"}
,{"stream_name":"stdout","time":9583.228295517,"data":"step  81750 loss 2.7165 ema 2.6856 bpc~1.020 gnorm 0.52 lr 8.94e-05 tok/s 569000 t 9416s\n"}
,{"stream_name":"stdout","time":9588.879105097,"data":"step  81800 loss 2.7203 ema 2.7077 bpc~1.029 gnorm 0.54 lr 8.92e-05 tok/s 569007 t 9421s\n"}
,{"stream_name":"stdout","time":9594.418717295,"data":"step  81850 loss 2.6854 ema 2.6935 bpc~1.023 gnorm 0.51 lr 8.90e-05 tok/s 569020 t 9427s\n"}
,{"stream_name":"stdout","time":9600.070113395,"data":"step  81900 loss 2.6334 ema 2.6553 bpc~1.009 gnorm 0.52 lr 8.88e-05 tok/s 569027 t 9433s\n"}
,{"stream_name":"stdout","time":9605.707145165,"data":"step  81950 loss 2.6593 ema 2.6578 bpc~1.010 gnorm 0.52 lr 8.86e-05 tok/s 569034 t 9438s\n"}
,{"stream_name":"stdout","time":9611.356743405,"data":"step  82000 loss 2.7020 ema 2.6859 bpc~1.020 gnorm 0.53 lr 8.84e-05 tok/s 569040 t 9444s\n"}
,{"stream_name":"stdout","time":9615.340496828,"data":"EVAL step 82000 valid_loss 2.4930 valid_bpc 0.9470 *guardado\n"}
,{"stream_name":"stdout","time":9620.902107674,"data":"step  82050 loss 2.6238 ema 2.6464 bpc~1.005 gnorm 0.52 lr 8.82e-05 tok/s 568813 t 9453s\n"}
,{"stream_name":"stdout","time":9626.429855403,"data":"step  82100 loss 2.7380 ema 2.7046 bpc~1.027 gnorm 0.53 lr 8.80e-05 tok/s 568827 t 9459s\n"}
,{"stream_name":"stdout","time":9632.006947609,"data":"step  82150 loss 2.7218 ema 2.7156 bpc~1.032 gnorm 0.53 lr 8.78e-05 tok/s 568841 t 9464s\n"}
,{"stream_name":"stdout","time":9637.529450098,"data":"step  82200 loss 2.6924 ema 2.7008 bpc~1.026 gnorm 0.54 lr 8.76e-05 tok/s 568852 t 9470s\n"}
,{"stream_name":"stdout","time":9643.064168337,"data":"step  82250 loss 2.6841 ema 2.6902 bpc~1.022 gnorm 0.51 lr 8.74e-05 tok/s 568865 t 9476s\n"}
,{"stream_name":"stdout","time":9648.768493263,"data":"step  82300 loss 2.6433 ema 2.6604 bpc~1.011 gnorm 0.52 lr 8.72e-05 tok/s 568869 t 9481s\n"}
,{"stream_name":"stdout","time":9654.513662655,"data":"step  82350 loss 2.6973 ema 2.6839 bpc~1.020 gnorm 0.52 lr 8.70e-05 tok/s 568870 t 9487s\n"}
,{"stream_name":"stdout","time":9660.259318327,"data":"step  82400 loss 2.6920 ema 2.6890 bpc~1.021 gnorm 0.55 lr 8.68e-05 tok/s 568871 t 9493s\n"}
,{"stream_name":"stdout","time":9665.895141778,"data":"step  82450 loss 2.7006 ema 2.6964 bpc~1.024 gnorm 0.53 lr 8.67e-05 tok/s 568878 t 9498s\n"}
,{"stream_name":"stdout","time":9671.573366255,"data":"step  82500 loss 2.6647 ema 2.6762 bpc~1.017 gnorm 0.51 lr 8.65e-05 tok/s 568883 t 9504s\n"}
,{"stream_name":"stdout","time":9677.107643384,"data":"step  82550 loss 2.6330 ema 2.6488 bpc~1.006 gnorm 0.51 lr 8.63e-05 tok/s 568896 t 9510s\n"}
,{"stream_name":"stdout","time":9682.692330788,"data":"step  82600 loss 2.6194 ema 2.6301 bpc~0.999 gnorm 0.53 lr 8.61e-05 tok/s 568907 t 9515s\n"}
,{"stream_name":"stdout","time":9688.277336933,"data":"step  82650 loss 2.7119 ema 2.6821 bpc~1.019 gnorm 0.50 lr 8.59e-05 tok/s 568917 t 9521s\n"}
,{"stream_name":"stdout","time":9693.934236052,"data":"step  82700 loss 2.6654 ema 2.6715 bpc~1.015 gnorm 0.53 lr 8.57e-05 tok/s 568924 t 9526s\n"}
,{"stream_name":"stdout","time":9699.642471337,"data":"step  82750 loss 2.7124 ema 2.6975 bpc~1.025 gnorm 0.54 lr 8.55e-05 tok/s 568927 t 9532s\n"}
,{"stream_name":"stdout","time":9705.433798766,"data":"step  82800 loss 2.6771 ema 2.6845 bpc~1.020 gnorm 0.53 lr 8.53e-05 tok/s 568925 t 9538s\n"}
,{"stream_name":"stdout","time":9710.972415674,"data":"step  82850 loss 2.7022 ema 2.6957 bpc~1.024 gnorm 0.53 lr 8.51e-05 tok/s 568938 t 9543s\n"}
,{"stream_name":"stdout","time":9716.498384973,"data":"step  82900 loss 2.6267 ema 2.6518 bpc~1.007 gnorm 0.52 lr 8.49e-05 tok/s 568952 t 9549s\n"}
,{"stream_name":"stdout","time":9722.148406443,"data":"step  82950 loss 2.6206 ema 2.6320 bpc~1.000 gnorm 0.51 lr 8.48e-05 tok/s 568958 t 9555s\n"}
,{"stream_name":"stdout","time":9727.787539304,"data":"step  83000 loss 2.6099 ema 2.6180 bpc~0.994 gnorm 0.51 lr 8.46e-05 tok/s 568965 t 9560s\n"}
,{"stream_name":"stdout","time":9733.290194275,"data":"step  83050 loss 2.6829 ema 2.6593 bpc~1.010 gnorm 0.52 lr 8.44e-05 tok/s 568981 t 9566s\n"}
,{"stream_name":"stdout","time":9738.869168639,"data":"step  83100 loss 2.5821 ema 2.6102 bpc~0.992 gnorm 0.51 lr 8.42e-05 tok/s 568991 t 9571s\n"}
,{"stream_name":"stdout","time":9744.484373883,"data":"step  83150 loss 2.7110 ema 2.6743 bpc~1.016 gnorm 0.52 lr 8.40e-05 tok/s 569000 t 9577s\n"}
,{"stream_name":"stdout","time":9749.924128729,"data":"step  83200 loss 2.6938 ema 2.6867 bpc~1.021 gnorm 0.53 lr 8.38e-05 tok/s 569019 t 9582s\n"}
,{"stream_name":"stdout","time":9755.439675799,"data":"step  83250 loss 2.6443 ema 2.6598 bpc~1.010 gnorm 0.53 lr 8.36e-05 tok/s 569037 t 9588s\n"}
,{"stream_name":"stdout","time":9760.799391902,"data":"step  83300 loss 2.6862 ema 2.6766 bpc~1.017 gnorm 0.53 lr 8.35e-05 tok/s 569057 t 9593s\n"}
,{"stream_name":"stdout","time":9766.242515398,"data":"step  83350 loss 2.6795 ema 2.6784 bpc~1.017 gnorm 0.53 lr 8.33e-05 tok/s 569076 t 9599s\n"}
,{"stream_name":"stdout","time":9771.674314255,"data":"step  83400 loss 2.7373 ema 2.7159 bpc~1.032 gnorm 0.52 lr 8.31e-05 tok/s 569095 t 9604s\n"}
,{"stream_name":"stdout","time":9777.048594297,"data":"step  83450 loss 2.6742 ema 2.6894 bpc~1.022 gnorm 0.53 lr 8.29e-05 tok/s 569118 t 9610s\n"}
,{"stream_name":"stdout","time":9782.573939826,"data":"step  83500 loss 2.6260 ema 2.6491 bpc~1.006 gnorm 0.52 lr 8.27e-05 tok/s 569131 t 9615s\n"}
,{"stream_name":"stdout","time":9788.106465715,"data":"step  83550 loss 2.6116 ema 2.6253 bpc~0.997 gnorm 0.51 lr 8.26e-05 tok/s 569145 t 9621s\n"}
,{"stream_name":"stdout","time":9793.793875772,"data":"step  83600 loss 2.7061 ema 2.6767 bpc~1.017 gnorm 0.54 lr 8.24e-05 tok/s 569149 t 9626s\n"}
,{"stream_name":"stdout","time":9799.511672546,"data":"step  83650 loss 2.6653 ema 2.6694 bpc~1.014 gnorm 0.53 lr 8.22e-05 tok/s 569151 t 9632s\n"}
,{"stream_name":"stdout","time":9805.152696876,"data":"step  83700 loss 2.7102 ema 2.6953 bpc~1.024 gnorm 0.54 lr 8.20e-05 tok/s 569158 t 9638s\n"}
,{"stream_name":"stdout","time":9810.74641134,"data":"step  83750 loss 2.5519 ema 2.6041 bpc~0.989 gnorm 0.52 lr 8.19e-05 tok/s 569168 t 9643s\n"}
,{"stream_name":"stdout","time":9816.52588923,"data":"step  83800 loss 2.5724 ema 2.5840 bpc~0.982 gnorm 0.52 lr 8.17e-05 tok/s 569166 t 9649s\n"}
,{"stream_name":"stdout","time":9822.281573781,"data":"step  83850 loss 2.6395 ema 2.6193 bpc~0.995 gnorm 0.53 lr 8.15e-05 tok/s 569167 t 9655s\n"}
,{"stream_name":"stdout","time":9827.994054906,"data":"step  83900 loss 2.6541 ema 2.6414 bpc~1.003 gnorm 0.52 lr 8.13e-05 tok/s 569169 t 9661s\n"}
,{"stream_name":"stdout","time":9833.547218953,"data":"step  83950 loss 2.6879 ema 2.6710 bpc~1.015 gnorm 0.54 lr 8.12e-05 tok/s 569181 t 9666s\n"}
,{"stream_name":"stdout","time":9839.23114167,"data":"step  84000 loss 2.7811 ema 2.7410 bpc~1.041 gnorm 0.52 lr 8.10e-05 tok/s 569186 t 9672s\n"}
,{"stream_name":"stdout","time":9843.302273725,"data":"EVAL step 84000 valid_loss 2.4867 valid_bpc 0.9446 *guardado\n"}
,{"stream_name":"stdout","time":9849.005261741,"data":"step  84050 loss 2.6887 ema 2.7077 bpc~1.029 gnorm 0.53 lr 8.08e-05 tok/s 568949 t 9682s\n"}
,{"stream_name":"stdout","time":9854.747368363,"data":"step  84100 loss 2.6428 ema 2.6665 bpc~1.013 gnorm 0.52 lr 8.06e-05 tok/s 568950 t 9687s\n"}
,{"stream_name":"stdout","time":9860.514492363,"data":"step  84150 loss 2.6634 ema 2.6645 bpc~1.012 gnorm 0.52 lr 8.05e-05 tok/s 568950 t 9693s\n"}
,{"stream_name":"stdout","time":9866.287966913,"data":"step  84200 loss 2.5940 ema 2.6197 bpc~0.995 gnorm 0.53 lr 8.03e-05 tok/s 568949 t 9699s\n"}
,{"stream_name":"stdout","time":9872.09343069,"data":"step  84250 loss 2.5387 ema 2.5682 bpc~0.976 gnorm 0.53 lr 8.01e-05 tok/s 568946 t 9705s\n"}
,{"stream_name":"stdout","time":9877.893666688,"data":"step  84300 loss 2.5484 ema 2.5556 bpc~0.971 gnorm 0.52 lr 8.00e-05 tok/s 568948 t 9710s\n"}
,{"stream_name":"stdout","time":9883.448884905,"data":"step  84350 loss 2.7029 ema 2.6492 bpc~1.006 gnorm 0.52 lr 7.98e-05 tok/s 568956 t 9716s\n"}
,{"stream_name":"stdout","time":9889.075066156,"data":"step  84400 loss 2.5679 ema 2.5975 bpc~0.987 gnorm 0.52 lr 7.96e-05 tok/s 568964 t 9722s\n"}
,{"stream_name":"stdout","time":9894.748370764,"data":"step  84450 loss 2.5865 ema 2.5905 bpc~0.984 gnorm 0.51 lr 7.95e-05 tok/s 568969 t 9727s\n"}
,{"stream_name":"stdout","time":9900.32581586,"data":"step  84500 loss 2.6644 ema 2.6375 bpc~1.002 gnorm 0.53 lr 7.93e-05 tok/s 568979 t 9733s\n"}
,{"stream_name":"stdout","time":9906.047876634,"data":"step  84550 loss 2.5748 ema 2.5976 bpc~0.987 gnorm 0.52 lr 7.91e-05 tok/s 568982 t 9739s\n"}
,{"stream_name":"stdout","time":9911.746008859,"data":"step  84600 loss 2.6683 ema 2.6426 bpc~1.004 gnorm 0.53 lr 7.90e-05 tok/s 568985 t 9744s\n"}
,{"stream_name":"stdout","time":9917.478783252,"data":"step  84650 loss 2.6331 ema 2.6366 bpc~1.002 gnorm 0.55 lr 7.88e-05 tok/s 568987 t 9750s\n"}
,{"stream_name":"stdout","time":9923.197535786,"data":"step  84700 loss 2.6317 ema 2.6335 bpc~1.000 gnorm 0.53 lr 7.86e-05 tok/s 568989 t 9756s\n"}
,{"stream_name":"stdout","time":9928.896902922,"data":"step  84750 loss 2.6072 ema 2.6168 bpc~0.994 gnorm 0.53 lr 7.85e-05 tok/s 568992 t 9761s\n"}
,{"stream_name":"stdout","time":9934.431855831,"data":"step  84800 loss 2.6127 ema 2.6142 bpc~0.993 gnorm 0.54 lr 7.83e-05 tok/s 569005 t 9767s\n"}
,{"stream_name":"stdout","time":9940.08621885,"data":"step  84850 loss 2.6423 ema 2.6320 bpc~1.000 gnorm 0.53 lr 7.81e-05 tok/s 569012 t 9773s\n"}
,{"stream_name":"stdout","time":9945.589748761,"data":"step  84900 loss 2.6380 ema 2.6358 bpc~1.001 gnorm 0.52 lr 7.80e-05 tok/s 569026 t 9778s\n"}
,{"stream_name":"stdout","time":9951.213001313,"data":"step  84950 loss 2.6586 ema 2.6503 bpc~1.007 gnorm 0.52 lr 7.78e-05 tok/s 569034 t 9784s\n"}
,{"stream_name":"stdout","time":9956.910474439,"data":"step  85000 loss 2.6645 ema 2.6593 bpc~1.010 gnorm 0.52 lr 7.77e-05 tok/s 569038 t 9789s\n"}
,{"stream_name":"stdout","time":9962.554224249,"data":"step  85050 loss 2.6648 ema 2.6628 bpc~1.011 gnorm 0.52 lr 7.75e-05 tok/s 569045 t 9795s\n"}
,{"stream_name":"stdout","time":9968.263710814,"data":"step  85100 loss 2.6587 ema 2.6602 bpc~1.010 gnorm 0.52 lr 7.74e-05 tok/s 569047 t 9801s\n"}
,{"stream_name":"stdout","time":9974.046705143,"data":"step  85150 loss 2.6822 ema 2.6742 bpc~1.016 gnorm 0.53 lr 7.72e-05 tok/s 569046 t 9807s\n"}
,{"stream_name":"stdout","time":9979.789557195,"data":"step  85200 loss 2.7033 ema 2.6927 bpc~1.023 gnorm 0.53 lr 7.70e-05 tok/s 569047 t 9812s\n"}
,{"stream_name":"stdout","time":9985.314296465,"data":"step  85250 loss 2.6239 ema 2.6490 bpc~1.006 gnorm 0.53 lr 7.69e-05 tok/s 569060 t 9818s\n"}
,{"stream_name":"stdout","time":9991.056675287,"data":"step  85300 loss 2.5780 ema 2.6038 bpc~0.989 gnorm 0.52 lr 7.67e-05 tok/s 569061 t 9824s\n"}
,{"stream_name":"stdout","time":9996.681300209,"data":"step  85350 loss 2.6777 ema 2.6508 bpc~1.007 gnorm 0.53 lr 7.66e-05 tok/s 569069 t 9829s\n"}
,{"stream_name":"stdout","time":10002.404480433,"data":"step  85400 loss 2.6275 ema 2.6360 bpc~1.001 gnorm 0.54 lr 7.64e-05 tok/s 569075 t 9835s\n"}
,{"stream_name":"stdout","time":10008.110712018,"data":"step  85450 loss 2.5670 ema 2.5921 bpc~0.985 gnorm 0.52 lr 7.63e-05 tok/s 569074 t 9841s\n"}
,{"stream_name":"stdout","time":10013.771585276,"data":"step  85500 loss 2.5810 ema 2.5850 bpc~0.982 gnorm 0.55 lr 7.61e-05 tok/s 569080 t 9846s\n"}
,{"stream_name":"stdout","time":10019.422950206,"data":"step  85550 loss 2.6306 ema 2.6140 bpc~0.993 gnorm 0.54 lr 7.60e-05 tok/s 569086 t 9852s\n"}
,{"stream_name":"stdout","time":10025.009641,"data":"step  85600 loss 2.6668 ema 2.6476 bpc~1.006 gnorm 0.53 lr 7.58e-05 tok/s 569096 t 9858s\n"}
,{"stream_name":"stdout","time":10030.549390749,"data":"step  85650 loss 2.6709 ema 2.6624 bpc~1.011 gnorm 0.54 lr 7.57e-05 tok/s 569108 t 9863s\n"}
,{"stream_name":"stdout","time":10036.109354015,"data":"step  85700 loss 2.6304 ema 2.6420 bpc~1.004 gnorm 0.53 lr 7.55e-05 tok/s 569120 t 9869s\n"}
,{"stream_name":"stdout","time":10041.630742115,"data":"step  85750 loss 2.6787 ema 2.6653 bpc~1.012 gnorm 0.53 lr 7.54e-05 tok/s 569133 t 9874s\n"}
,{"stream_name":"stdout","time":10047.191279102,"data":"step  85800 loss 2.6398 ema 2.6491 bpc~1.006 gnorm 0.54 lr 7.52e-05 tok/s 569145 t 9880s\n"}
,{"stream_name":"stdout","time":10052.763686638,"data":"step  85850 loss 2.7233 ema 2.6963 bpc~1.024 gnorm 0.54 lr 7.51e-05 tok/s 569155 t 9885s\n"}
,{"stream_name":"stdout","time":10058.395273499,"data":"step  85900 loss 2.6299 ema 2.6541 bpc~1.008 gnorm 0.53 lr 7.49e-05 tok/s 569163 t 9891s\n"}
,{"stream_name":"stdout","time":10063.912047369,"data":"step  85950 loss 2.6927 ema 2.6786 bpc~1.018 gnorm 0.54 lr 7.48e-05 tok/s 569176 t 9896s\n"}
,{"stream_name":"stdout","time":10069.511351053,"data":"step  86000 loss 2.6561 ema 2.6643 bpc~1.012 gnorm 0.54 lr 7.46e-05 tok/s 569185 t 9902s\n"}
,{"stream_name":"stdout","time":10073.553185301,"data":"EVAL step 86000 valid_loss 2.4840 valid_bpc 0.9436 *guardado\n"}
,{"stream_name":"stdout","time":10079.139423305,"data":"step  86050 loss 2.6211 ema 2.6368 bpc~1.002 gnorm 0.54 lr 7.45e-05 tok/s 568963 t 9912s\n"}
,{"stream_name":"stdout","time":10084.777246486,"data":"step  86100 loss 2.6873 ema 2.6689 bpc~1.014 gnorm 0.54 lr 7.43e-05 tok/s 568970 t 9917s\n"}
,{"stream_name":"stdout","time":10090.323457634,"data":"step  86150 loss 2.6399 ema 2.6505 bpc~1.007 gnorm 0.56 lr 7.42e-05 tok/s 568982 t 9923s\n"}
,{"stream_name":"stdout","time":10095.849847133,"data":"step  86200 loss 2.6127 ema 2.6265 bpc~0.998 gnorm 0.53 lr 7.41e-05 tok/s 568996 t 9928s\n"}
,{"stream_name":"stdout","time":10101.296715588,"data":"step  86250 loss 2.6182 ema 2.6212 bpc~0.996 gnorm 0.53 lr 7.39e-05 tok/s 569014 t 9934s\n"}
,{"stream_name":"stdout","time":10106.823640338,"data":"step  86300 loss 2.6768 ema 2.6565 bpc~1.009 gnorm 0.54 lr 7.38e-05 tok/s 569027 t 9939s\n"}
,{"stream_name":"stdout","time":10112.403670604,"data":"step  86350 loss 2.4876 ema 2.5491 bpc~0.968 gnorm 0.52 lr 7.36e-05 tok/s 569037 t 9945s\n"}
,{"stream_name":"stdout","time":10117.895688946,"data":"step  86400 loss 2.6386 ema 2.6060 bpc~0.990 gnorm 0.53 lr 7.35e-05 tok/s 569052 t 9950s\n"}
,{"stream_name":"stdout","time":10123.624588129,"data":"step  86450 loss 2.6159 ema 2.6123 bpc~0.992 gnorm 0.52 lr 7.34e-05 tok/s 569058 t 9956s\n"}
,{"stream_name":"stdout","time":10129.058924525,"data":"step  86500 loss 2.6638 ema 2.6450 bpc~1.005 gnorm 0.54 lr 7.32e-05 tok/s 569072 t 9962s\n"}
,{"stream_name":"stdout","time":10134.551680218,"data":"step  86550 loss 2.6918 ema 2.6748 bpc~1.016 gnorm 0.53 lr 7.31e-05 tok/s 569088 t 9967s\n"}
,{"stream_name":"stdout","time":10140.088840146,"data":"step  86600 loss 2.6865 ema 2.6822 bpc~1.019 gnorm 0.53 lr 7.29e-05 tok/s 569100 t 9973s\n"}
,{"stream_name":"stdout","time":10145.521821824,"data":"step  86650 loss 2.6688 ema 2.6737 bpc~1.016 gnorm 0.54 lr 7.28e-05 tok/s 569119 t 9978s\n"}
,{"stream_name":"stdout","time":10150.993352437,"data":"step  86700 loss 2.6341 ema 2.6485 bpc~1.006 gnorm 0.53 lr 7.27e-05 tok/s 569135 t 9984s\n"}
,{"stream_name":"stdout","time":10156.470065841,"data":"step  86750 loss 2.6998 ema 2.6811 bpc~1.018 gnorm 0.53 lr 7.25e-05 tok/s 569151 t 9989s\n"}
,{"stream_name":"stdout","time":10162.087045033,"data":"step  86800 loss 2.6282 ema 2.6475 bpc~1.006 gnorm 0.52 lr 7.24e-05 tok/s 569159 t 9995s\n"}
,{"stream_name":"stdout","time":10167.692031306,"data":"step  86850 loss 2.6691 ema 2.6612 bpc~1.011 gnorm 0.55 lr 7.23e-05 tok/s 569168 t 10000s\n"}
,{"stream_name":"stdout","time":10173.365957184,"data":"step  86900 loss 2.6567 ema 2.6583 bpc~1.010 gnorm 0.55 lr 7.21e-05 tok/s 569172 t 10006s\n"}
,{"stream_name":"stdout","time":10178.945046419,"data":"step  86950 loss 2.5725 ema 2.6038 bpc~0.989 gnorm 0.54 lr 7.20e-05 tok/s 569183 t 10011s\n"}
,{"stream_name":"stdout","time":10184.588235219,"data":"step  87000 loss 2.6536 ema 2.6355 bpc~1.001 gnorm 0.54 lr 7.19e-05 tok/s 569189 t 10017s\n"}
,{"stream_name":"stdout","time":10190.292237005,"data":"step  87050 loss 2.5895 ema 2.6062 bpc~0.990 gnorm 0.53 lr 7.17e-05 tok/s 569192 t 10023s\n"}
,{"stream_name":"stdout","time":10196.034820107,"data":"step  87100 loss 2.6315 ema 2.6223 bpc~0.996 gnorm 0.55 lr 7.16e-05 tok/s 569193 t 10029s\n"}
,{"stream_name":"stdout","time":10201.76646041,"data":"step  87150 loss 2.6351 ema 2.6304 bpc~0.999 gnorm 0.54 lr 7.15e-05 tok/s 569194 t 10034s\n"}
,{"stream_name":"stdout","time":10207.531591741,"data":"step  87200 loss 2.6629 ema 2.6511 bpc~1.007 gnorm 0.54 lr 7.14e-05 tok/s 569194 t 10040s\n"}
,{"stream_name":"stdout","time":10213.120032495,"data":"step  87250 loss 2.6645 ema 2.6596 bpc~1.010 gnorm 0.55 lr 7.12e-05 tok/s 569203 t 10046s\n"}
,{"stream_name":"stdout","time":10218.785991353,"data":"step  87300 loss 2.6552 ema 2.6568 bpc~1.009 gnorm 0.55 lr 7.11e-05 tok/s 569209 t 10051s\n"}
,{"stream_name":"stdout","time":10224.327674391,"data":"step  87350 loss 2.6220 ema 2.6347 bpc~1.001 gnorm 0.55 lr 7.10e-05 tok/s 569221 t 10057s\n"}
,{"stream_name":"stdout","time":10229.801054235,"data":"step  87400 loss 2.7274 ema 2.6936 bpc~1.023 gnorm 0.54 lr 7.08e-05 tok/s 569237 t 10062s\n"}
,{"stream_name":"stdout","time":10235.527411909,"data":"step  87450 loss 2.7121 ema 2.7054 bpc~1.028 gnorm 0.55 lr 7.07e-05 tok/s 569238 t 10068s\n"}
,{"stream_name":"stdout","time":10241.115722923,"data":"step  87500 loss 2.6598 ema 2.6764 bpc~1.017 gnorm 0.55 lr 7.06e-05 tok/s 569248 t 10074s\n"}
,{"stream_name":"stdout","time":10246.650657422,"data":"step  87550 loss 2.6532 ema 2.6616 bpc~1.011 gnorm 0.53 lr 7.05e-05 tok/s 569264 t 10079s\n"}
,{"stream_name":"stdout","time":10252.283939943,"data":"step  87600 loss 2.6293 ema 2.6411 bpc~1.003 gnorm 0.53 lr 7.04e-05 tok/s 569267 t 10085s\n"}
,{"stream_name":"stdout","time":10257.97128288,"data":"step  87650 loss 2.6924 ema 2.6737 bpc~1.016 gnorm 0.55 lr 7.02e-05 tok/s 569271 t 10090s\n"}
,{"stream_name":"stdout","time":10263.74213809,"data":"step  87700 loss 2.5462 ema 2.5927 bpc~0.985 gnorm 0.52 lr 7.01e-05 tok/s 569270 t 10096s\n"}
,{"stream_name":"stdout","time":10269.416658317,"data":"step  87750 loss 2.5558 ema 2.5692 bpc~0.976 gnorm 0.53 lr 7.00e-05 tok/s 569275 t 10102s\n"}
,{"stream_name":"stdout","time":10275.058012228,"data":"step  87800 loss 2.5916 ema 2.5834 bpc~0.981 gnorm 0.54 lr 6.99e-05 tok/s 569282 t 10108s\n"}
,{"stream_name":"stdout","time":10280.692529958,"data":"step  87850 loss 2.6067 ema 2.5983 bpc~0.987 gnorm 0.55 lr 6.97e-05 tok/s 569288 t 10113s\n"}
,{"stream_name":"stdout","time":10286.228086777,"data":"step  87900 loss 2.7375 ema 2.6868 bpc~1.021 gnorm 0.55 lr 6.96e-05 tok/s 569301 t 10119s\n"}
,{"stream_name":"stdout","time":10291.846165699,"data":"step  87950 loss 2.6623 ema 2.6712 bpc~1.015 gnorm 0.55 lr 6.95e-05 tok/s 569309 t 10124s\n"}
,{"stream_name":"stdout","time":10297.250457669,"data":"step  88000 loss 2.6896 ema 2.6829 bpc~1.019 gnorm 0.54 lr 6.94e-05 tok/s 569328 t 10130s\n"}
,{"stream_name":"stdout","time":10301.209366553,"data":"EVAL step 88000 valid_loss 2.4781 valid_bpc 0.9413 *guardado\n"}
,{"stream_name":"stdout","time":10306.704549365,"data":"step  88050 loss 2.6366 ema 2.6534 bpc~1.008 gnorm 0.54 lr 6.93e-05 tok/s 569121 t 10139s\n"}
,{"stream_name":"stdout","time":10312.245715633,"data":"step  88100 loss 2.6361 ema 2.6424 bpc~1.004 gnorm 0.54 lr 6.92e-05 tok/s 569133 t 10145s\n"}
,{"stream_name":"stdout","time":10317.886190424,"data":"step  88150 loss 2.6206 ema 2.6286 bpc~0.998 gnorm 0.54 lr 6.90e-05 tok/s 569139 t 10150s\n"}
,{"stream_name":"stdout","time":10323.45119187,"data":"step  88200 loss 2.5357 ema 2.5695 bpc~0.976 gnorm 0.56 lr 6.89e-05 tok/s 569150 t 10156s\n"}
,{"stream_name":"stdout","time":10329.063559993,"data":"step  88250 loss 2.6720 ema 2.6347 bpc~1.001 gnorm 0.54 lr 6.88e-05 tok/s 569158 t 10162s\n"}
,{"stream_name":"stdout","time":10334.763848628,"data":"step  88300 loss 2.7237 ema 2.6912 bpc~1.022 gnorm 0.55 lr 6.87e-05 tok/s 569161 t 10167s\n"}
,{"stream_name":"stdout","time":10340.466656753,"data":"step  88350 loss 2.6685 ema 2.6768 bpc~1.017 gnorm 0.55 lr 6.86e-05 tok/s 569164 t 10173s\n"}
,{"stream_name":"stdout","time":10346.141735121,"data":"step  88400 loss 2.7334 ema 2.7128 bpc~1.030 gnorm 0.54 lr 6.85e-05 tok/s 569169 t 10179s\n"}
,{"stream_name":"stdout","time":10351.833596335,"data":"step  88450 loss 2.6364 ema 2.6642 bpc~1.012 gnorm 0.54 lr 6.84e-05 tok/s 569173 t 10184s\n"}
,{"stream_name":"stdout","time":10357.536300306,"data":"step  88500 loss 2.6655 ema 2.6650 bpc~1.012 gnorm 0.54 lr 6.83e-05 tok/s 569176 t 10190s\n"}
,{"stream_name":"stdout","time":10363.265232927,"data":"step  88550 loss 2.6215 ema 2.6373 bpc~1.002 gnorm 0.55 lr 6.82e-05 tok/s 569177 t 10196s\n"}
,{"stream_name":"stdout","time":10368.929603661,"data":"step  88600 loss 2.6480 ema 2.6441 bpc~1.004 gnorm 0.55 lr 6.80e-05 tok/s 569186 t 10201s\n"}
,{"stream_name":"stdout","time":10374.426315019,"data":"step  88650 loss 2.5485 ema 2.5833 bpc~0.981 gnorm 0.56 lr 6.79e-05 tok/s 569197 t 10207s\n"}
,{"stream_name":"stdout","time":10380.160678899,"data":"step  88700 loss 2.6256 ema 2.6102 bpc~0.992 gnorm 0.54 lr 6.78e-05 tok/s 569198 t 10213s\n"}
,{"stream_name":"stdout","time":10385.785217977,"data":"step  88750 loss 2.6836 ema 2.6569 bpc~1.009 gnorm 0.56 lr 6.77e-05 tok/s 569206 t 10218s\n"}
,{"stream_name":"stdout","time":10391.4700171,"data":"step  88800 loss 2.6154 ema 2.6305 bpc~0.999 gnorm 0.55 lr 6.76e-05 tok/s 569210 t 10224s\n"}
,{"stream_name":"stdout","time":10397.106243947,"data":"step  88850 loss 2.6380 ema 2.6353 bpc~1.001 gnorm 0.54 lr 6.75e-05 tok/s 569216 t 10230s\n"}
,{"stream_name":"stdout","time":10402.804577789,"data":"step  88900 loss 2.6104 ema 2.6194 bpc~0.995 gnorm 0.54 lr 6.74e-05 tok/s 569220 t 10235s\n"}
,{"stream_name":"stdout","time":10408.518290951,"data":"step  88950 loss 2.6476 ema 2.6373 bpc~1.002 gnorm 0.56 lr 6.73e-05 tok/s 569222 t 10241s\n"}
,{"stream_name":"stdout","time":10414.166583106,"data":"step  89000 loss 2.5783 ema 2.5998 bpc~0.988 gnorm 0.55 lr 6.72e-05 tok/s 569228 t 10247s\n"}
,{"stream_name":"stdout","time":10419.748708688,"data":"step  89050 loss 2.6528 ema 2.6335 bpc~1.000 gnorm 0.56 lr 6.71e-05 tok/s 569238 t 10252s\n"}
,{"stream_name":"stdout","time":10425.197987279,"data":"step  89100 loss 2.6816 ema 2.6641 bpc~1.012 gnorm 0.54 lr 6.70e-05 tok/s 569255 t 10258s\n"}
,{"stream_name":"stdout","time":10430.716665015,"data":"step  89150 loss 2.6602 ema 2.6616 bpc~1.011 gnorm 0.55 lr 6.69e-05 tok/s 569268 t 10263s\n"}
,{"stream_name":"stdout","time":10436.174548856,"data":"step  89200 loss 2.5868 ema 2.6140 bpc~0.993 gnorm 0.54 lr 6.68e-05 tok/s 569284 t 10269s\n"}
,{"stream_name":"stdout","time":10441.655952365,"data":"step  89250 loss 2.5513 ema 2.5741 bpc~0.978 gnorm 0.57 lr 6.67e-05 tok/s 569300 t 10274s\n"}
,{"stream_name":"stdout","time":10447.136109934,"data":"step  89300 loss 2.6935 ema 2.6500 bpc~1.007 gnorm 0.56 lr 6.66e-05 tok/s 569315 t 10280s\n"}
,{"stream_name":"stdout","time":10452.636885021,"data":"step  89350 loss 2.6296 ema 2.6370 bpc~1.002 gnorm 0.54 lr 6.65e-05 tok/s 569329 t 10285s\n"}
,{"stream_name":"stdout","time":10458.104082342,"data":"step  89400 loss 2.5553 ema 2.5851 bpc~0.982 gnorm 0.56 lr 6.64e-05 tok/s 569345 t 10291s\n"}
,{"stream_name":"stdout","time":10463.640610966,"data":"step  89450 loss 2.6841 ema 2.6480 bpc~1.006 gnorm 0.56 lr 6.63e-05 tok/s 569357 t 10296s\n"}
,{"stream_name":"stdout","time":10469.135521414,"data":"step  89500 loss 2.6519 ema 2.6505 bpc~1.007 gnorm 0.56 lr 6.62e-05 tok/s 569371 t 10302s\n"}
,{"stream_name":"stdout","time":10474.65872103,"data":"step  89550 loss 2.6867 ema 2.6735 bpc~1.016 gnorm 0.54 lr 6.61e-05 tok/s 569384 t 10307s\n"}
,{"stream_name":"stdout","time":10480.25491439,"data":"step  89600 loss 2.6599 ema 2.6648 bpc~1.012 gnorm 0.57 lr 6.60e-05 tok/s 569393 t 10313s\n"}
,{"stream_name":"stdout","time":10485.820204312,"data":"step  89650 loss 2.6418 ema 2.6502 bpc~1.007 gnorm 0.54 lr 6.59e-05 tok/s 569403 t 10318s\n"}
,{"stream_name":"stdout","time":10491.269872274,"data":"step  89700 loss 2.6725 ema 2.6644 bpc~1.012 gnorm 0.56 lr 6.58e-05 tok/s 569424 t 10324s\n"}
,{"stream_name":"stdout","time":10496.776538801,"data":"step  89750 loss 2.6612 ema 2.6624 bpc~1.011 gnorm 0.55 lr 6.57e-05 tok/s 569434 t 10329s\n"}
,{"stream_name":"stdout","time":10502.269790589,"data":"step  89800 loss 2.6464 ema 2.6522 bpc~1.007 gnorm 0.56 lr 6.57e-05 tok/s 569448 t 10335s\n"}
,{"stream_name":"stdout","time":10507.775428036,"data":"step  89850 loss 2.7214 ema 2.6962 bpc~1.024 gnorm 0.56 lr 6.56e-05 tok/s 569462 t 10340s\n"}
,{"stream_name":"stdout","time":10513.248685845,"data":"step  89900 loss 2.6804 ema 2.6862 bpc~1.020 gnorm 0.54 lr 6.55e-05 tok/s 569478 t 10346s\n"}
,{"stream_name":"stdout","time":10518.753606232,"data":"step  89950 loss 2.7194 ema 2.7073 bpc~1.028 gnorm 0.57 lr 6.54e-05 tok/s 569491 t 10351s\n"}
,{"stream_name":"stdout","time":10524.228427192,"data":"step  90000 loss 2.6342 ema 2.6608 bpc~1.011 gnorm 0.55 lr 6.53e-05 tok/s 569507 t 10357s\n"}
,{"stream_name":"stdout","time":10528.125942092,"data":"EVAL step 90000 valid_loss 2.4767 valid_bpc 0.9408 *guardado\n"}
,{"stream_name":"stdout","time":10533.561492205,"data":"step  90050 loss 2.7220 ema 2.6997 bpc~1.026 gnorm 0.56 lr 6.52e-05 tok/s 569310 t 10366s\n"}
,{"stream_name":"stdout","time":10539.22078987,"data":"step  90100 loss 2.6895 ema 2.6932 bpc~1.023 gnorm 0.55 lr 6.51e-05 tok/s 569315 t 10372s\n"}
,{"stream_name":"stdout","time":10544.69374951,"data":"step  90150 loss 2.6731 ema 2.6804 bpc~1.018 gnorm 0.55 lr 6.50e-05 tok/s 569331 t 10377s\n"}
,{"stream_name":"stdout","time":10550.208138006,"data":"step  90200 loss 2.6713 ema 2.6746 bpc~1.016 gnorm 0.55 lr 6.50e-05 tok/s 569344 t 10383s\n"}
,{"stream_name":"stdout","time":10555.674129376,"data":"step  90250 loss 2.6005 ema 2.6275 bpc~0.998 gnorm 0.55 lr 6.49e-05 tok/s 569360 t 10388s\n"}
,{"stream_name":"stdout","time":10561.089867471,"data":"step  90300 loss 2.6670 ema 2.6526 bpc~1.008 gnorm 0.57 lr 6.48e-05 tok/s 569378 t 10394s\n"}
,{"stream_name":"stdout","time":10566.592964408,"data":"step  90350 loss 2.6814 ema 2.6709 bpc~1.015 gnorm 0.58 lr 6.47e-05 tok/s 569392 t 10399s\n"}
,{"stream_name":"stdout","time":10572.320105978,"data":"step  90400 loss 2.6777 ema 2.6752 bpc~1.016 gnorm 0.56 lr 6.46e-05 tok/s 569394 t 10405s\n"}
,{"stream_name":"stdout","time":10577.911967948,"data":"step  90450 loss 2.5424 ema 2.5908 bpc~0.984 gnorm 0.56 lr 6.45e-05 tok/s 569403 t 10410s\n"}
,{"stream_name":"stdout","time":10583.653906377,"data":"step  90500 loss 2.6349 ema 2.6188 bpc~0.995 gnorm 0.55 lr 6.45e-05 tok/s 569403 t 10416s\n"}
,{"stream_name":"stdout","time":10589.367915898,"data":"step  90550 loss 2.6324 ema 2.6274 bpc~0.998 gnorm 0.56 lr 6.44e-05 tok/s 569406 t 10422s\n"}
,{"stream_name":"stdout","time":10595.148435644,"data":"step  90600 loss 2.6212 ema 2.6235 bpc~0.997 gnorm 0.56 lr 6.43e-05 tok/s 569404 t 10428s\n"}
,{"stream_name":"stdout","time":10600.678485559,"data":"step  90650 loss 2.6528 ema 2.6421 bpc~1.004 gnorm 0.56 lr 6.42e-05 tok/s 569416 t 10433s\n"}
,{"stream_name":"stdout","time":10606.368935132,"data":"step  90700 loss 2.6818 ema 2.6673 bpc~1.013 gnorm 0.56 lr 6.41e-05 tok/s 569420 t 10439s\n"}
,{"stream_name":"stdout","time":10612.171272287,"data":"step  90750 loss 2.7215 ema 2.7017 bpc~1.026 gnorm 0.55 lr 6.41e-05 tok/s 569421 t 10445s\n"}
,{"stream_name":"stdout","time":10617.746237968,"data":"step  90800 loss 2.6932 ema 2.6963 bpc~1.024 gnorm 0.56 lr 6.40e-05 tok/s 569427 t 10450s\n"}
,{"stream_name":"stdout","time":10623.45539236,"data":"step  90850 loss 2.6837 ema 2.6883 bpc~1.021 gnorm 0.55 lr 6.39e-05 tok/s 569430 t 10456s\n"}
,{"stream_name":"stdout","time":10629.018123762,"data":"step  90900 loss 2.6064 ema 2.6362 bpc~1.001 gnorm 0.57 lr 6.38e-05 tok/s 569440 t 10462s\n"}
,{"stream_name":"stdout","time":10634.697906565,"data":"step  90950 loss 2.6408 ema 2.6391 bpc~1.002 gnorm 0.56 lr 6.38e-05 tok/s 569444 t 10467s\n"}
,{"stream_name":"stdout","time":10640.36814085,"data":"step  91000 loss 2.7096 ema 2.6839 bpc~1.020 gnorm 0.56 lr 6.37e-05 tok/s 569449 t 10473s\n"}
,{"stream_name":"stdout","time":10645.939154773,"data":"step  91050 loss 2.5672 ema 2.6097 bpc~0.991 gnorm 0.57 lr 6.36e-05 tok/s 569459 t 10478s\n"}
,{"stream_name":"stdout","time":10651.451713749,"data":"step  91100 loss 2.5991 ema 2.6029 bpc~0.989 gnorm 0.57 lr 6.35e-05 tok/s 569472 t 10484s\n"}
,{"stream_name":"stdout","time":10657.214828787,"data":"step  91150 loss 2.6656 ema 2.6428 bpc~1.004 gnorm 0.56 lr 6.35e-05 tok/s 569471 t 10490s\n"}
,{"stream_name":"stdout","time":10662.992786073,"data":"step  91200 loss 2.6413 ema 2.6418 bpc~1.004 gnorm 0.56 lr 6.34e-05 tok/s 569470 t 10496s\n"}
,{"stream_name":"stdout","time":10668.667042987,"data":"step  91250 loss 2.7468 ema 2.7086 bpc~1.029 gnorm 0.55 lr 6.33e-05 tok/s 569474 t 10501s\n"}
,{"stream_name":"stdout","time":10674.22127428,"data":"step  91300 loss 2.6245 ema 2.6551 bpc~1.009 gnorm 0.55 lr 6.33e-05 tok/s 569485 t 10507s\n"}
,{"stream_name":"stdout","time":10679.888926905,"data":"step  91350 loss 2.7262 ema 2.7003 bpc~1.026 gnorm 0.59 lr 6.32e-05 tok/s 569490 t 10512s\n"}
,{"stream_name":"stdout","time":10685.536516681,"data":"step  91400 loss 2.5893 ema 2.6297 bpc~0.999 gnorm 0.58 lr 6.31e-05 tok/s 569496 t 10518s\n"}
,{"stream_name":"stdout","time":10691.097650274,"data":"step  91450 loss 2.6029 ema 2.6127 bpc~0.992 gnorm 0.57 lr 6.31e-05 tok/s 569506 t 10524s\n"}
,{"stream_name":"stdout","time":10696.73931425,"data":"step  91500 loss 2.6961 ema 2.6657 bpc~1.013 gnorm 0.57 lr 6.30e-05 tok/s 569512 t 10529s\n"}
,{"stream_name":"stdout","time":10702.436401883,"data":"step  91550 loss 2.6404 ema 2.6496 bpc~1.006 gnorm 0.56 lr 6.29e-05 tok/s 569515 t 10535s\n"}
,{"stream_name":"stdout","time":10708.046276602,"data":"step  91600 loss 2.6719 ema 2.6638 bpc~1.012 gnorm 0.58 lr 6.29e-05 tok/s 569523 t 10541s\n"}
,{"stream_name":"stdout","time":10713.779474121,"data":"step  91650 loss 2.6099 ema 2.6295 bpc~0.999 gnorm 0.56 lr 6.28e-05 tok/s 569524 t 10546s\n"}
,{"stream_name":"stdout","time":10719.443589706,"data":"step  91700 loss 2.6845 ema 2.6644 bpc~1.012 gnorm 0.55 lr 6.27e-05 tok/s 569529 t 10552s\n"}
,{"stream_name":"stdout","time":10725.176497796,"data":"step  91750 loss 2.6032 ema 2.6255 bpc~0.997 gnorm 0.56 lr 6.27e-05 tok/s 569530 t 10558s\n"}
,{"stream_name":"stdout","time":10730.859325889,"data":"step  91800 loss 2.6307 ema 2.6288 bpc~0.999 gnorm 0.57 lr 6.26e-05 tok/s 569534 t 10563s\n"}
,{"stream_name":"stdout","time":10736.560311861,"data":"step  91850 loss 2.5459 ema 2.5761 bpc~0.979 gnorm 0.55 lr 6.25e-05 tok/s 569541 t 10569s\n"}
,{"stream_name":"stdout","time":10742.137780413,"data":"step  91900 loss 2.7626 ema 2.6947 bpc~1.024 gnorm 0.56 lr 6.25e-05 tok/s 569546 t 10575s\n"}
,{"stream_name":"stdout","time":10747.77493576,"data":"step  91950 loss 2.6385 ema 2.6589 bpc~1.010 gnorm 0.55 lr 6.24e-05 tok/s 569552 t 10580s\n"}
,{"stream_name":"stdout","time":10753.49888745,"data":"step  92000 loss 2.6462 ema 2.6508 bpc~1.007 gnorm 0.56 lr 6.24e-05 tok/s 569554 t 10586s\n"}
,{"stream_name":"stdout","time":10757.53123413,"data":"EVAL step 92000 valid_loss 2.4718 valid_bpc 0.9389 *guardado\n"}
,{"stream_name":"stdout","time":10763.127342591,"data":"step  92050 loss 2.5857 ema 2.6094 bpc~0.991 gnorm 0.56 lr 6.23e-05 tok/s 569346 t 10596s\n"}
,{"stream_name":"stdout","time":10768.696084103,"data":"step  92100 loss 2.6059 ema 2.6072 bpc~0.990 gnorm 0.57 lr 6.22e-05 tok/s 569356 t 10601s\n"}
,{"stream_name":"stdout","time":10774.384290336,"data":"step  92150 loss 2.6264 ema 2.6194 bpc~0.995 gnorm 0.56 lr 6.22e-05 tok/s 569359 t 10607s\n"}
,{"stream_name":"stdout","time":10780.066200579,"data":"step  92200 loss 2.6151 ema 2.6167 bpc~0.994 gnorm 0.56 lr 6.21e-05 tok/s 569363 t 10613s\n"}
,{"stream_name":"stdout","time":10785.76881025,"data":"step  92250 loss 2.6672 ema 2.6488 bpc~1.006 gnorm 0.56 lr 6.21e-05 tok/s 569366 t 10618s\n"}
,{"stream_name":"stdout","time":10791.446579185,"data":"step  92300 loss 2.6570 ema 2.6540 bpc~1.008 gnorm 0.56 lr 6.20e-05 tok/s 569370 t 10624s\n"}
,{"stream_name":"stdout","time":10797.142534077,"data":"step  92350 loss 2.6108 ema 2.6266 bpc~0.998 gnorm 0.54 lr 6.20e-05 tok/s 569373 t 10630s\n"}
,{"stream_name":"stdout","time":10802.681477022,"data":"step  92400 loss 2.5933 ema 2.6054 bpc~0.990 gnorm 0.58 lr 6.19e-05 tok/s 569385 t 10635s\n"}
,{"stream_name":"stdout","time":10808.412958472,"data":"step  92450 loss 2.6099 ema 2.6083 bpc~0.991 gnorm 0.56 lr 6.19e-05 tok/s 569386 t 10641s\n"}
,{"stream_name":"stdout","time":10814.146300572,"data":"step  92500 loss 2.6326 ema 2.6237 bpc~0.997 gnorm 0.58 lr 6.18e-05 tok/s 569387 t 10647s\n"}
,{"stream_name":"stdout","time":10819.676073257,"data":"step  92550 loss 2.5711 ema 2.5903 bpc~0.984 gnorm 0.55 lr 6.18e-05 tok/s 569399 t 10652s\n"}
,{"stream_name":"stdout","time":10825.342446721,"data":"step  92600 loss 2.6939 ema 2.6562 bpc~1.009 gnorm 0.58 lr 6.17e-05 tok/s 569404 t 10658s\n"}
,{"stream_name":"stdout","time":10831.030845024,"data":"step  92650 loss 2.6380 ema 2.6446 bpc~1.005 gnorm 0.57 lr 6.17e-05 tok/s 569408 t 10664s\n"}
,{"stream_name":"stdout","time":10836.659347582,"data":"step  92700 loss 2.6032 ema 2.6183 bpc~0.995 gnorm 0.56 lr 6.16e-05 tok/s 569414 t 10669s\n"}
,{"stream_name":"stdout","time":10842.197842297,"data":"step  92750 loss 2.6172 ema 2.6176 bpc~0.994 gnorm 0.55 lr 6.16e-05 tok/s 569426 t 10675s\n"}
,{"stream_name":"stdout","time":10847.898721928,"data":"step  92800 loss 2.6533 ema 2.6403 bpc~1.003 gnorm 0.57 lr 6.15e-05 tok/s 569429 t 10680s\n"}
,{"stream_name":"stdout","time":10853.590613162,"data":"step  92850 loss 2.5775 ema 2.6004 bpc~0.988 gnorm 0.56 lr 6.15e-05 tok/s 569432 t 10686s\n"}
,{"stream_name":"stdout","time":10859.173193773,"data":"step  92900 loss 2.6183 ema 2.6118 bpc~0.992 gnorm 0.57 lr 6.14e-05 tok/s 569445 t 10692s\n"}
,{"stream_name":"stdout","time":10864.607671615,"data":"step  92950 loss 2.6260 ema 2.6208 bpc~0.996 gnorm 0.57 lr 6.14e-05 tok/s 569458 t 10697s\n"}
,{"stream_name":"stdout","time":10870.217447074,"data":"step  93000 loss 2.5931 ema 2.6032 bpc~0.989 gnorm 0.57 lr 6.13e-05 tok/s 569466 t 10703s\n"}
,{"stream_name":"stdout","time":10875.698825053,"data":"step  93050 loss 2.5501 ema 2.5694 bpc~0.976 gnorm 0.57 lr 6.13e-05 tok/s 569480 t 10708s\n"}
,{"stream_name":"stdout","time":10881.20497197,"data":"step  93100 loss 2.6709 ema 2.6340 bpc~1.001 gnorm 0.59 lr 6.12e-05 tok/s 569494 t 10714s\n"}
,{"stream_name":"stdout","time":10886.700411498,"data":"step  93150 loss 2.6163 ema 2.6227 bpc~0.996 gnorm 0.57 lr 6.12e-05 tok/s 569507 t 10719s\n"}
,{"stream_name":"stdout","time":10892.230679193,"data":"step  93200 loss 2.6939 ema 2.6680 bpc~1.013 gnorm 0.58 lr 6.12e-05 tok/s 569519 t 10725s\n"}
,{"stream_name":"stdout","time":10897.745778379,"data":"step  93250 loss 2.6773 ema 2.6739 bpc~1.016 gnorm 0.55 lr 6.11e-05 tok/s 569532 t 10730s\n"}
,{"stream_name":"stdout","time":10903.203679931,"data":"step  93300 loss 2.5736 ema 2.6101 bpc~0.991 gnorm 0.56 lr 6.11e-05 tok/s 569548 t 10736s\n"}
,{"stream_name":"stdout","time":10908.688290049,"data":"step  93350 loss 2.6427 ema 2.6309 bpc~0.999 gnorm 0.57 lr 6.10e-05 tok/s 569562 t 10741s\n"}
,{"stream_name":"stdout","time":10914.291111959,"data":"step  93400 loss 2.6666 ema 2.6536 bpc~1.008 gnorm 0.56 lr 6.10e-05 tok/s 569570 t 10747s\n"}
,{"stream_name":"stdout","time":10919.782328737,"data":"step  93450 loss 2.6665 ema 2.6618 bpc~1.011 gnorm 0.58 lr 6.10e-05 tok/s 569584 t 10752s\n"}
,{"stream_name":"stdout","time":10925.303325403,"data":"step  93500 loss 2.6414 ema 2.6488 bpc~1.006 gnorm 0.57 lr 6.09e-05 tok/s 569596 t 10758s\n"}
,{"stream_name":"stdout","time":10930.81192803,"data":"step  93550 loss 2.6180 ema 2.6292 bpc~0.999 gnorm 0.55 lr 6.09e-05 tok/s 569609 t 10763s\n"}
,{"stream_name":"stdout","time":10936.303899988,"data":"step  93600 loss 2.6128 ema 2.6188 bpc~0.995 gnorm 0.56 lr 6.08e-05 tok/s 569623 t 10769s\n"}
,{"stream_name":"stdout","time":10941.960792303,"data":"step  93650 loss 2.5688 ema 2.5870 bpc~0.983 gnorm 0.57 lr 6.08e-05 tok/s 569628 t 10774s\n"}
,{"stream_name":"stdout","time":10947.691335273,"data":"step  93700 loss 2.7028 ema 2.6606 bpc~1.011 gnorm 0.57 lr 6.08e-05 tok/s 569629 t 10780s\n"}
,{"stream_name":"stdout","time":10953.347053068,"data":"step  93750 loss 2.6389 ema 2.6468 bpc~1.005 gnorm 0.56 lr 6.07e-05 tok/s 569634 t 10786s\n"}
,{"stream_name":"stdout","time":10958.92258615,"data":"step  93800 loss 2.6239 ema 2.6323 bpc~1.000 gnorm 0.57 lr 6.07e-05 tok/s 569643 t 10791s\n"}
,{"stream_name":"stdout","time":10964.411193069,"data":"step  93850 loss 2.6051 ema 2.6150 bpc~0.993 gnorm 0.57 lr 6.07e-05 tok/s 569657 t 10797s\n"}
,{"stream_name":"stdout","time":10969.935081804,"data":"step  93900 loss 2.6876 ema 2.6612 bpc~1.011 gnorm 0.56 lr 6.07e-05 tok/s 569669 t 10802s\n"}
,{"stream_name":"stdout","time":10975.411436473,"data":"step  93950 loss 2.6481 ema 2.6528 bpc~1.008 gnorm 0.57 lr 6.06e-05 tok/s 569684 t 10808s\n"}
,{"stream_name":"stdout","time":10980.957879458,"data":"step  94000 loss 2.6599 ema 2.6573 bpc~1.009 gnorm 0.57 lr 6.06e-05 tok/s 569698 t 10813s\n"}
,{"stream_name":"stdout","time":10984.878927426,"data":"EVAL step 94000 valid_loss 2.4703 valid_bpc 0.9384 *guardado\n"}
,{"stream_name":"stdout","time":10990.344427696,"data":"step  94050 loss 2.6856 ema 2.6753 bpc~1.016 gnorm 0.58 lr 6.06e-05 tok/s 569503 t 10823s\n"}
,{"stream_name":"stdout","time":10995.895372999,"data":"step  94100 loss 2.6420 ema 2.6541 bpc~1.008 gnorm 0.55 lr 6.05e-05 tok/s 569514 t 10828s\n"}
,{"stream_name":"stdout","time":11001.282598216,"data":"step  94150 loss 2.6234 ema 2.6346 bpc~1.001 gnorm 0.58 lr 6.05e-05 tok/s 569533 t 10834s\n"}
,{"stream_name":"stdout","time":11006.863484817,"data":"step  94200 loss 2.6252 ema 2.6286 bpc~0.999 gnorm 0.56 lr 6.05e-05 tok/s 569542 t 10839s\n"}
,{"stream_name":"stdout","time":11012.392199763,"data":"step  94250 loss 2.6901 ema 2.6677 bpc~1.013 gnorm 0.60 lr 6.05e-05 tok/s 569554 t 10845s\n"}
,{"stream_name":"stdout","time":11017.778812369,"data":"step  94300 loss 2.6501 ema 2.6565 bpc~1.009 gnorm 0.56 lr 6.04e-05 tok/s 569573 t 10850s\n"}
,{"stream_name":"stdout","time":11023.23122704,"data":"step  94350 loss 2.6125 ema 2.6286 bpc~0.998 gnorm 0.56 lr 6.04e-05 tok/s 569589 t 10856s\n"}
,{"stream_name":"stdout","time":11028.969938119,"data":"step  94400 loss 2.6649 ema 2.6517 bpc~1.007 gnorm 0.59 lr 6.04e-05 tok/s 569590 t 10861s\n"}
,{"stream_name":"stdout","time":11034.69607227,"data":"step  94450 loss 2.5816 ema 2.6071 bpc~0.990 gnorm 0.57 lr 6.04e-05 tok/s 569591 t 10867s\n"}
,{"stream_name":"stdout","time":11040.106857434,"data":"step  94500 loss 2.6945 ema 2.6627 bpc~1.011 gnorm 0.57 lr 6.03e-05 tok/s 569609 t 10873s\n"}
,{"stream_name":"stdout","time":11045.567527524,"data":"step  94550 loss 2.7054 ema 2.6898 bpc~1.022 gnorm 0.57 lr 6.03e-05 tok/s 569624 t 10878s\n"}
,{"stream_name":"stdout","time":11051.102977019,"data":"step  94600 loss 2.5658 ema 2.6110 bpc~0.992 gnorm 0.57 lr 6.03e-05 tok/s 569636 t 10884s\n"}
,{"stream_name":"stdout","time":11056.647016853,"data":"step  94650 loss 2.6373 ema 2.6277 bpc~0.998 gnorm 0.56 lr 6.03e-05 tok/s 569647 t 10889s\n"}
,{"stream_name":"stdout","time":11062.414120761,"data":"step  94700 loss 2.6109 ema 2.6170 bpc~0.994 gnorm 0.57 lr 6.02e-05 tok/s 569646 t 10895s\n"}
,{"stream_name":"stdout","time":11068.084431945,"data":"step  94750 loss 2.5855 ema 2.5970 bpc~0.986 gnorm 0.57 lr 6.02e-05 tok/s 569650 t 10901s\n"}
,{"stream_name":"stdout","time":11073.61697792,"data":"step  94800 loss 2.6476 ema 2.6291 bpc~0.999 gnorm 0.58 lr 6.02e-05 tok/s 569662 t 10906s\n"}
,{"stream_name":"stdout","time":11079.08423208,"data":"step  94850 loss 2.6013 ema 2.6115 bpc~0.992 gnorm 0.56 lr 6.02e-05 tok/s 569677 t 10912s\n"}
,{"stream_name":"stdout","time":11084.666014421,"data":"step  94900 loss 2.6635 ema 2.6445 bpc~1.005 gnorm 0.57 lr 6.02e-05 tok/s 569686 t 10917s\n"}
,{"stream_name":"stdout","time":11090.383676562,"data":"step  94950 loss 2.6402 ema 2.6418 bpc~1.004 gnorm 0.58 lr 6.02e-05 tok/s 569687 t 10923s\n"}
,{"stream_name":"stdout","time":11096.091072934,"data":"step  95000 loss 2.6196 ema 2.6277 bpc~0.998 gnorm 0.58 lr 6.01e-05 tok/s 569690 t 10929s\n"}
,{"stream_name":"stdout","time":11101.848521291,"data":"step  95050 loss 2.6220 ema 2.6241 bpc~0.997 gnorm 0.57 lr 6.01e-05 tok/s 569697 t 10934s\n"}
,{"stream_name":"stdout","time":11107.219875608,"data":"step  95100 loss 2.6179 ema 2.6201 bpc~0.995 gnorm 0.58 lr 6.01e-05 tok/s 569709 t 10940s\n"}
,{"stream_name":"stdout","time":11112.709679517,"data":"step  95150 loss 2.6301 ema 2.6264 bpc~0.998 gnorm 0.55 lr 6.01e-05 tok/s 569723 t 10945s\n"}
,{"stream_name":"stdout","time":11118.352878113,"data":"step  95200 loss 2.5898 ema 2.6031 bpc~0.989 gnorm 0.57 lr 6.01e-05 tok/s 569728 t 10951s\n"}
,{"stream_name":"stdout","time":11124.074550434,"data":"step  95250 loss 2.5745 ema 2.5849 bpc~0.982 gnorm 0.58 lr 6.01e-05 tok/s 569730 t 10957s\n"}
,{"stream_name":"stdout","time":11129.650323096,"data":"step  95300 loss 2.6631 ema 2.6346 bpc~1.001 gnorm 0.57 lr 6.01e-05 tok/s 569739 t 10962s\n"}
,{"stream_name":"stdout","time":11135.18995849,"data":"step  95350 loss 2.6166 ema 2.6232 bpc~0.996 gnorm 0.58 lr 6.01e-05 tok/s 569750 t 10968s\n"}
,{"stream_name":"stdout","time":11140.912721451,"data":"step  95400 loss 2.6478 ema 2.6388 bpc~1.002 gnorm 0.58 lr 6.01e-05 tok/s 569752 t 10973s\n"}
,{"stream_name":"stdout","time":11146.602254283,"data":"step  95450 loss 2.6688 ema 2.6579 bpc~1.010 gnorm 0.57 lr 6.00e-05 tok/s 569755 t 10979s\n"}
,{"stream_name":"stdout","time":11152.004366099,"data":"step  95500 loss 2.6314 ema 2.6410 bpc~1.003 gnorm 0.57 lr 6.00e-05 tok/s 569773 t 10985s\n"}
,{"stream_name":"stdout","time":11157.515195995,"data":"step  95550 loss 2.7005 ema 2.6788 bpc~1.018 gnorm 0.59 lr 6.00e-05 tok/s 569785 t 10990s\n"}
,{"stream_name":"stdout","time":11163.034537141,"data":"step  95600 loss 2.6343 ema 2.6505 bpc~1.007 gnorm 0.57 lr 6.00e-05 tok/s 569797 t 10996s\n"}
,{"stream_name":"stdout","time":11168.427139697,"data":"step  95650 loss 2.7350 ema 2.7042 bpc~1.027 gnorm 0.57 lr 6.00e-05 tok/s 569816 t 11001s\n"}
,{"stream_name":"stdout","time":11173.822837632,"data":"step  95700 loss 2.6677 ema 2.6810 bpc~1.018 gnorm 0.57 lr 6.00e-05 tok/s 569834 t 11006s\n"}
,{"stream_name":"stdout","time":11179.356390927,"data":"step  95750 loss 2.6249 ema 2.6453 bpc~1.005 gnorm 0.57 lr 6.00e-05 tok/s 569846 t 11012s\n"}
,{"stream_name":"stdout","time":11184.938062139,"data":"step  95800 loss 2.5967 ema 2.6144 bpc~0.993 gnorm 0.56 lr 6.00e-05 tok/s 569854 t 11017s\n"}
,{"stream_name":"stdout","time":11190.429101517,"data":"step  95850 loss 2.6679 ema 2.6484 bpc~1.006 gnorm 0.58 lr 6.00e-05 tok/s 569868 t 11023s\n"}
,{"stream_name":"stdout","time":11195.973305121,"data":"step  95900 loss 2.5928 ema 2.6131 bpc~0.993 gnorm 0.58 lr 6.00e-05 tok/s 569878 t 11028s\n"}
,{"stream_name":"stdout","time":11201.45023916,"data":"step  95950 loss 2.6538 ema 2.6390 bpc~1.002 gnorm 0.57 lr 6.00e-05 tok/s 569892 t 11034s\n"}
,{"stream_name":"stdout","time":11206.942991908,"data":"step  96000 loss 2.6517 ema 2.6471 bpc~1.006 gnorm 0.58 lr 6.00e-05 tok/s 569906 t 11039s\n"}
,{"stream_name":"stdout","time":11210.930891342,"data":"EVAL step 96000 valid_loss 2.4679 valid_bpc 0.9375 *guardado\n"}
,{"stream_name":"stdout","time":11211.195411002,"data":"fin: mejor valid_bpc 0.9375 en 11043s\n"}
,{"stream_name":"stderr","time":11248.293375022,"data":"[NbConvertApp] Converting notebook __notebook__.ipynb to notebook\n"}
,{"stream_name":"stderr","time":11249.149236086,"data":"[NbConvertApp] Writing 377372 bytes to __notebook__.ipynb\n"}
,{"stream_name":"stderr","time":11251.491373246,"data":"[NbConvertApp] Converting notebook __notebook__.ipynb to html\n"}
,{"stream_name":"stderr","time":11253.502942492,"data":"[NbConvertApp] Writing 758941 bytes to __results__.html\n"}
]