[{"stream_name":"stderr","time":10.8227937,"data":"[IPKernelApp] WARNING | Kernel is running over TCP without encryption. All communication (including code and outputs) is sent in plain text and is susceptible to eavesdropping. Use IPC transport or launch with kernel manager-provisioned CurveZMQ keys to enable transport encryption.\n"}
,{"stream_name":"stdout","time":92.222134917,"data":"molde: /kaggle/input/datasets/jonacgerizo/lengua-ligera-codigo/molde.py\n"}
,{"stream_name":"stdout","time":96.817290379,"data":"/usr/local/lib/python3.12/site-packages/jax/_src/cloud_tpu_init.py:88: UserWarning: Transparent hugepages are not enabled. TPU runtime startup and shutdown time should be significantly improved on TPU v5e and newer. If not already set, you may need to enable transparent hugepages in your VM image (sudo sh -c \"echo always \u003e /sys/kernel/mm/transparent_hugepage/enabled\")\r\n"}
,{"stream_name":"stdout","time":96.817325949,"data":"  warnings.warn(\r\n"}
,{"stream_name":"stdout","time":104.842466648,"data":"WARNING: Logging before InitGoogle() is written to STDERR\r\n"}
,{"stream_name":"stdout","time":104.842508298,"data":"E0000 00:00:1790714944.316030      92 common_lib.cc:648] Could not set metric server port: INVALID_ARGUMENT: Could not find SliceBuilder port 8471 in any of the 0 ports provided in `tpu_process_addresses`=\"local\"\r\n"}
,{"stream_name":"stdout","time":104.842516348,"data":"=== Source Location Trace: ===\r\n"}
,{"stream_name":"stdout","time":104.842521268,"data":"learning/45eac/tfrc/runtime/common_lib.cc:238\r\n"}
,{"stream_name":"stdout","time":113.999071383,"data":"0.10.2 [TpuDevice(id=0, process_index=0, coords=(0,0,0), core_on_chip=0), TpuDevice(id=1, process_index=0, coords=(1,0,0), core_on_chip=0), TpuDevice(id=2, process_index=0, coords=(0,1,0), core_on_chip=0), TpuDevice(id=3, process_index=0, coords=(1,1,0), core_on_chip=0), TpuDevice(id=4, process_index=0, coords=(0,2,0), core_on_chip=0), TpuDevice(id=5, process_index=0, coords=(1,2,0), core_on_chip=0), TpuDevice(id=6, process_index=0, coords=(0,3,0), core_on_chip=0), TpuDevice(id=7, process_index=0, coords=(1,3,0), core_on_chip=0)]\r\n"}
,{"stream_name":"stdout","time":118.958503521,"data":"config: {'BATCH': 128, 'STEPS': 32000, 'EVAL_EVERY': 1000, 'EVAL_CHARS': 526000, 'OUT': '/kaggle/working/m100.llg', 'CKPT': '/kaggle/working/m100.state.npz', 'MAX_SECONDS': 30600}\n"}
,{"stream_name":"stdout","time":119.164362433,"data":"/usr/local/lib/python3.12/site-packages/jax/_src/cloud_tpu_init.py:88: UserWarning: Transparent hugepages are not enabled. TPU runtime startup and shutdown time should be significantly improved on TPU v5e and newer. If not already set, you may need to enable transparent hugepages in your VM image (sudo sh -c \"echo always \u003e /sys/kernel/mm/transparent_hugepage/enabled\")\n"}
,{"stream_name":"stdout","time":119.164864243,"data":"  warnings.warn(\n"}
,{"stream_name":"stdout","time":120.672510205,"data":"WARNING: Logging before InitGoogle() is written to STDERR\n"}
,{"stream_name":"stdout","time":120.673013715,"data":"E0000 00:00:1790714960.183229    1034 common_lib.cc:648] Could not set metric server port: INVALID_ARGUMENT: Could not find SliceBuilder port 8471 in any of the 0 ports provided in `tpu_process_addresses`=\"local\"\n"}
,{"stream_name":"stdout","time":120.673375295,"data":"=== Source Location Trace: ===\n"}
,{"stream_name":"stdout","time":120.673768704,"data":"learning/45eac/tfrc/runtime/common_lib.cc:238\n"}
,{"stream_name":"stdout","time":131.171294328,"data":"config {'vocab': 16384, 'ctx': 512, 'd': 768, 'layers': 12, 'heads': 12} params 98032128 batch 128 steps 32000 lr 0.0006 init '' qat '' train 2249M dispositivos 8xtpu\n"}
,{"stream_name":"stdout","time":213.435899411,"data":"step      1 loss 9.9095 ema 9.9095 bpc~3.764 gnorm 13.92 lr 6.00e-07 tok/s 807 t 81s\n"}
,{"stream_name":"stdout","time":218.891827869,"data":"step     50 loss 7.8869 ema 8.6235 bpc~3.276 gnorm 1.44 lr 3.00e-05 tok/s 37818 t 87s\n"}
,{"stream_name":"stdout","time":224.485263342,"data":"step    100 loss 6.8899 ema 7.5212 bpc~2.857 gnorm 1.00 lr 6.00e-05 tok/s 71050 t 92s\n"}
,{"stream_name":"stdout","time":230.045345197,"data":"step    150 loss 6.3485 ema 6.7755 bpc~2.574 gnorm 1.32 lr 9.00e-05 tok/s 100516 t 98s\n"}
,{"stream_name":"stdout","time":235.592680674,"data":"step    200 loss 5.9916 ema 6.2771 bpc~2.384 gnorm 1.22 lr 1.20e-04 tok/s 126827 t 103s\n"}
,{"stream_name":"stdout","time":241.203752397,"data":"step    250 loss 5.7522 ema 5.9434 bpc~2.258 gnorm 1.30 lr 1.50e-04 tok/s 150370 t 109s\n"}
,{"stream_name":"stdout","time":246.850862184,"data":"step    300 loss 5.5918 ema 5.7198 bpc~2.173 gnorm 1.13 lr 1.80e-04 tok/s 171555 t 115s\n"}
,{"stream_name":"stdout","time":252.264359063,"data":"step    350 loss 5.4656 ema 5.5582 bpc~2.111 gnorm 1.14 lr 2.10e-04 tok/s 191117 t 120s\n"}
,{"stream_name":"stdout","time":257.800889851,"data":"step    400 loss 5.2445 ema 5.3588 bpc~2.036 gnorm 1.02 lr 2.40e-04 tok/s 208788 t 126s\n"}
,{"stream_name":"stdout","time":263.356165447,"data":"step    450 loss 5.0953 ema 5.1912 bpc~1.972 gnorm 1.01 lr 2.70e-04 tok/s 224934 t 131s\n"}
,{"stream_name":"stdout","time":268.937429076,"data":"step    500 loss 4.9655 ema 5.0477 bpc~1.917 gnorm 1.10 lr 3.00e-04 tok/s 239722 t 137s\n"}
,{"stream_name":"stdout","time":274.459140368,"data":"step    550 loss 4.8721 ema 4.9361 bpc~1.875 gnorm 1.23 lr 3.30e-04 tok/s 253455 t 142s\n"}
,{"stream_name":"stdout","time":279.865951416,"data":"step    600 loss 4.6939 ema 4.7821 bpc~1.817 gnorm 1.10 lr 3.60e-04 tok/s 266373 t 148s\n"}
,{"stream_name":"stdout","time":285.304855896,"data":"step    650 loss 4.7156 ema 4.7398 bpc~1.800 gnorm 1.12 lr 3.90e-04 tok/s 278313 t 153s\n"}
,{"stream_name":"stdout","time":290.839264456,"data":"step    700 loss 4.4764 ema 4.5723 bpc~1.737 gnorm 0.91 lr 4.20e-04 tok/s 289263 t 159s\n"}
,{"stream_name":"stdout","time":296.298043152,"data":"step    750 loss 4.4922 ema 4.5214 bpc~1.717 gnorm 0.74 lr 4.50e-04 tok/s 299612 t 164s\n"}
,{"stream_name":"stdout","time":301.790515207,"data":"step    800 loss 4.4372 ema 4.4678 bpc~1.697 gnorm 0.74 lr 4.80e-04 tok/s 309233 t 170s\n"}
,{"stream_name":"stdout","time":307.280055811,"data":"step    850 loss 4.3361 ema 4.3841 bpc~1.665 gnorm 0.72 lr 5.10e-04 tok/s 318255 t 175s\n"}
,{"stream_name":"stdout","time":312.816387514,"data":"step    900 loss 4.2023 ema 4.2685 bpc~1.621 gnorm 0.82 lr 5.40e-04 tok/s 326648 t 181s\n"}
,{"stream_name":"stdout","time":318.365041864,"data":"step    950 loss 4.1390 ema 4.1862 bpc~1.590 gnorm 0.76 lr 5.70e-04 tok/s 334512 t 186s\n"}
,{"stream_name":"stdout","time":323.725293662,"data":"step   1000 loss 3.9993 ema 4.0673 bpc~1.545 gnorm 0.67 lr 6.00e-04 tok/s 342261 t 191s\n"}
,{"stream_name":"stdout","time":336.744011856,"data":"EVAL step 1000 valid_loss 3.8780 valid_bpc 1.4731 *guardado\n"}
,{"stream_name":"stdout","time":342.166153402,"data":"step   1050 loss 3.9752 ema 4.0087 bpc~1.523 gnorm 0.65 lr 6.00e-04 tok/s 327804 t 210s\n"}
,{"stream_name":"stdout","time":347.764630633,"data":"step   1100 loss 3.9291 ema 3.9581 bpc~1.504 gnorm 0.58 lr 6.00e-04 tok/s 334497 t 216s\n"}
,{"stream_name":"stdout","time":353.302170825,"data":"step   1150 loss 3.9497 ema 3.9528 bpc~1.502 gnorm 0.73 lr 6.00e-04 tok/s 340937 t 221s\n"}
,{"stream_name":"stdout","time":358.765144143,"data":"step   1200 loss 3.8590 ema 3.8931 bpc~1.479 gnorm 0.55 lr 6.00e-04 tok/s 347182 t 227s\n"}
,{"stream_name":"stdout","time":364.25909694,"data":"step   1250 loss 3.8471 ema 3.8638 bpc~1.468 gnorm 0.53 lr 6.00e-04 tok/s 353084 t 232s\n"}
,{"stream_name":"stdout","time":369.89632556,"data":"step   1300 loss 3.7642 ema 3.8005 bpc~1.444 gnorm 0.50 lr 6.00e-04 tok/s 358496 t 238s\n"}
,{"stream_name":"stdout","time":375.535083299,"data":"step   1350 loss 3.7476 ema 3.7668 bpc~1.431 gnorm 0.50 lr 6.00e-04 tok/s 363655 t 243s\n"}
,{"stream_name":"stdout","time":381.058749602,"data":"step   1400 loss 3.6648 ema 3.7020 bpc~1.406 gnorm 0.48 lr 6.00e-04 tok/s 368756 t 249s\n"}
,{"stream_name":"stdout","time":386.468849739,"data":"step   1450 loss 3.6704 ema 3.6819 bpc~1.399 gnorm 0.45 lr 6.00e-04 tok/s 373794 t 254s\n"}
,{"stream_name":"stdout","time":392.053628299,"data":"step   1500 loss 3.7197 ema 3.7059 bpc~1.408 gnorm 0.43 lr 6.00e-04 tok/s 378372 t 260s\n"}
,{"stream_name":"stdout","time":397.606698904,"data":"step   1550 loss 3.7548 ema 3.7370 bpc~1.420 gnorm 0.47 lr 6.00e-04 tok/s 382802 t 265s\n"}
,{"stream_name":"stdout","time":403.131519114,"data":"step   1600 loss 3.7015 ema 3.7144 bpc~1.411 gnorm 0.46 lr 6.00e-04 tok/s 387091 t 271s\n"}
,{"stream_name":"stdout","time":408.598034984,"data":"step   1650 loss 3.5897 ema 3.6351 bpc~1.381 gnorm 0.41 lr 5.99e-04 tok/s 391292 t 276s\n"}
,{"stream_name":"stdout","time":414.214983747,"data":"step   1700 loss 3.6467 ema 3.6425 bpc~1.384 gnorm 0.42 lr 5.99e-04 tok/s 395123 t 282s\n"}
,{"stream_name":"stdout","time":419.795613827,"data":"step   1750 loss 3.5850 ema 3.6059 bpc~1.370 gnorm 0.45 lr 5.99e-04 tok/s 398846 t 288s\n"}
,{"stream_name":"stdout","time":425.264988647,"data":"step   1800 loss 3.5140 ema 3.5475 bpc~1.348 gnorm 0.41 lr 5.99e-04 tok/s 402584 t 293s\n"}
,{"stream_name":"stdout","time":430.925628666,"data":"step   1850 loss 3.5398 ema 3.5426 bpc~1.346 gnorm 0.43 lr 5.99e-04 tok/s 405925 t 299s\n"}
,{"stream_name":"stdout","time":436.460199464,"data":"step   1900 loss 3.5208 ema 3.5287 bpc~1.340 gnorm 0.39 lr 5.99e-04 tok/s 409311 t 304s\n"}
,{"stream_name":"stdout","time":441.975657914,"data":"step   1950 loss 3.5529 ema 3.5441 bpc~1.346 gnorm 0.41 lr 5.99e-04 tok/s 412602 t 310s\n"}
,{"stream_name":"stdout","time":447.530011758,"data":"step   2000 loss 3.5169 ema 3.5268 bpc~1.340 gnorm 0.37 lr 5.99e-04 tok/s 415732 t 315s\n"}
,{"stream_name":"stdout","time":452.015742725,"data":"EVAL step 2000 valid_loss 3.3393 valid_bpc 1.2685 *guardado\n"}
,{"stream_name":"stdout","time":457.64034377,"data":"step   2050 loss 3.5054 ema 3.5132 bpc~1.335 gnorm 0.38 lr 5.98e-04 tok/s 412880 t 325s\n"}
,{"stream_name":"stdout","time":463.425428044,"data":"step   2100 loss 3.5109 ema 3.5117 bpc~1.334 gnorm 0.39 lr 5.98e-04 tok/s 415562 t 331s\n"}
,{"stream_name":"stdout","time":468.987478608,"data":"step   2150 loss 3.5287 ema 3.5225 bpc~1.338 gnorm 0.41 lr 5.98e-04 tok/s 418429 t 337s\n"}
,{"stream_name":"stdout","time":474.510565377,"data":"step   2200 loss 3.4496 ema 3.4762 bpc~1.320 gnorm 0.39 lr 5.98e-04 tok/s 421250 t 342s\n"}
,{"stream_name":"stdout","time":479.971044844,"data":"step   2250 loss 3.5546 ema 3.5260 bpc~1.339 gnorm 0.39 lr 5.98e-04 tok/s 424063 t 348s\n"}
,{"stream_name":"stdout","time":485.529209678,"data":"step   2300 loss 3.5469 ema 3.5393 bpc~1.344 gnorm 0.39 lr 5.98e-04 tok/s 426664 t 353s\n"}
,{"stream_name":"stdout","time":491.098123011,"data":"step   2350 loss 3.4478 ema 3.4811 bpc~1.322 gnorm 0.37 lr 5.97e-04 tok/s 429172 t 359s\n"}
,{"stream_name":"stdout","time":496.627472125,"data":"step   2400 loss 3.4599 ema 3.4676 bpc~1.317 gnorm 0.39 lr 5.97e-04 tok/s 431652 t 364s\n"}
,{"stream_name":"stdout","time":502.157624961,"data":"step   2450 loss 3.4417 ema 3.4512 bpc~1.311 gnorm 0.39 lr 5.97e-04 tok/s 434058 t 370s\n"}
,{"stream_name":"stdout","time":507.737931441,"data":"step   2500 loss 3.4395 ema 3.4438 bpc~1.308 gnorm 0.38 lr 5.97e-04 tok/s 436334 t 375s\n"}
,{"stream_name":"stdout","time":513.246723801,"data":"step   2550 loss 3.4006 ema 3.4163 bpc~1.298 gnorm 0.37 lr 5.97e-04 tok/s 438630 t 381s\n"}
,{"stream_name":"stdout","time":518.746260742,"data":"step   2600 loss 3.4194 ema 3.4183 bpc~1.298 gnorm 0.39 lr 5.96e-04 tok/s 440862 t 387s\n"}
,{"stream_name":"stdout","time":524.261995341,"data":"step   2650 loss 3.4716 ema 3.4522 bpc~1.311 gnorm 0.39 lr 5.96e-04 tok/s 443018 t 392s\n"}
,{"stream_name":"stdout","time":529.852836258,"data":"step   2700 loss 3.3168 ema 3.3661 bpc~1.279 gnorm 0.36 lr 5.96e-04 tok/s 445030 t 398s\n"}
,{"stream_name":"stdout","time":535.370474057,"data":"step   2750 loss 3.4266 ema 3.4046 bpc~1.293 gnorm 0.37 lr 5.96e-04 tok/s 447067 t 403s\n"}
,{"stream_name":"stdout","time":540.935693378,"data":"step   2800 loss 3.4488 ema 3.4327 bpc~1.304 gnorm 0.39 lr 5.96e-04 tok/s 448997 t 409s\n"}
,{"stream_name":"stdout","time":546.613850102,"data":"step   2850 loss 3.3765 ema 3.3970 bpc~1.290 gnorm 0.36 lr 5.95e-04 tok/s 450757 t 414s\n"}
,{"stream_name":"stdout","time":552.306257914,"data":"step   2900 loss 3.3971 ema 3.3971 bpc~1.290 gnorm 0.37 lr 5.95e-04 tok/s 452445 t 420s\n"}
,{"stream_name":"stdout","time":557.889128133,"data":"step   2950 loss 3.4187 ema 3.4108 bpc~1.296 gnorm 0.35 lr 5.95e-04 tok/s 454209 t 426s\n"}
,{"stream_name":"stdout","time":563.410275311,"data":"step   3000 loss 3.3366 ema 3.3636 bpc~1.278 gnorm 0.37 lr 5.94e-04 tok/s 455994 t 431s\n"}
,{"stream_name":"stdout","time":567.87609445,"data":"EVAL step 3000 valid_loss 3.1672 valid_bpc 1.2031 *guardado\n"}
,{"stream_name":"stdout","time":573.302418303,"data":"step   3050 loss 3.3845 ema 3.3769 bpc~1.283 gnorm 0.36 lr 5.94e-04 tok/s 453195 t 441s\n"}
,{"stream_name":"stdout","time":579.071820353,"data":"step   3100 loss 3.4034 ema 3.3938 bpc~1.289 gnorm 0.37 lr 5.94e-04 tok/s 454681 t 447s\n"}
,{"stream_name":"stdout","time":584.823525546,"data":"step   3150 loss 3.3478 ema 3.3646 bpc~1.278 gnorm 0.36 lr 5.94e-04 tok/s 456139 t 453s\n"}
,{"stream_name":"stdout","time":590.382747799,"data":"step   3200 loss 3.2943 ema 3.3199 bpc~1.261 gnorm 0.37 lr 5.93e-04 tok/s 457756 t 458s\n"}
,{"stream_name":"stdout","time":595.87883959,"data":"step   3250 loss 3.4090 ema 3.3766 bpc~1.283 gnorm 0.36 lr 5.93e-04 tok/s 459398 t 464s\n"}
,{"stream_name":"stdout","time":601.297285624,"data":"step   3300 loss 3.2308 ema 3.2839 bpc~1.247 gnorm 0.39 lr 5.93e-04 tok/s 461077 t 469s\n"}
,{"stream_name":"stdout","time":606.830488601,"data":"step   3350 loss 3.3561 ema 3.3298 bpc~1.265 gnorm 0.37 lr 5.92e-04 tok/s 462605 t 475s\n"}
,{"stream_name":"stdout","time":612.304358126,"data":"step   3400 loss 3.3474 ema 3.3410 bpc~1.269 gnorm 0.37 lr 5.92e-04 tok/s 464161 t 480s\n"}
,{"stream_name":"stdout","time":617.801275087,"data":"step   3450 loss 3.3597 ema 3.3529 bpc~1.274 gnorm 0.34 lr 5.92e-04 tok/s 465650 t 486s\n"}
,{"stream_name":"stdout","time":623.358848417,"data":"step   3500 loss 3.3017 ema 3.3204 bpc~1.261 gnorm 0.35 lr 5.91e-04 tok/s 467053 t 491s\n"}
,{"stream_name":"stdout","time":628.841269797,"data":"step   3550 loss 3.4059 ema 3.3748 bpc~1.282 gnorm 0.34 lr 5.91e-04 tok/s 468495 t 497s\n"}
,{"stream_name":"stdout","time":634.343557014,"data":"step   3600 loss 3.3391 ema 3.3521 bpc~1.273 gnorm 0.35 lr 5.91e-04 tok/s 469888 t 502s\n"}
,{"stream_name":"stdout","time":639.852485351,"data":"step   3650 loss 3.3397 ema 3.3442 bpc~1.270 gnorm 0.34 lr 5.90e-04 tok/s 471243 t 508s\n"}
,{"stream_name":"stdout","time":645.428035129,"data":"step   3700 loss 3.3287 ema 3.3343 bpc~1.267 gnorm 0.33 lr 5.90e-04 tok/s 472513 t 513s\n"}
,{"stream_name":"stdout","time":650.983217301,"data":"step   3750 loss 3.2496 ema 3.2805 bpc~1.246 gnorm 0.34 lr 5.90e-04 tok/s 473766 t 519s\n"}
,{"stream_name":"stdout","time":656.528746673,"data":"step   3800 loss 3.3705 ema 3.3377 bpc~1.268 gnorm 0.36 lr 5.89e-04 tok/s 475004 t 524s\n"}
,{"stream_name":"stdout","time":662.168739724,"data":"step   3850 loss 3.3218 ema 3.3276 bpc~1.264 gnorm 0.33 lr 5.89e-04 tok/s 476133 t 530s\n"}
,{"stream_name":"stdout","time":667.759246482,"data":"step   3900 loss 3.2640 ema 3.2871 bpc~1.249 gnorm 0.35 lr 5.88e-04 tok/s 477281 t 536s\n"}
,{"stream_name":"stdout","time":673.313317242,"data":"step   3950 loss 3.2430 ema 3.2591 bpc~1.238 gnorm 0.36 lr 5.88e-04 tok/s 478438 t 541s\n"}
,{"stream_name":"stdout","time":678.81053147,"data":"step   4000 loss 3.2783 ema 3.2713 bpc~1.243 gnorm 0.34 lr 5.88e-04 tok/s 479626 t 547s\n"}
,{"stream_name":"stdout","time":683.266599332,"data":"EVAL step 4000 valid_loss 3.0732 valid_bpc 1.1674 *guardado\n"}
,{"stream_name":"stdout","time":688.790186157,"data":"step   4050 loss 3.3744 ema 3.3369 bpc~1.268 gnorm 0.34 lr 5.87e-04 tok/s 476908 t 557s\n"}
,{"stream_name":"stdout","time":694.347060168,"data":"step   4100 loss 3.2446 ema 3.2782 bpc~1.245 gnorm 0.35 lr 5.87e-04 tok/s 478023 t 562s\n"}
,{"stream_name":"stdout","time":699.906722779,"data":"step   4150 loss 3.2150 ema 3.2380 bpc~1.230 gnorm 0.35 lr 5.86e-04 tok/s 479114 t 568s\n"}
,{"stream_name":"stdout","time":705.391461288,"data":"step   4200 loss 3.2809 ema 3.2653 bpc~1.240 gnorm 0.36 lr 5.86e-04 tok/s 480246 t 573s\n"}
,{"stream_name":"stdout","time":710.901114245,"data":"step   4250 loss 3.2379 ema 3.2479 bpc~1.234 gnorm 0.35 lr 5.85e-04 tok/s 481341 t 579s\n"}
,{"stream_name":"stdout","time":716.446218987,"data":"step   4300 loss 3.2346 ema 3.2394 bpc~1.231 gnorm 0.33 lr 5.85e-04 tok/s 482377 t 584s\n"}
,{"stream_name":"stdout","time":721.909449549,"data":"step   4350 loss 3.1792 ema 3.2011 bpc~1.216 gnorm 0.35 lr 5.85e-04 tok/s 483464 t 590s\n"}
,{"stream_name":"stdout","time":727.38290974,"data":"step   4400 loss 3.3392 ema 3.2889 bpc~1.249 gnorm 0.33 lr 5.84e-04 tok/s 484524 t 595s\n"}
,{"stream_name":"stdout","time":732.937703511,"data":"step   4450 loss 3.1882 ema 3.2249 bpc~1.225 gnorm 0.33 lr 5.84e-04 tok/s 485498 t 601s\n"}
,{"stream_name":"stdout","time":738.490286633,"data":"step   4500 loss 3.2160 ema 3.2193 bpc~1.223 gnorm 0.33 lr 5.83e-04 tok/s 486457 t 606s\n"}
,{"stream_name":"stdout","time":743.987568291,"data":"step   4550 loss 3.2532 ema 3.2408 bpc~1.231 gnorm 0.34 lr 5.83e-04 tok/s 487446 t 612s\n"}
,{"stream_name":"stdout","time":749.494421448,"data":"step   4600 loss 3.1769 ema 3.2002 bpc~1.216 gnorm 0.33 lr 5.82e-04 tok/s 488402 t 617s\n"}
,{"stream_name":"stdout","time":754.938068411,"data":"step   4650 loss 3.2498 ema 3.2317 bpc~1.228 gnorm 0.33 lr 5.82e-04 tok/s 489395 t 623s\n"}
,{"stream_name":"stdout","time":760.504436533,"data":"step   4700 loss 3.2659 ema 3.2534 bpc~1.236 gnorm 0.34 lr 5.81e-04 tok/s 490274 t 628s\n"}
,{"stream_name":"stdout","time":765.984040575,"data":"step   4750 loss 3.2055 ema 3.2229 bpc~1.224 gnorm 0.34 lr 5.81e-04 tok/s 491206 t 634s\n"}
,{"stream_name":"stdout","time":771.373721587,"data":"step   4800 loss 3.2146 ema 3.2177 bpc~1.222 gnorm 0.34 lr 5.80e-04 tok/s 492191 t 639s\n"}
,{"stream_name":"stdout","time":776.947059038,"data":"step   4850 loss 3.2328 ema 3.2273 bpc~1.226 gnorm 0.34 lr 5.80e-04 tok/s 493063 t 645s\n"}
,{"stream_name":"stdout","time":782.445829778,"data":"step   4900 loss 3.1355 ema 3.1689 bpc~1.204 gnorm 0.34 lr 5.79e-04 tok/s 493888 t 650s\n"}
,{"stream_name":"stdout","time":788.042630226,"data":"step   4950 loss 3.2410 ema 3.2148 bpc~1.221 gnorm 0.33 lr 5.79e-04 tok/s 494670 t 656s\n"}
,{"stream_name":"stdout","time":793.608096247,"data":"step   5000 loss 3.1134 ema 3.1503 bpc~1.197 gnorm 0.33 lr 5.78e-04 tok/s 495462 t 661s\n"}
,{"stream_name":"stdout","time":798.106629663,"data":"EVAL step 5000 valid_loss 3.0070 valid_bpc 1.1422 *guardado\n"}
,{"stream_name":"stdout","time":803.63239711,"data":"step   5050 loss 3.1855 ema 3.1727 bpc~1.205 gnorm 0.32 lr 5.78e-04 tok/s 492945 t 671s\n"}
,{"stream_name":"stdout","time":809.303238719,"data":"step   5100 loss 3.1835 ema 3.1795 bpc~1.208 gnorm 0.33 lr 5.77e-04 tok/s 493661 t 677s\n"}
,{"stream_name":"stdout","time":814.963387,"data":"step   5150 loss 3.2399 ema 3.2179 bpc~1.222 gnorm 0.34 lr 5.76e-04 tok/s 494363 t 683s\n"}
,{"stream_name":"stdout","time":820.570967337,"data":"step   5200 loss 3.1872 ema 3.1984 bpc~1.215 gnorm 0.33 lr 5.76e-04 tok/s 495096 t 688s\n"}
,{"stream_name":"stdout","time":826.255917906,"data":"step   5250 loss 3.0588 ema 3.1096 bpc~1.181 gnorm 0.33 lr 5.75e-04 tok/s 495762 t 694s\n"}
,{"stream_name":"stdout","time":831.993296707,"data":"step   5300 loss 3.2263 ema 3.1838 bpc~1.209 gnorm 0.32 lr 5.75e-04 tok/s 496380 t 700s\n"}
,{"stream_name":"stdout","time":837.493794086,"data":"step   5350 loss 3.2100 ema 3.2004 bpc~1.216 gnorm 0.34 lr 5.74e-04 tok/s 497155 t 705s\n"}
,{"stream_name":"stdout","time":843.0410021,"data":"step   5400 loss 3.2380 ema 3.2243 bpc~1.225 gnorm 0.34 lr 5.74e-04 tok/s 497889 t 711s\n"}
,{"stream_name":"stdout","time":848.572927325,"data":"step   5450 loss 3.1800 ema 3.1961 bpc~1.214 gnorm 0.34 lr 5.73e-04 tok/s 498615 t 716s\n"}
,{"stream_name":"stdout","time":854.092311153,"data":"step   5500 loss 3.1649 ema 3.1763 bpc~1.207 gnorm 0.32 lr 5.72e-04 tok/s 499342 t 722s\n"}
,{"stream_name":"stdout","time":859.677641642,"data":"step   5550 loss 3.1919 ema 3.1862 bpc~1.210 gnorm 0.32 lr 5.72e-04 tok/s 500012 t 727s\n"}
,{"stream_name":"stdout","time":865.169427912,"data":"step   5600 loss 3.2144 ema 3.2042 bpc~1.217 gnorm 0.33 lr 5.71e-04 tok/s 500737 t 733s\n"}
,{"stream_name":"stdout","time":870.802884496,"data":"step   5650 loss 3.1499 ema 3.1697 bpc~1.204 gnorm 0.34 lr 5.71e-04 tok/s 501354 t 739s\n"}
,{"stream_name":"stdout","time":876.461224447,"data":"step   5700 loss 3.1417 ema 3.1519 bpc~1.197 gnorm 0.32 lr 5.70e-04 tok/s 501949 t 744s\n"}
,{"stream_name":"stdout","time":882.138830184,"data":"step   5750 loss 3.0818 ema 3.1073 bpc~1.180 gnorm 0.32 lr 5.69e-04 tok/s 502514 t 750s\n"}
,{"stream_name":"stdout","time":887.76680691,"data":"step   5800 loss 3.1339 ema 3.1242 bpc~1.187 gnorm 0.32 lr 5.69e-04 tok/s 503108 t 756s\n"}
,{"stream_name":"stdout","time":893.317582726,"data":"step   5850 loss 3.2215 ema 3.1861 bpc~1.210 gnorm 0.33 lr 5.68e-04 tok/s 503744 t 761s\n"}
,{"stream_name":"stdout","time":898.819175467,"data":"step   5900 loss 3.0698 ema 3.1121 bpc~1.182 gnorm 0.33 lr 5.67e-04 tok/s 504403 t 767s\n"}
,{"stream_name":"stdout","time":904.375225792,"data":"step   5950 loss 3.0893 ema 3.0976 bpc~1.177 gnorm 0.34 lr 5.67e-04 tok/s 505018 t 772s\n"}
,{"stream_name":"stdout","time":910.027780365,"data":"step   6000 loss 3.1575 ema 3.1357 bpc~1.191 gnorm 0.32 lr 5.66e-04 tok/s 505565 t 778s\n"}
,{"stream_name":"stdout","time":914.476985525,"data":"EVAL step 6000 valid_loss 2.9616 valid_bpc 1.1250 *guardado\n"}
,{"stream_name":"stdout","time":920.191437072,"data":"step   6050 loss 3.1976 ema 3.1751 bpc~1.206 gnorm 0.34 lr 5.65e-04 tok/s 503198 t 788s\n"}
,{"stream_name":"stdout","time":925.668697126,"data":"step   6100 loss 3.0797 ema 3.1144 bpc~1.183 gnorm 0.32 lr 5.65e-04 tok/s 503854 t 793s\n"}
,{"stream_name":"stdout","time":931.220176592,"data":"step   6150 loss 3.1947 ema 3.1654 bpc~1.202 gnorm 0.32 lr 5.64e-04 tok/s 504455 t 799s\n"}
,{"stream_name":"stdout","time":936.733066881,"data":"step   6200 loss 3.2730 ema 3.2338 bpc~1.228 gnorm 0.32 lr 5.63e-04 tok/s 505071 t 804s\n"}
,{"stream_name":"stdout","time":942.237293111,"data":"step   6250 loss 3.0948 ema 3.1454 bpc~1.195 gnorm 0.32 lr 5.63e-04 tok/s 505689 t 810s\n"}
,{"stream_name":"stdout","time":947.75919113,"data":"step   6300 loss 3.1487 ema 3.1475 bpc~1.196 gnorm 0.34 lr 5.62e-04 tok/s 506278 t 816s\n"}
,{"stream_name":"stdout","time":953.176700861,"data":"step   6350 loss 3.2269 ema 3.1980 bpc~1.215 gnorm 0.34 lr 5.61e-04 tok/s 506929 t 821s\n"}
,{"stream_name":"stdout","time":958.680442881,"data":"step   6400 loss 3.1649 ema 3.1769 bpc~1.207 gnorm 0.33 lr 5.61e-04 tok/s 507518 t 826s\n"}
,{"stream_name":"stdout","time":964.165093864,"data":"step   6450 loss 3.0108 ema 3.0713 bpc~1.167 gnorm 0.33 lr 5.60e-04 tok/s 508111 t 832s\n"}
,{"stream_name":"stdout","time":969.674108284,"data":"step   6500 loss 3.1510 ema 3.1220 bpc~1.186 gnorm 0.32 lr 5.59e-04 tok/s 508681 t 837s\n"}
,{"stream_name":"stdout","time":975.156629417,"data":"step   6550 loss 3.1518 ema 3.1410 bpc~1.193 gnorm 0.32 lr 5.58e-04 tok/s 509264 t 843s\n"}
,{"stream_name":"stdout","time":980.856191236,"data":"step   6600 loss 3.1274 ema 3.1323 bpc~1.190 gnorm 0.31 lr 5.58e-04 tok/s 509701 t 849s\n"}
,{"stream_name":"stdout","time":986.488003442,"data":"step   6650 loss 3.1634 ema 3.1521 bpc~1.197 gnorm 0.34 lr 5.57e-04 tok/s 510177 t 854s\n"}
,{"stream_name":"stdout","time":992.050230506,"data":"step   6700 loss 3.1516 ema 3.1518 bpc~1.197 gnorm 0.33 lr 5.56e-04 tok/s 510688 t 860s\n"}
,{"stream_name":"stdout","time":997.764911743,"data":"step   6750 loss 3.0678 ema 3.0984 bpc~1.177 gnorm 0.35 lr 5.55e-04 tok/s 511101 t 866s\n"}
,{"stream_name":"stdout","time":1003.47961593,"data":"step   6800 loss 3.1296 ema 3.1182 bpc~1.184 gnorm 0.32 lr 5.55e-04 tok/s 511510 t 871s\n"}
,{"stream_name":"stdout","time":1009.052277553,"data":"step   6850 loss 3.0924 ema 3.1018 bpc~1.178 gnorm 0.31 lr 5.54e-04 tok/s 512000 t 877s\n"}
,{"stream_name":"stdout","time":1014.517986155,"data":"step   6900 loss 3.1094 ema 3.1067 bpc~1.180 gnorm 0.31 lr 5.53e-04 tok/s 512538 t 882s\n"}
,{"stream_name":"stdout","time":1020.247299482,"data":"step   6950 loss 3.1057 ema 3.1060 bpc~1.180 gnorm 0.32 lr 5.52e-04 tok/s 512922 t 888s\n"}
,{"stream_name":"stdout","time":1025.783594039,"data":"step   7000 loss 3.1066 ema 3.1064 bpc~1.180 gnorm 0.33 lr 5.52e-04 tok/s 513411 t 894s\n"}
,{"stream_name":"stdout","time":1030.244217201,"data":"EVAL step 7000 valid_loss 2.9240 valid_bpc 1.1107 *guardado\n"}
,{"stream_name":"stdout","time":1035.86246881,"data":"step   7050 loss 3.0027 ema 3.0404 bpc~1.155 gnorm 0.33 lr 5.51e-04 tok/s 511310 t 904s\n"}
,{"stream_name":"stdout","time":1041.622877515,"data":"step   7100 loss 3.1784 ema 3.1282 bpc~1.188 gnorm 0.32 lr 5.50e-04 tok/s 511679 t 909s\n"}
,{"stream_name":"stdout","time":1047.437342954,"data":"step   7150 loss 3.0938 ema 3.1063 bpc~1.180 gnorm 0.33 lr 5.49e-04 tok/s 512005 t 915s\n"}
,{"stream_name":"stdout","time":1053.181438301,"data":"step   7200 loss 3.1441 ema 3.1303 bpc~1.189 gnorm 0.32 lr 5.48e-04 tok/s 512369 t 921s\n"}
,{"stream_name":"stdout","time":1058.931352746,"data":"step   7250 loss 3.0542 ema 3.0819 bpc~1.171 gnorm 0.32 lr 5.48e-04 tok/s 512726 t 927s\n"}
,{"stream_name":"stdout","time":1064.579251542,"data":"step   7300 loss 3.0960 ema 3.0909 bpc~1.174 gnorm 0.32 lr 5.47e-04 tok/s 513135 t 932s\n"}
,{"stream_name":"stdout","time":1070.079631152,"data":"step   7350 loss 3.1672 ema 3.1394 bpc~1.193 gnorm 0.34 lr 5.46e-04 tok/s 513619 t 938s\n"}
,{"stream_name":"stdout","time":1075.657288225,"data":"step   7400 loss 3.1113 ema 3.1215 bpc~1.186 gnorm 0.33 lr 5.45e-04 tok/s 514060 t 943s\n"}
,{"stream_name":"stdout","time":1081.240960767,"data":"step   7450 loss 3.0937 ema 3.1038 bpc~1.179 gnorm 0.31 lr 5.44e-04 tok/s 514484 t 949s\n"}
,{"stream_name":"stdout","time":1086.655127996,"data":"step   7500 loss 3.1606 ema 3.1399 bpc~1.193 gnorm 0.33 lr 5.44e-04 tok/s 514999 t 954s\n"}
,{"stream_name":"stdout","time":1092.241529128,"data":"step   7550 loss 3.1358 ema 3.1373 bpc~1.192 gnorm 0.33 lr 5.43e-04 tok/s 515415 t 960s\n"}
,{"stream_name":"stdout","time":1097.800420332,"data":"step   7600 loss 3.0668 ema 3.0924 bpc~1.175 gnorm 0.33 lr 5.42e-04 tok/s 515842 t 966s\n"}
,{"stream_name":"stdout","time":1103.258746316,"data":"step   7650 loss 3.1003 ema 3.0974 bpc~1.177 gnorm 0.32 lr 5.41e-04 tok/s 516317 t 971s\n"}
,{"stream_name":"stdout","time":1108.796792093,"data":"step   7700 loss 3.0673 ema 3.0783 bpc~1.169 gnorm 0.32 lr 5.40e-04 tok/s 516748 t 977s\n"}
,{"stream_name":"stdout","time":1114.349258088,"data":"step   7750 loss 2.9678 ema 3.0080 bpc~1.143 gnorm 0.32 lr 5.39e-04 tok/s 517159 t 982s\n"}
,{"stream_name":"stdout","time":1119.874346186,"data":"step   7800 loss 3.1116 ema 3.0739 bpc~1.168 gnorm 0.36 lr 5.38e-04 tok/s 517584 t 988s\n"}
,{"stream_name":"stdout","time":1125.410515093,"data":"step   7850 loss 3.0661 ema 3.0690 bpc~1.166 gnorm 0.32 lr 5.38e-04 tok/s 517998 t 993s\n"}
,{"stream_name":"stdout","time":1131.000782594,"data":"step   7900 loss 3.0735 ema 3.0718 bpc~1.167 gnorm 0.32 lr 5.37e-04 tok/s 518380 t 999s\n"}
,{"stream_name":"stdout","time":1136.614133103,"data":"step   7950 loss 3.0227 ema 3.0406 bpc~1.155 gnorm 0.34 lr 5.36e-04 tok/s 518745 t 1004s\n"}
,{"stream_name":"stdout","time":1142.198914855,"data":"step   8000 loss 3.0558 ema 3.0503 bpc~1.159 gnorm 0.33 lr 5.35e-04 tok/s 519125 t 1010s\n"}
,{"stream_name":"stdout","time":1146.648771443,"data":"EVAL step 8000 valid_loss 2.8915 valid_bpc 1.0984 *guardado\n"}
,{"stream_name":"stdout","time":1152.225183725,"data":"step   8050 loss 3.1197 ema 3.0944 bpc~1.175 gnorm 0.34 lr 5.34e-04 tok/s 517231 t 1020s\n"}
,{"stream_name":"stdout","time":1157.800706975,"data":"step   8100 loss 3.1053 ema 3.1013 bpc~1.178 gnorm 0.32 lr 5.33e-04 tok/s 517614 t 1026s\n"}
,{"stream_name":"stdout","time":1165.690862473,"data":"step   8150 loss 3.0384 ema 3.0613 bpc~1.163 gnorm 0.31 lr 5.32e-04 tok/s 517975 t 1031s\n"}
,{"stream_name":"stdout","time":1169.182956379,"data":"step   8200 loss 3.0635 ema 3.0627 bpc~1.163 gnorm 0.33 lr 5.31e-04 tok/s 518252 t 1037s\n"}
,{"stream_name":"stdout","time":1174.749406991,"data":"step   8250 loss 3.0568 ema 3.0590 bpc~1.162 gnorm 0.32 lr 5.30e-04 tok/s 518632 t 1042s\n"}
,{"stream_name":"stdout","time":1180.287618435,"data":"step   8300 loss 3.0233 ema 3.0363 bpc~1.153 gnorm 0.35 lr 5.29e-04 tok/s 519014 t 1048s\n"}
,{"stream_name":"stdout","time":1186.00003133,"data":"step   8350 loss 3.0960 ema 3.0742 bpc~1.168 gnorm 0.32 lr 5.28e-04 tok/s 519310 t 1054s\n"}
,{"stream_name":"stdout","time":1191.601934861,"data":"step   8400 loss 3.1053 ema 3.0940 bpc~1.175 gnorm 0.30 lr 5.28e-04 tok/s 519657 t 1059s\n"}
,{"stream_name":"stdout","time":1197.298066036,"data":"step   8450 loss 3.1256 ema 3.1141 bpc~1.183 gnorm 0.31 lr 5.27e-04 tok/s 519955 t 1065s\n"}
,{"stream_name":"stdout","time":1203.103933757,"data":"step   8500 loss 3.0565 ema 3.0774 bpc~1.169 gnorm 0.31 lr 5.26e-04 tok/s 520196 t 1071s\n"}
,{"stream_name":"stdout","time":1208.648453451,"data":"step   8550 loss 3.0118 ema 3.0357 bpc~1.153 gnorm 0.32 lr 5.25e-04 tok/s 520565 t 1076s\n"}
,{"stream_name":"stdout","time":1214.133333446,"data":"step   8600 loss 3.0367 ema 3.0363 bpc~1.153 gnorm 0.31 lr 5.24e-04 tok/s 520950 t 1082s\n"}
,{"stream_name":"stdout","time":1219.671083891,"data":"step   8650 loss 3.0906 ema 3.0708 bpc~1.166 gnorm 0.33 lr 5.23e-04 tok/s 521311 t 1087s\n"}
,{"stream_name":"stdout","time":1225.207744254,"data":"step   8700 loss 3.1765 ema 3.1380 bpc~1.192 gnorm 0.32 lr 5.22e-04 tok/s 521668 t 1093s\n"}
,{"stream_name":"stdout","time":1230.816846165,"data":"step   8750 loss 3.1068 ema 3.1181 bpc~1.184 gnorm 0.32 lr 5.21e-04 tok/s 521987 t 1099s\n"}
,{"stream_name":"stdout","time":1236.558820389,"data":"step   8800 loss 3.0674 ema 3.0859 bpc~1.172 gnorm 0.31 lr 5.20e-04 tok/s 522240 t 1104s\n"}
,{"stream_name":"stdout","time":1242.308930521,"data":"step   8850 loss 3.1614 ema 3.1339 bpc~1.190 gnorm 0.32 lr 5.19e-04 tok/s 522491 t 1110s\n"}
,{"stream_name":"stdout","time":1248.039857606,"data":"step   8900 loss 3.0527 ema 3.0822 bpc~1.171 gnorm 0.33 lr 5.18e-04 tok/s 522740 t 1116s\n"}
,{"stream_name":"stdout","time":1253.509320394,"data":"step   8950 loss 3.0911 ema 3.0879 bpc~1.173 gnorm 0.32 lr 5.17e-04 tok/s 523113 t 1121s\n"}
,{"stream_name":"stdout","time":1258.960843602,"data":"step   9000 loss 3.0225 ema 3.0463 bpc~1.157 gnorm 0.32 lr 5.16e-04 tok/s 523490 t 1127s\n"}
,{"stream_name":"stdout","time":1263.489335986,"data":"EVAL step 9000 valid_loss 2.8661 valid_bpc 1.0887 *guardado\n"}
,{"stream_name":"stdout","time":1268.897305656,"data":"step   9050 loss 3.1266 ema 3.0973 bpc~1.177 gnorm 0.33 lr 5.15e-04 tok/s 521796 t 1137s\n"}
,{"stream_name":"stdout","time":1274.551032994,"data":"step   9100 loss 3.0639 ema 3.0760 bpc~1.168 gnorm 0.33 lr 5.14e-04 tok/s 522087 t 1142s\n"}
,{"stream_name":"stdout","time":1280.021175671,"data":"step   9150 loss 3.0884 ema 3.0839 bpc~1.171 gnorm 0.32 lr 5.13e-04 tok/s 522449 t 1148s\n"}
,{"stream_name":"stdout","time":1285.47583482,"data":"step   9200 loss 2.9486 ema 2.9978 bpc~1.139 gnorm 0.31 lr 5.12e-04 tok/s 522819 t 1153s\n"}
,{"stream_name":"stdout","time":1290.920424187,"data":"step   9250 loss 3.0835 ema 3.0523 bpc~1.159 gnorm 0.32 lr 5.11e-04 tok/s 523191 t 1159s\n"}
,{"stream_name":"stdout","time":1296.423927354,"data":"step   9300 loss 3.0140 ema 3.0279 bpc~1.150 gnorm 0.33 lr 5.10e-04 tok/s 523532 t 1164s\n"}
,{"stream_name":"stdout","time":1301.996700376,"data":"step   9350 loss 3.0056 ema 3.0137 bpc~1.145 gnorm 0.32 lr 5.09e-04 tok/s 523839 t 1170s\n"}
,{"stream_name":"stdout","time":1307.555114608,"data":"step   9400 loss 3.0866 ema 3.0601 bpc~1.162 gnorm 0.34 lr 5.08e-04 tok/s 524154 t 1175s\n"}
,{"stream_name":"stdout","time":1313.179412458,"data":"step   9450 loss 3.1086 ema 3.0909 bpc~1.174 gnorm 0.33 lr 5.07e-04 tok/s 524428 t 1181s\n"}
,{"stream_name":"stdout","time":1318.724525631,"data":"step   9500 loss 3.0769 ema 3.0820 bpc~1.171 gnorm 0.32 lr 5.06e-04 tok/s 524739 t 1186s\n"}
,{"stream_name":"stdout","time":1324.267747735,"data":"step   9550 loss 3.0173 ema 3.0409 bpc~1.155 gnorm 0.31 lr 5.05e-04 tok/s 525048 t 1192s\n"}
,{"stream_name":"stdout","time":1329.723921332,"data":"step   9600 loss 3.0028 ema 3.0166 bpc~1.146 gnorm 0.33 lr 5.04e-04 tok/s 525392 t 1197s\n"}
,{"stream_name":"stdout","time":1335.255657597,"data":"step   9650 loss 3.1113 ema 3.0768 bpc~1.169 gnorm 0.33 lr 5.03e-04 tok/s 525700 t 1203s\n"}
,{"stream_name":"stdout","time":1340.771590202,"data":"step   9700 loss 3.0324 ema 3.0486 bpc~1.158 gnorm 0.34 lr 5.02e-04 tok/s 526016 t 1209s\n"}
,{"stream_name":"stdout","time":1346.462310818,"data":"step   9750 loss 3.0532 ema 3.0515 bpc~1.159 gnorm 0.33 lr 5.01e-04 tok/s 526246 t 1214s\n"}
,{"stream_name":"stdout","time":1352.157156094,"data":"step   9800 loss 3.0849 ema 3.0727 bpc~1.167 gnorm 0.32 lr 5.00e-04 tok/s 526475 t 1220s\n"}
,{"stream_name":"stdout","time":1357.820508552,"data":"step   9850 loss 3.0593 ema 3.0642 bpc~1.164 gnorm 0.34 lr 4.98e-04 tok/s 526716 t 1226s\n"}
,{"stream_name":"stdout","time":1363.504761788,"data":"step   9900 loss 2.9946 ema 3.0199 bpc~1.147 gnorm 0.32 lr 4.97e-04 tok/s 526945 t 1231s\n"}
,{"stream_name":"stdout","time":1369.178527282,"data":"step   9950 loss 3.0423 ema 3.0341 bpc~1.153 gnorm 0.34 lr 4.96e-04 tok/s 527178 t 1237s\n"}
,{"stream_name":"stdout","time":1374.88319854,"data":"step  10000 loss 3.0620 ema 3.0518 bpc~1.159 gnorm 0.32 lr 4.95e-04 tok/s 527398 t 1243s\n"}
,{"stream_name":"stdout","time":1379.547416788,"data":"EVAL step 10000 valid_loss 2.8428 valid_bpc 1.0799 *guardado\n"}
,{"stream_name":"stdout","time":1385.076638164,"data":"step  10050 loss 2.9966 ema 3.0167 bpc~1.146 gnorm 0.31 lr 4.94e-04 tok/s 525719 t 1253s\n"}
,{"stream_name":"stdout","time":1390.590865443,"data":"step  10100 loss 3.0551 ema 3.0411 bpc~1.155 gnorm 0.32 lr 4.93e-04 tok/s 526019 t 1258s\n"}
,{"stream_name":"stdout","time":1396.159289155,"data":"step  10150 loss 3.0043 ema 3.0177 bpc~1.146 gnorm 0.32 lr 4.92e-04 tok/s 526294 t 1264s\n"}
,{"stream_name":"stdout","time":1401.795382043,"data":"step  10200 loss 2.9753 ema 2.9907 bpc~1.136 gnorm 0.32 lr 4.91e-04 tok/s 526539 t 1270s\n"}
,{"stream_name":"stdout","time":1407.45696587,"data":"step  10250 loss 3.0093 ema 3.0025 bpc~1.141 gnorm 0.32 lr 4.90e-04 tok/s 526775 t 1275s\n"}
,{"stream_name":"stdout","time":1413.1757024,"data":"step  10300 loss 3.0994 ema 3.0641 bpc~1.164 gnorm 0.32 lr 4.89e-04 tok/s 526977 t 1281s\n"}
,{"stream_name":"stdout","time":1418.715689839,"data":"step  10350 loss 3.0217 ema 3.0371 bpc~1.154 gnorm 0.33 lr 4.88e-04 tok/s 527255 t 1286s\n"}
,{"stream_name":"stdout","time":1424.250137629,"data":"step  10400 loss 2.9912 ema 3.0079 bpc~1.143 gnorm 0.31 lr 4.86e-04 tok/s 527533 t 1292s\n"}
,{"stream_name":"stdout","time":1429.828949204,"data":"step  10450 loss 2.9904 ema 2.9968 bpc~1.138 gnorm 0.31 lr 4.85e-04 tok/s 527790 t 1298s\n"}
,{"stream_name":"stdout","time":1435.380934642,"data":"step  10500 loss 3.0899 ema 3.0560 bpc~1.161 gnorm 0.32 lr 4.84e-04 tok/s 528056 t 1303s\n"}
,{"stream_name":"stdout","time":1441.02436537,"data":"step  10550 loss 3.0259 ema 3.0369 bpc~1.154 gnorm 0.31 lr 4.83e-04 tok/s 528286 t 1309s\n"}
,{"stream_name":"stdout","time":1446.586646527,"data":"step  10600 loss 3.0284 ema 3.0315 bpc~1.152 gnorm 0.31 lr 4.82e-04 tok/s 528540 t 1314s\n"}
,{"stream_name":"stdout","time":1452.263960272,"data":"step  10650 loss 3.0822 ema 3.0638 bpc~1.164 gnorm 0.32 lr 4.81e-04 tok/s 528749 t 1320s\n"}
,{"stream_name":"stdout","time":1457.81518358,"data":"step  10700 loss 2.9990 ema 3.0226 bpc~1.148 gnorm 0.33 lr 4.80e-04 tok/s 529007 t 1326s\n"}
,{"stream_name":"stdout","time":1463.354083309,"data":"step  10750 loss 2.9273 ema 2.9620 bpc~1.125 gnorm 0.31 lr 4.79e-04 tok/s 529267 t 1331s\n"}
,{"stream_name":"stdout","time":1468.828221475,"data":"step  10800 loss 3.0897 ema 3.0432 bpc~1.156 gnorm 0.33 lr 4.77e-04 tok/s 529551 t 1337s\n"}
,{"stream_name":"stdout","time":1474.387786392,"data":"step  10850 loss 2.9645 ema 2.9931 bpc~1.137 gnorm 0.32 lr 4.76e-04 tok/s 529803 t 1342s\n"}
,{"stream_name":"stdout","time":1484.256078618,"data":"step  10900 loss 3.0593 ema 3.0352 bpc~1.153 gnorm 0.32 lr 4.75e-04 tok/s 530058 t 1348s\n"}
,{"stream_name":"stdout","time":1485.623949604,"data":"step  10950 loss 2.9699 ema 2.9937 bpc~1.137 gnorm 0.31 lr 4.74e-04 tok/s 530243 t 1353s\n"}
,{"stream_name":"stdout","time":1491.366867832,"data":"step  11000 loss 2.9979 ema 2.9964 bpc~1.138 gnorm 0.31 lr 4.73e-04 tok/s 530413 t 1359s\n"}
,{"stream_name":"stdout","time":1496.06457481,"data":"EVAL step 11000 valid_loss 2.8228 valid_bpc 1.0723 *guardado\n"}
,{"stream_name":"stdout","time":1501.648348874,"data":"step  11050 loss 2.9927 ema 2.9940 bpc~1.137 gnorm 0.31 lr 4.72e-04 tok/s 528824 t 1369s\n"}
,{"stream_name":"stdout","time":1507.286609723,"data":"step  11100 loss 3.0183 ema 3.0094 bpc~1.143 gnorm 0.31 lr 4.70e-04 tok/s 529043 t 1375s\n"}
,{"stream_name":"stdout","time":1512.945014069,"data":"step  11150 loss 3.0290 ema 3.0219 bpc~1.148 gnorm 0.31 lr 4.69e-04 tok/s 529244 t 1381s\n"}
,{"stream_name":"stdout","time":1518.580878529,"data":"step  11200 loss 3.0078 ema 3.0129 bpc~1.144 gnorm 0.34 lr 4.68e-04 tok/s 529456 t 1386s\n"}
,{"stream_name":"stdout","time":1524.262610323,"data":"step  11250 loss 2.9943 ema 3.0011 bpc~1.140 gnorm 0.31 lr 4.67e-04 tok/s 529649 t 1392s\n"}
,{"stream_name":"stdout","time":1529.810266991,"data":"step  11300 loss 3.0300 ema 3.0195 bpc~1.147 gnorm 0.32 lr 4.66e-04 tok/s 529891 t 1398s\n"}
,{"stream_name":"stdout","time":1535.381693307,"data":"step  11350 loss 3.0899 ema 3.0642 bpc~1.164 gnorm 0.33 lr 4.65e-04 tok/s 530122 t 1403s\n"}
,{"stream_name":"stdout","time":1541.093091248,"data":"step  11400 loss 3.0870 ema 3.0787 bpc~1.169 gnorm 0.32 lr 4.63e-04 tok/s 530303 t 1409s\n"}
,{"stream_name":"stdout","time":1546.851202915,"data":"step  11450 loss 3.0758 ema 3.0769 bpc~1.169 gnorm 0.33 lr 4.62e-04 tok/s 530457 t 1415s\n"}
,{"stream_name":"stdout","time":1552.555480616,"data":"step  11500 loss 2.9054 ema 2.9679 bpc~1.127 gnorm 0.32 lr 4.61e-04 tok/s 530634 t 1420s\n"}
,{"stream_name":"stdout","time":1558.136211271,"data":"step  11550 loss 3.0363 ema 3.0114 bpc~1.144 gnorm 0.33 lr 4.60e-04 tok/s 530855 t 1426s\n"}
,{"stream_name":"stdout","time":1563.731681885,"data":"step  11600 loss 2.9261 ema 2.9572 bpc~1.123 gnorm 0.32 lr 4.59e-04 tok/s 531069 t 1431s\n"}
,{"stream_name":"stdout","time":1569.391593451,"data":"step  11650 loss 3.0354 ema 3.0069 bpc~1.142 gnorm 0.34 lr 4.57e-04 tok/s 531257 t 1437s\n"}
,{"stream_name":"stdout","time":1574.977001086,"data":"step  11700 loss 3.0129 ema 3.0107 bpc~1.144 gnorm 0.32 lr 4.56e-04 tok/s 531476 t 1443s\n"}
,{"stream_name":"stdout","time":1580.511276945,"data":"step  11750 loss 2.8815 ema 2.9286 bpc~1.112 gnorm 0.33 lr 4.55e-04 tok/s 531704 t 1448s\n"}
,{"stream_name":"stdout","time":1586.177083921,"data":"step  11800 loss 3.0249 ema 2.9898 bpc~1.136 gnorm 0.32 lr 4.54e-04 tok/s 531885 t 1454s\n"}
,{"stream_name":"stdout","time":1591.975577483,"data":"step  11850 loss 2.9772 ema 2.9818 bpc~1.133 gnorm 0.33 lr 4.53e-04 tok/s 532017 t 1460s\n"}
,{"stream_name":"stdout","time":1597.558358148,"data":"step  11900 loss 3.0182 ema 3.0049 bpc~1.141 gnorm 0.33 lr 4.51e-04 tok/s 532227 t 1465s\n"}
,{"stream_name":"stdout","time":1603.104657727,"data":"step  11950 loss 2.9897 ema 2.9952 bpc~1.138 gnorm 0.33 lr 4.50e-04 tok/s 532448 t 1471s\n"}
,{"stream_name":"stdout","time":1608.779439721,"data":"step  12000 loss 2.9684 ema 2.9782 bpc~1.131 gnorm 0.33 lr 4.49e-04 tok/s 532624 t 1477s\n"}
,{"stream_name":"stdout","time":1685.600053113,"data":"EVAL step 12000 valid_loss 2.8015 valid_bpc 1.0642 *guardado\n"}
,{"stream_name":"stdout","time":1691.215603101,"data":"step  12050 loss 3.0353 ema 3.0145 bpc~1.145 gnorm 0.32 lr 4.48e-04 tok/s 506558 t 1559s\n"}
,{"stream_name":"stdout","time":1696.854605637,"data":"step  12100 loss 3.0044 ema 3.0081 bpc~1.143 gnorm 0.32 lr 4.46e-04 tok/s 506827 t 1565s\n"}
,{"stream_name":"stdout","time":1702.471315955,"data":"step  12150 loss 2.9876 ema 2.9951 bpc~1.138 gnorm 0.32 lr 4.45e-04 tok/s 507101 t 1570s\n"}
,{"stream_name":"stdout","time":1708.050092768,"data":"step  12200 loss 2.9324 ema 2.9552 bpc~1.123 gnorm 0.31 lr 4.44e-04 tok/s 507385 t 1576s\n"}
,{"stream_name":"stdout","time":1713.855075766,"data":"step  12250 loss 2.9888 ema 2.9766 bpc~1.131 gnorm 0.32 lr 4.43e-04 tok/s 507594 t 1582s\n"}
,{"stream_name":"stdout","time":1719.732055087,"data":"step  12300 loss 3.0341 ema 3.0132 bpc~1.145 gnorm 0.32 lr 4.41e-04 tok/s 507783 t 1587s\n"}
,{"stream_name":"stdout","time":1725.451886556,"data":"step  12350 loss 2.9799 ema 2.9920 bpc~1.137 gnorm 0.32 lr 4.40e-04 tok/s 508013 t 1593s\n"}
,{"stream_name":"stdout","time":1731.178107451,"data":"step  12400 loss 2.9250 ema 2.9494 bpc~1.120 gnorm 0.32 lr 4.39e-04 tok/s 508243 t 1599s\n"}
,{"stream_name":"stdout","time":1736.957602342,"data":"step  12450 loss 2.9685 ema 2.9616 bpc~1.125 gnorm 0.32 lr 4.38e-04 tok/s 508455 t 1605s\n"}
,{"stream_name":"stdout","time":1742.649902433,"data":"step  12500 loss 3.0645 ema 3.0270 bpc~1.150 gnorm 0.34 lr 4.36e-04 tok/s 508692 t 1610s\n"}
,{"stream_name":"stdout","time":1748.196656229,"data":"step  12550 loss 2.9323 ema 2.9668 bpc~1.127 gnorm 0.32 lr 4.35e-04 tok/s 508974 t 1616s\n"}
,{"stream_name":"stdout","time":1753.738485274,"data":"step  12600 loss 2.9630 ema 2.9644 bpc~1.126 gnorm 0.32 lr 4.34e-04 tok/s 509259 t 1621s\n"}
,{"stream_name":"stdout","time":1759.506126907,"data":"step  12650 loss 2.9696 ema 2.9677 bpc~1.127 gnorm 0.32 lr 4.33e-04 tok/s 509464 t 1627s\n"}
,{"stream_name":"stdout","time":1765.117111766,"data":"step  12700 loss 2.9681 ema 2.9680 bpc~1.127 gnorm 0.32 lr 4.31e-04 tok/s 509720 t 1633s\n"}
,{"stream_name":"stdout","time":1770.705350687,"data":"step  12750 loss 2.9189 ema 2.9367 bpc~1.116 gnorm 0.32 lr 4.30e-04 tok/s 509981 t 1638s\n"}
,{"stream_name":"stdout","time":1776.253449123,"data":"step  12800 loss 2.9639 ema 2.9540 bpc~1.122 gnorm 0.31 lr 4.29e-04 tok/s 510254 t 1644s\n"}
,{"stream_name":"stdout","time":1781.807697447,"data":"step  12850 loss 2.9710 ema 2.9648 bpc~1.126 gnorm 0.33 lr 4.28e-04 tok/s 510522 t 1650s\n"}
,{"stream_name":"stdout","time":1787.558064692,"data":"step  12900 loss 3.0016 ema 2.9882 bpc~1.135 gnorm 0.32 lr 4.26e-04 tok/s 510732 t 1655s\n"}
,{"stream_name":"stdout","time":1793.210138466,"data":"step  12950 loss 2.8989 ema 2.9314 bpc~1.114 gnorm 0.31 lr 4.25e-04 tok/s 510963 t 1661s\n"}
,{"stream_name":"stdout","time":1799.016619765,"data":"step  13000 loss 2.9563 ema 2.9472 bpc~1.120 gnorm 0.33 lr 4.24e-04 tok/s 511149 t 1667s\n"}
,{"stream_name":"stdout","time":1803.297172994,"data":"EVAL step 13000 valid_loss 2.7825 valid_bpc 1.0570 *guardado\n"}
,{"stream_name":"stdout","time":1808.971007686,"data":"step  13050 loss 2.9498 ema 2.9489 bpc~1.120 gnorm 0.33 lr 4.22e-04 tok/s 510069 t 1677s\n"}
,{"stream_name":"stdout","time":1814.620328411,"data":"step  13100 loss 2.9409 ema 2.9438 bpc~1.118 gnorm 0.33 lr 4.21e-04 tok/s 510303 t 1682s\n"}
,{"stream_name":"stdout","time":1820.380490214,"data":"step  13150 loss 2.9905 ema 2.9735 bpc~1.130 gnorm 0.34 lr 4.20e-04 tok/s 510507 t 1688s\n"}
,{"stream_name":"stdout","time":1825.935663459,"data":"step  13200 loss 2.9059 ema 2.9305 bpc~1.113 gnorm 0.32 lr 4.19e-04 tok/s 510764 t 1694s\n"}
,{"stream_name":"stdout","time":1831.704834411,"data":"step  13250 loss 2.9045 ema 2.9140 bpc~1.107 gnorm 0.34 lr 4.17e-04 tok/s 510958 t 1699s\n"}
,{"stream_name":"stdout","time":1837.430596337,"data":"step  13300 loss 2.9753 ema 2.9529 bpc~1.122 gnorm 0.35 lr 4.16e-04 tok/s 511164 t 1705s\n"}
,{"stream_name":"stdout","time":1843.121289708,"data":"step  13350 loss 2.9884 ema 2.9755 bpc~1.130 gnorm 0.33 lr 4.15e-04 tok/s 511379 t 1711s\n"}
,{"stream_name":"stdout","time":1848.867117193,"data":"step  13400 loss 2.9934 ema 2.9869 bpc~1.135 gnorm 0.33 lr 4.13e-04 tok/s 511576 t 1717s\n"}
,{"stream_name":"stdout","time":1854.49374009,"data":"step  13450 loss 3.0434 ema 3.0228 bpc~1.148 gnorm 0.35 lr 4.12e-04 tok/s 511811 t 1722s\n"}
,{"stream_name":"stdout","time":1860.123086067,"data":"step  13500 loss 2.9512 ema 2.9773 bpc~1.131 gnorm 0.33 lr 4.11e-04 tok/s 512036 t 1728s\n"}
,{"stream_name":"stdout","time":1865.926803726,"data":"step  13550 loss 2.9321 ema 2.9486 bpc~1.120 gnorm 0.33 lr 4.10e-04 tok/s 512212 t 1734s\n"}
,{"stream_name":"stdout","time":1871.758253401,"data":"step  13600 loss 2.9030 ema 2.9196 bpc~1.109 gnorm 0.34 lr 4.08e-04 tok/s 512379 t 1740s\n"}
,{"stream_name":"stdout","time":1877.55830925,"data":"step  13650 loss 2.8411 ema 2.8697 bpc~1.090 gnorm 0.31 lr 4.07e-04 tok/s 512554 t 1745s\n"}
,{"stream_name":"stdout","time":1883.342579501,"data":"step  13700 loss 2.9574 ema 2.9255 bpc~1.111 gnorm 0.32 lr 4.06e-04 tok/s 512732 t 1751s\n"}
,{"stream_name":"stdout","time":1888.875070188,"data":"step  13750 loss 3.0109 ema 2.9798 bpc~1.132 gnorm 0.33 lr 4.04e-04 tok/s 512986 t 1757s\n"}
,{"stream_name":"stdout","time":1894.362804309,"data":"step  13800 loss 2.9976 ema 2.9911 bpc~1.136 gnorm 0.33 lr 4.03e-04 tok/s 513244 t 1762s\n"}
,{"stream_name":"stdout","time":1900.124345493,"data":"step  13850 loss 3.0191 ema 3.0089 bpc~1.143 gnorm 0.33 lr 4.02e-04 tok/s 513425 t 1768s\n"}
,{"stream_name":"stdout","time":1905.94169848,"data":"step  13900 loss 2.9701 ema 2.9842 bpc~1.134 gnorm 0.32 lr 4.00e-04 tok/s 513589 t 1774s\n"}
,{"stream_name":"stdout","time":1911.719842101,"data":"step  13950 loss 2.9690 ema 2.9746 bpc~1.130 gnorm 0.32 lr 3.99e-04 tok/s 513763 t 1779s\n"}
,{"stream_name":"stdout","time":1917.416437382,"data":"step  14000 loss 2.9101 ema 2.9336 bpc~1.114 gnorm 0.34 lr 3.98e-04 tok/s 513959 t 1785s\n"}
,{"stream_name":"stdout","time":1921.33721656,"data":"EVAL step 14000 valid_loss 2.7679 valid_bpc 1.0514 *guardado\n"}
,{"stream_name":"stdout","time":1926.836218652,"data":"step  14050 loss 2.9395 ema 2.9373 bpc~1.116 gnorm 0.33 lr 3.96e-04 tok/s 513087 t 1795s\n"}
,{"stream_name":"stdout","time":1932.417625966,"data":"step  14100 loss 2.9287 ema 2.9319 bpc~1.114 gnorm 0.33 lr 3.95e-04 tok/s 513316 t 1800s\n"}
,{"stream_name":"stdout","time":2434.525090389,"data":"step  14150 loss 2.9284 ema 2.9297 bpc~1.113 gnorm 0.33 lr 3.94e-04 tok/s 513557 t 1806s\n"}
,{"stream_name":"stdout","time":2434.525121759,"data":"step  14200 loss 2.9455 ema 2.9398 bpc~1.117 gnorm 0.34 lr 3.92e-04 tok/s 513765 t 1811s\n"}
,{"stream_name":"stdout","time":2434.525130489,"data":"step  14250 loss 2.9513 ema 2.9471 bpc~1.119 gnorm 0.32 lr 3.91e-04 tok/s 513959 t 1817s\n"}
,{"stream_name":"stdout","time":2434.525138219,"data":"step  14300 loss 2.9285 ema 2.9353 bpc~1.115 gnorm 0.33 lr 3.90e-04 tok/s 514184 t 1823s\n"}
,{"stream_name":"stdout","time":2434.525145219,"data":"step  14350 loss 2.9338 ema 2.9344 bpc~1.115 gnorm 0.32 lr 3.88e-04 tok/s 514385 t 1828s\n"}
,{"stream_name":"stdout","time":2434.525151509,"data":"step  14400 loss 2.9794 ema 2.9630 bpc~1.126 gnorm 0.32 lr 3.87e-04 tok/s 514572 t 1834s\n"}
,{"stream_name":"stdout","time":2434.525157339,"data":"step  14450 loss 2.9457 ema 2.9520 bpc~1.121 gnorm 0.32 lr 3.86e-04 tok/s 514758 t 1840s\n"}
,{"stream_name":"stdout","time":2434.525166269,"data":"step  14500 loss 2.9346 ema 2.9409 bpc~1.117 gnorm 0.33 lr 3.84e-04 tok/s 514959 t 1845s\n"}
,{"stream_name":"stdout","time":2434.525172209,"data":"step  14550 loss 2.9433 ema 2.9425 bpc~1.118 gnorm 0.32 lr 3.83e-04 tok/s 515123 t 1851s\n"}
,{"stream_name":"stdout","time":2434.525176399,"data":"step  14600 loss 3.0116 ema 2.9864 bpc~1.134 gnorm 0.34 lr 3.82e-04 tok/s 515342 t 1857s\n"}
,{"stream_name":"stdout","time":2434.525180419,"data":"step  14650 loss 3.0099 ema 3.0014 bpc~1.140 gnorm 0.32 lr 3.80e-04 tok/s 515533 t 1862s\n"}
,{"stream_name":"stdout","time":2434.525184499,"data":"step  14700 loss 2.9300 ema 2.9560 bpc~1.123 gnorm 0.33 lr 3.79e-04 tok/s 515719 t 1868s\n"}
,{"stream_name":"stdout","time":2434.525188729,"data":"step  14750 loss 2.9012 ema 2.9212 bpc~1.110 gnorm 0.33 lr 3.78e-04 tok/s 515881 t 1874s\n"}
,{"stream_name":"stdout","time":2434.525192829,"data":"step  14800 loss 2.9667 ema 2.9501 bpc~1.121 gnorm 0.34 lr 3.76e-04 tok/s 516060 t 1879s\n"}
,{"stream_name":"stdout","time":2434.525197789,"data":"step  14850 loss 2.9050 ema 2.9214 bpc~1.110 gnorm 0.34 lr 3.75e-04 tok/s 516244 t 1885s\n"}
,{"stream_name":"stdout","time":2434.525202029,"data":"step  14900 loss 2.9129 ema 2.9160 bpc~1.108 gnorm 0.33 lr 3.74e-04 tok/s 516398 t 1891s\n"}
,{"stream_name":"stdout","time":2434.525208229,"data":"step  14950 loss 2.9844 ema 2.9595 bpc~1.124 gnorm 0.34 lr 3.72e-04 tok/s 516578 t 1897s\n"}
,{"stream_name":"stdout","time":2434.525232159,"data":"step  15000 loss 2.9337 ema 2.9431 bpc~1.118 gnorm 0.35 lr 3.71e-04 tok/s 516728 t 1902s\n"}
,{"stream_name":"stdout","time":2434.525237479,"data":"EVAL step 15000 valid_loss 2.7515 valid_bpc 1.0452 *guardado\n"}
,{"stream_name":"stdout","time":2434.525242919,"data":"step  15050 loss 2.7754 ema 2.8365 bpc~1.077 gnorm 0.33 lr 3.70e-04 tok/s 515865 t 1912s\n"}
,{"stream_name":"stdout","time":2434.525248649,"data":"step  15100 loss 2.9469 ema 2.9067 bpc~1.104 gnorm 0.33 lr 3.68e-04 tok/s 516044 t 1918s\n"}
,{"stream_name":"stdout","time":2434.525253269,"data":"step  15150 loss 2.9244 ema 2.9180 bpc~1.108 gnorm 0.34 lr 3.67e-04 tok/s 516263 t 1923s\n"}
,{"stream_name":"stdout","time":2434.525257419,"data":"step  15200 loss 3.0104 ema 2.9768 bpc~1.131 gnorm 0.33 lr 3.65e-04 tok/s 516443 t 1929s\n"}
,{"stream_name":"stdout","time":2434.525270659,"data":"step  15250 loss 2.8574 ema 2.9008 bpc~1.102 gnorm 0.33 lr 3.64e-04 tok/s 516619 t 1935s\n"}
,{"stream_name":"stdout","time":2434.525276199,"data":"step  15300 loss 2.9851 ema 2.9544 bpc~1.122 gnorm 0.33 lr 3.63e-04 tok/s 516795 t 1940s\n"}
,{"stream_name":"stdout","time":2434.525279179,"data":"step  15350 loss 2.9186 ema 2.9317 bpc~1.114 gnorm 0.33 lr 3.61e-04 tok/s 516994 t 1946s\n"}
,{"stream_name":"stdout","time":2434.525282609,"data":"step  15400 loss 2.9686 ema 2.9551 bpc~1.123 gnorm 0.34 lr 3.60e-04 tok/s 517236 t 1951s\n"}
,{"stream_name":"stdout","time":2434.525286239,"data":"step  15450 loss 2.9787 ema 2.9701 bpc~1.128 gnorm 0.34 lr 3.59e-04 tok/s 517441 t 1957s\n"}
,{"stream_name":"stdout","time":2434.525290089,"data":"step  15500 loss 2.7745 ema 2.8457 bpc~1.081 gnorm 0.33 lr 3.57e-04 tok/s 517632 t 1962s\n"}
,{"stream_name":"stdout","time":2434.525293609,"data":"step  15550 loss 2.9716 ema 2.9258 bpc~1.111 gnorm 0.33 lr 3.56e-04 tok/s 517776 t 1968s\n"}
,{"stream_name":"stdout","time":2434.525297019,"data":"step  15600 loss 2.8022 ema 2.8472 bpc~1.082 gnorm 0.32 lr 3.55e-04 tok/s 517946 t 1974s\n"}
,{"stream_name":"stdout","time":2434.525299859,"data":"step  15650 loss 2.9436 ema 2.9085 bpc~1.105 gnorm 0.33 lr 3.53e-04 tok/s 518095 t 1980s\n"}
,{"stream_name":"stdout","time":2434.525302819,"data":"step  15700 loss 2.9457 ema 2.9322 bpc~1.114 gnorm 0.36 lr 3.52e-04 tok/s 518238 t 1985s\n"}
,{"stream_name":"stdout","time":2434.525308039,"data":"step  15750 loss 2.9321 ema 2.9321 bpc~1.114 gnorm 0.34 lr 3.51e-04 tok/s 518425 t 1991s\n"}
,{"stream_name":"stdout","time":2434.525313519,"data":"step  15800 loss 2.8877 ema 2.9039 bpc~1.103 gnorm 0.33 lr 3.49e-04 tok/s 518649 t 1996s\n"}
,{"stream_name":"stdout","time":2434.525320269,"data":"step  15850 loss 2.9130 ema 2.9097 bpc~1.105 gnorm 0.33 lr 3.48e-04 tok/s 518880 t 2002s\n"}
,{"stream_name":"stdout","time":2434.525325999,"data":"step  15900 loss 2.9106 ema 2.9103 bpc~1.105 gnorm 0.34 lr 3.46e-04 tok/s 519061 t 2008s\n"}
,{"stream_name":"stdout","time":2434.525331219,"data":"step  15950 loss 2.9723 ema 2.9497 bpc~1.120 gnorm 0.33 lr 3.45e-04 tok/s 519265 t 2013s\n"}
,{"stream_name":"stdout","time":2434.525336769,"data":"step  16000 loss 2.9236 ema 2.9331 bpc~1.114 gnorm 0.33 lr 3.44e-04 tok/s 519496 t 2018s\n"}
,{"stream_name":"stdout","time":2434.525341859,"data":"EVAL step 16000 valid_loss 2.7329 valid_bpc 1.0381 *guardado\n"}
,{"stream_name":"stdout","time":2434.525347139,"data":"step  16050 loss 2.9148 ema 2.9215 bpc~1.110 gnorm 0.34 lr 3.42e-04 tok/s 518717 t 2028s\n"}
,{"stream_name":"stdout","time":2434.525351329,"data":"step  16100 loss 2.8695 ema 2.8885 bpc~1.097 gnorm 0.33 lr 3.41e-04 tok/s 518933 t 2033s\n"}
,{"stream_name":"stdout","time":2434.525357409,"data":"step  16150 loss 2.8916 ema 2.8904 bpc~1.098 gnorm 0.35 lr 3.40e-04 tok/s 519112 t 2039s\n"}
,{"stream_name":"stdout","time":2434.525363459,"data":"step  16200 loss 2.8506 ema 2.8651 bpc~1.088 gnorm 0.33 lr 3.38e-04 tok/s 519296 t 2044s\n"}
,{"stream_name":"stdout","time":2434.525376019,"data":"step  16250 loss 2.9190 ema 2.8993 bpc~1.101 gnorm 0.35 lr 3.37e-04 tok/s 519440 t 2050s\n"}
,{"stream_name":"stdout","time":2434.525381899,"data":"step  16300 loss 2.8181 ema 2.8477 bpc~1.082 gnorm 0.33 lr 3.35e-04 tok/s 519585 t 2056s\n"}
,{"stream_name":"stdout","time":2434.525386939,"data":"step  16350 loss 2.9802 ema 2.9320 bpc~1.114 gnorm 0.34 lr 3.34e-04 tok/s 519755 t 2062s\n"}
,{"stream_name":"stdout","time":2434.525390909,"data":"step  16400 loss 2.9268 ema 2.9287 bpc~1.112 gnorm 0.33 lr 3.33e-04 tok/s 519879 t 2067s\n"}
,{"stream_name":"stdout","time":2434.525396429,"data":"step  16450 loss 2.7836 ema 2.8365 bpc~1.077 gnorm 0.35 lr 3.31e-04 tok/s 520056 t 2073s\n"}
,{"stream_name":"stdout","time":2434.525402939,"data":"step  16500 loss 2.8734 ema 2.8600 bpc~1.086 gnorm 0.32 lr 3.30e-04 tok/s 520258 t 2078s\n"}
,{"stream_name":"stdout","time":2434.525408579,"data":"step  16550 loss 2.8722 ema 2.8678 bpc~1.089 gnorm 0.34 lr 3.29e-04 tok/s 520426 t 2084s\n"}
,{"stream_name":"stdout","time":2434.525414529,"data":"step  16600 loss 2.9420 ema 2.9149 bpc~1.107 gnorm 0.33 lr 3.27e-04 tok/s 520572 t 2090s\n"}
,{"stream_name":"stdout","time":2434.525420539,"data":"step  16650 loss 2.8979 ema 2.9041 bpc~1.103 gnorm 0.35 lr 3.26e-04 tok/s 520753 t 2095s\n"}
,{"stream_name":"stdout","time":2434.525426299,"data":"step  16700 loss 2.9089 ema 2.9072 bpc~1.104 gnorm 0.34 lr 3.25e-04 tok/s 520918 t 2101s\n"}
,{"stream_name":"stdout","time":2434.525432269,"data":"step  16750 loss 2.8238 ema 2.8541 bpc~1.084 gnorm 0.33 lr 3.23e-04 tok/s 521095 t 2107s\n"}
,{"stream_name":"stdout","time":2434.525437899,"data":"step  16800 loss 2.8601 ema 2.8579 bpc~1.086 gnorm 0.33 lr 3.22e-04 tok/s 521260 t 2112s\n"}
,{"stream_name":"stdout","time":2434.525443699,"data":"step  16850 loss 2.8639 ema 2.8617 bpc~1.087 gnorm 0.35 lr 3.20e-04 tok/s 521437 t 2118s\n"}
,{"stream_name":"stdout","time":2434.525448639,"data":"step  16900 loss 2.9189 ema 2.8981 bpc~1.101 gnorm 0.35 lr 3.19e-04 tok/s 521593 t 2123s\n"}
,{"stream_name":"stdout","time":2434.525453589,"data":"step  16950 loss 2.9032 ema 2.9013 bpc~1.102 gnorm 0.33 lr 3.18e-04 tok/s 521754 t 2129s\n"}
,{"stream_name":"stdout","time":2434.525459699,"data":"step  17000 loss 2.8661 ema 2.8789 bpc~1.094 gnorm 0.34 lr 3.16e-04 tok/s 521878 t 2135s\n"}
,{"stream_name":"stdout","time":2434.525464299,"data":"EVAL step 17000 valid_loss 2.7187 valid_bpc 1.0327 *guardado\n"}
,{"stream_name":"stdout","time":2434.525469059,"data":"step  17050 loss 2.8431 ema 2.8562 bpc~1.085 gnorm 0.35 lr 3.15e-04 tok/s 521056 t 2144s\n"}
,{"stream_name":"stdout","time":2434.525474569,"data":"step  17100 loss 2.9144 ema 2.8932 bpc~1.099 gnorm 0.35 lr 3.14e-04 tok/s 521258 t 2150s\n"}
,{"stream_name":"stdout","time":2434.525479499,"data":"step  17150 loss 2.8119 ema 2.8415 bpc~1.079 gnorm 0.34 lr 3.12e-04 tok/s 521430 t 2156s\n"}
,{"stream_name":"stdout","time":2434.525484579,"data":"step  17200 loss 2.9177 ema 2.8900 bpc~1.098 gnorm 0.35 lr 3.11e-04 tok/s 521552 t 2161s\n"}
,{"stream_name":"stdout","time":2434.525489769,"data":"step  17250 loss 2.9081 ema 2.9015 bpc~1.102 gnorm 0.35 lr 3.09e-04 tok/s 521696 t 2167s\n"}
,{"stream_name":"stdout","time":2434.525495519,"data":"step  17300 loss 2.9370 ema 2.9241 bpc~1.111 gnorm 0.36 lr 3.08e-04 tok/s 521850 t 2173s\n"}
,{"stream_name":"stdout","time":2434.525501899,"data":"step  17350 loss 2.9499 ema 2.9405 bpc~1.117 gnorm 0.33 lr 3.07e-04 tok/s 521969 t 2178s\n"}
,{"stream_name":"stdout","time":2434.525507379,"data":"step  17400 loss 2.8836 ema 2.9043 bpc~1.103 gnorm 0.34 lr 3.05e-04 tok/s 522098 t 2184s\n"}
,{"stream_name":"stdout","time":2434.525521569,"data":"step  17450 loss 2.9981 ema 2.9639 bpc~1.126 gnorm 0.34 lr 3.04e-04 tok/s 522222 t 2190s\n"}
,{"stream_name":"stdout","time":2434.525528209,"data":"step  17500 loss 2.9128 ema 2.9314 bpc~1.114 gnorm 0.34 lr 3.03e-04 tok/s 522392 t 2195s\n"}
,{"stream_name":"stdout","time":2434.525551489,"data":"step  17550 loss 2.8685 ema 2.8914 bpc~1.098 gnorm 0.34 lr 3.01e-04 tok/s 522508 t 2201s\n"}
,{"stream_name":"stdout","time":2434.525561789,"data":"step  17600 loss 2.9238 ema 2.9120 bpc~1.106 gnorm 0.35 lr 3.00e-04 tok/s 522631 t 2207s\n"}
,{"stream_name":"stdout","time":2434.525566019,"data":"step  17650 loss 2.8740 ema 2.8878 bpc~1.097 gnorm 0.34 lr 2.99e-04 tok/s 522774 t 2213s\n"}
,{"stream_name":"stdout","time":2434.525570169,"data":"step  17700 loss 2.8841 ema 2.8855 bpc~1.096 gnorm 0.34 lr 2.97e-04 tok/s 522945 t 2218s\n"}
,{"stream_name":"stdout","time":2434.525574299,"data":"step  17750 loss 2.8778 ema 2.8806 bpc~1.094 gnorm 0.34 lr 2.96e-04 tok/s 523121 t 2224s\n"}
,{"stream_name":"stdout","time":2434.525578379,"data":"step  17800 loss 2.9187 ema 2.9048 bpc~1.103 gnorm 0.34 lr 2.95e-04 tok/s 523293 t 2229s\n"}
,{"stream_name":"stdout","time":2434.525582339,"data":"step  17850 loss 2.8382 ema 2.8625 bpc~1.087 gnorm 0.33 lr 2.93e-04 tok/s 523427 t 2235s\n"}
,{"stream_name":"stdout","time":2434.525586299,"data":"step  17900 loss 2.8588 ema 2.8601 bpc~1.086 gnorm 0.34 lr 2.92e-04 tok/s 523545 t 2241s\n"}
,{"stream_name":"stdout","time":2434.525590339,"data":"step  17950 loss 2.9868 ema 2.9407 bpc~1.117 gnorm 0.34 lr 2.90e-04 tok/s 523665 t 2246s\n"}
,{"stream_name":"stdout","time":2434.525595419,"data":"step  18000 loss 2.9040 ema 2.9174 bpc~1.108 gnorm 0.33 lr 2.89e-04 tok/s 523768 t 2252s\n"}
,{"stream_name":"stdout","time":2434.525601619,"data":"EVAL step 18000 valid_loss 2.7029 valid_bpc 1.0267 *guardado\n"}
,{"stream_name":"stdout","time":2434.525606249,"data":"step  18050 loss 2.8532 ema 2.8766 bpc~1.093 gnorm 0.36 lr 2.88e-04 tok/s 523015 t 2262s\n"}
,{"stream_name":"stdout","time":2434.525611739,"data":"step  18100 loss 2.8648 ema 2.8691 bpc~1.090 gnorm 0.35 lr 2.86e-04 tok/s 523121 t 2268s\n"}
,{"stream_name":"stdout","time":2434.525616999,"data":"step  18150 loss 2.9223 ema 2.9029 bpc~1.103 gnorm 0.36 lr 2.85e-04 tok/s 523232 t 2273s\n"}
,{"stream_name":"stdout","time":2434.525621489,"data":"step  18200 loss 2.9074 ema 2.9057 bpc~1.104 gnorm 0.34 lr 2.84e-04 tok/s 523344 t 2279s\n"}
,{"stream_name":"stdout","time":2434.525625519,"data":"step  18250 loss 2.9427 ema 2.9293 bpc~1.113 gnorm 0.36 lr 2.82e-04 tok/s 523478 t 2285s\n"}
,{"stream_name":"stdout","time":2434.525631059,"data":"step  18300 loss 2.8089 ema 2.8528 bpc~1.084 gnorm 0.34 lr 2.81e-04 tok/s 523629 t 2290s\n"}
,{"stream_name":"stdout","time":2434.525635479,"data":"step  18350 loss 2.9092 ema 2.8886 bpc~1.097 gnorm 0.34 lr 2.80e-04 tok/s 523738 t 2296s\n"}
,{"stream_name":"stdout","time":2434.525639569,"data":"step  18400 loss 2.8262 ema 2.8490 bpc~1.082 gnorm 0.36 lr 2.78e-04 tok/s 523860 t 2302s\n"}
,{"stream_name":"stdout","time":2439.813575209,"data":"step  18450 loss 2.8451 ema 2.8465 bpc~1.081 gnorm 0.35 lr 2.77e-04 tok/s 523988 t 2308s\n"}
,{"stream_name":"stdout","time":2445.480463612,"data":"step  18500 loss 2.8424 ema 2.8439 bpc~1.080 gnorm 0.34 lr 2.76e-04 tok/s 524121 t 2313s\n"}
,{"stream_name":"stdout","time":2451.146379055,"data":"step  18550 loss 2.8471 ema 2.8459 bpc~1.081 gnorm 0.34 lr 2.74e-04 tok/s 524254 t 2319s\n"}
,{"stream_name":"stdout","time":2456.608879977,"data":"step  18600 loss 3.0089 ema 2.9496 bpc~1.120 gnorm 0.36 lr 2.73e-04 tok/s 524435 t 2324s\n"}
,{"stream_name":"stdout","time":2462.123370014,"data":"step  18650 loss 2.8750 ema 2.9022 bpc~1.102 gnorm 0.35 lr 2.72e-04 tok/s 524597 t 2330s\n"}
,{"stream_name":"stdout","time":2556.546932398,"data":"step  18700 loss 2.8927 ema 2.8962 bpc~1.100 gnorm 0.34 lr 2.70e-04 tok/s 524763 t 2335s\n"}
,{"stream_name":"stdout","time":2556.546963958,"data":"step  18750 loss 2.8271 ema 2.8522 bpc~1.083 gnorm 0.36 lr 2.69e-04 tok/s 524919 t 2341s\n"}
,{"stream_name":"stdout","time":2556.546967418,"data":"step  18800 loss 2.8862 ema 2.8738 bpc~1.092 gnorm 0.36 lr 2.68e-04 tok/s 525048 t 2347s\n"}
,{"stream_name":"stdout","time":2556.546969958,"data":"step  18850 loss 2.8452 ema 2.8556 bpc~1.085 gnorm 0.36 lr 2.66e-04 tok/s 525165 t 2352s\n"}
,{"stream_name":"stdout","time":2556.546972518,"data":"step  18900 loss 2.9429 ema 2.9111 bpc~1.106 gnorm 0.35 lr 2.65e-04 tok/s 525283 t 2358s\n"}
,{"stream_name":"stdout","time":2556.546974789,"data":"step  18950 loss 2.8773 ema 2.8896 bpc~1.098 gnorm 0.35 lr 2.64e-04 tok/s 525389 t 2364s\n"}
,{"stream_name":"stdout","time":2556.546977069,"data":"step  19000 loss 2.8890 ema 2.8892 bpc~1.098 gnorm 0.35 lr 2.62e-04 tok/s 525506 t 2369s\n"}
,{"stream_name":"stdout","time":2610.683860062,"data":"EVAL step 19000 valid_loss 2.6913 valid_bpc 1.0223 *guardado\n"}
,{"stream_name":"stdout","time":2616.378414762,"data":"step  19050 loss 2.9438 ema 2.9239 bpc~1.111 gnorm 0.34 lr 2.61e-04 tok/s 502574 t 2484s\n"}
,{"stream_name":"stdout","time":2622.064859243,"data":"step  19100 loss 2.8828 ema 2.8978 bpc~1.101 gnorm 0.36 lr 2.60e-04 tok/s 502742 t 2490s\n"}
,{"stream_name":"stdout","time":2628.164190484,"data":"step  19150 loss 2.8529 ema 2.8693 bpc~1.090 gnorm 0.35 lr 2.58e-04 tok/s 502889 t 2496s\n"}
,{"stream_name":"stdout","time":2633.59029905,"data":"step  19200 loss 2.8700 ema 2.8697 bpc~1.090 gnorm 0.36 lr 2.57e-04 tok/s 503046 t 2501s\n"}
,{"stream_name":"stdout","time":2639.276907481,"data":"step  19250 loss 2.8775 ema 2.8746 bpc~1.092 gnorm 0.36 lr 2.56e-04 tok/s 503212 t 2507s\n"}
,{"stream_name":"stdout","time":2644.929580836,"data":"step  19300 loss 2.8508 ema 2.8595 bpc~1.086 gnorm 0.35 lr 2.54e-04 tok/s 503387 t 2513s\n"}
,{"stream_name":"stdout","time":2650.486082329,"data":"step  19350 loss 2.8833 ema 2.8747 bpc~1.092 gnorm 0.35 lr 2.53e-04 tok/s 503574 t 2518s\n"}
,{"stream_name":"stdout","time":2656.213033196,"data":"step  19400 loss 2.8904 ema 2.8847 bpc~1.096 gnorm 0.35 lr 2.52e-04 tok/s 503730 t 2524s\n"}
,{"stream_name":"stdout","time":2661.930481134,"data":"step  19450 loss 2.8613 ema 2.8698 bpc~1.090 gnorm 0.36 lr 2.50e-04 tok/s 503887 t 2530s\n"}
,{"stream_name":"stdout","time":2667.657116001,"data":"step  19500 loss 2.8924 ema 2.8841 bpc~1.096 gnorm 0.35 lr 2.49e-04 tok/s 504041 t 2535s\n"}
,{"stream_name":"stdout","time":2673.36587603,"data":"step  19550 loss 2.8156 ema 2.8406 bpc~1.079 gnorm 0.35 lr 2.48e-04 tok/s 504199 t 2541s\n"}
,{"stream_name":"stdout","time":2679.149073142,"data":"step  19600 loss 2.8955 ema 2.8755 bpc~1.092 gnorm 0.35 lr 2.47e-04 tok/s 504343 t 2547s\n"}
,{"stream_name":"stdout","time":2684.881991388,"data":"step  19650 loss 2.8715 ema 2.8730 bpc~1.091 gnorm 0.35 lr 2.45e-04 tok/s 504491 t 2553s\n"}
,{"stream_name":"stdout","time":2690.547843071,"data":"step  19700 loss 2.9164 ema 2.9006 bpc~1.102 gnorm 0.35 lr 2.44e-04 tok/s 504655 t 2558s\n"}
,{"stream_name":"stdout","time":2696.084169974,"data":"step  19750 loss 2.8786 ema 2.8866 bpc~1.097 gnorm 0.34 lr 2.43e-04 tok/s 504843 t 2564s\n"}
,{"stream_name":"stdout","time":2701.848314684,"data":"step  19800 loss 2.9375 ema 2.9190 bpc~1.109 gnorm 0.36 lr 2.41e-04 tok/s 504986 t 2570s\n"}
,{"stream_name":"stdout","time":2707.365455914,"data":"step  19850 loss 2.7248 ema 2.7955 bpc~1.062 gnorm 0.34 lr 2.40e-04 tok/s 505176 t 2575s\n"}
,{"stream_name":"stdout","time":2712.983633466,"data":"step  19900 loss 2.9122 ema 2.8697 bpc~1.090 gnorm 0.39 lr 2.39e-04 tok/s 505350 t 2581s\n"}
,{"stream_name":"stdout","time":2718.531765823,"data":"step  19950 loss 2.9265 ema 2.9058 bpc~1.104 gnorm 0.37 lr 2.38e-04 tok/s 505529 t 2586s\n"}
,{"stream_name":"stdout","time":2724.132624226,"data":"step  20000 loss 2.8099 ema 2.8448 bpc~1.081 gnorm 0.35 lr 2.36e-04 tok/s 505701 t 2592s\n"}
,{"stream_name":"stdout","time":2734.930064565,"data":"EVAL step 20000 valid_loss 2.6764 valid_bpc 1.0167 *guardado\n"}
,{"stream_name":"stdout","time":2740.495345351,"data":"step  20050 loss 2.8527 ema 2.8498 bpc~1.083 gnorm 0.36 lr 2.35e-04 tok/s 503785 t 2608s\n"}
,{"stream_name":"stdout","time":2746.090028354,"data":"step  20100 loss 2.8463 ema 2.8476 bpc~1.082 gnorm 0.36 lr 2.34e-04 tok/s 503964 t 2614s\n"}
,{"stream_name":"stdout","time":2751.692200907,"data":"step  20150 loss 2.7894 ema 2.8106 bpc~1.068 gnorm 0.34 lr 2.32e-04 tok/s 504133 t 2619s\n"}
,{"stream_name":"stdout","time":2757.225097746,"data":"step  20200 loss 2.8804 ema 2.8550 bpc~1.085 gnorm 0.36 lr 2.31e-04 tok/s 504319 t 2625s\n"}
,{"stream_name":"stdout","time":2762.80459491,"data":"step  20250 loss 2.8139 ema 2.8289 bpc~1.075 gnorm 0.35 lr 2.30e-04 tok/s 504495 t 2631s\n"}
,{"stream_name":"stdout","time":2768.400701074,"data":"step  20300 loss 2.8389 ema 2.8353 bpc~1.077 gnorm 0.37 lr 2.29e-04 tok/s 504667 t 2636s\n"}
,{"stream_name":"stdout","time":2774.130987706,"data":"step  20350 loss 2.8687 ema 2.8565 bpc~1.085 gnorm 0.36 lr 2.27e-04 tok/s 504813 t 2642s\n"}
,{"stream_name":"stdout","time":2779.97272728,"data":"step  20400 loss 2.8272 ema 2.8379 bpc~1.078 gnorm 0.36 lr 2.26e-04 tok/s 504940 t 2648s\n"}
,{"stream_name":"stdout","time":2785.73432112,"data":"step  20450 loss 2.8578 ema 2.8506 bpc~1.083 gnorm 0.35 lr 2.25e-04 tok/s 505075 t 2653s\n"}
,{"stream_name":"stdout","time":2791.440354824,"data":"step  20500 loss 2.8805 ema 2.8696 bpc~1.090 gnorm 0.36 lr 2.24e-04 tok/s 505224 t 2659s\n"}
,{"stream_name":"stdout","time":2797.170220486,"data":"step  20550 loss 2.9215 ema 2.9026 bpc~1.103 gnorm 0.35 lr 2.22e-04 tok/s 505367 t 2665s\n"}
,{"stream_name":"stdout","time":2802.947586675,"data":"step  20600 loss 2.8760 ema 2.8857 bpc~1.096 gnorm 0.36 lr 2.21e-04 tok/s 505501 t 2671s\n"}
,{"stream_name":"stdout","time":2808.695469026,"data":"step  20650 loss 2.8071 ema 2.8357 bpc~1.077 gnorm 0.34 lr 2.20e-04 tok/s 505639 t 2676s\n"}
,{"stream_name":"stdout","time":2814.462027666,"data":"step  20700 loss 2.8304 ema 2.8324 bpc~1.076 gnorm 0.34 lr 2.19e-04 tok/s 505777 t 2682s\n"}
,{"stream_name":"stdout","time":2820.187313059,"data":"step  20750 loss 2.8926 ema 2.8706 bpc~1.090 gnorm 0.36 lr 2.17e-04 tok/s 505916 t 2688s\n"}
,{"stream_name":"stdout","time":2826.008626863,"data":"step  20800 loss 2.8578 ema 2.8625 bpc~1.087 gnorm 0.36 lr 2.16e-04 tok/s 506039 t 2694s\n"}
,{"stream_name":"stdout","time":2831.829564339,"data":"step  20850 loss 2.8121 ema 2.8305 bpc~1.075 gnorm 0.36 lr 2.15e-04 tok/s 506162 t 2700s\n"}
,{"stream_name":"stdout","time":2837.594675948,"data":"step  20900 loss 2.8756 ema 2.8592 bpc~1.086 gnorm 0.37 lr 2.14e-04 tok/s 506294 t 2705s\n"}
,{"stream_name":"stdout","time":2843.138736206,"data":"step  20950 loss 2.8686 ema 2.8652 bpc~1.088 gnorm 0.36 lr 2.12e-04 tok/s 506467 t 2711s\n"}
,{"stream_name":"stdout","time":2848.981163689,"data":"step  21000 loss 2.8310 ema 2.8434 bpc~1.080 gnorm 0.36 lr 2.11e-04 tok/s 506588 t 2717s\n"}
,{"stream_name":"stdout","time":2854.543036065,"data":"EVAL step 21000 valid_loss 2.6639 valid_bpc 1.0119 *guardado\n"}
,{"stream_name":"stdout","time":2860.343143472,"data":"step  21050 loss 2.8354 ema 2.8383 bpc~1.078 gnorm 0.35 lr 2.10e-04 tok/s 505676 t 2728s\n"}
,{"stream_name":"stdout","time":2865.988246371,"data":"step  21100 loss 2.8042 ema 2.8167 bpc~1.070 gnorm 0.37 lr 2.09e-04 tok/s 505830 t 2734s\n"}
,{"stream_name":"stdout","time":2871.798074277,"data":"step  21150 loss 2.8822 ema 2.8583 bpc~1.086 gnorm 0.37 lr 2.07e-04 tok/s 505954 t 2740s\n"}
,{"stream_name":"stdout","time":2877.601158074,"data":"step  21200 loss 2.8377 ema 2.8452 bpc~1.081 gnorm 0.35 lr 2.06e-04 tok/s 506078 t 2745s\n"}
,{"stream_name":"stdout","time":2883.328957047,"data":"step  21250 loss 2.9190 ema 2.8921 bpc~1.099 gnorm 0.37 lr 2.05e-04 tok/s 506218 t 2751s\n"}
,{"stream_name":"stdout","time":2889.118084884,"data":"step  21300 loss 2.8359 ema 2.8563 bpc~1.085 gnorm 0.37 lr 2.04e-04 tok/s 506341 t 2757s\n"}
,{"stream_name":"stdout","time":2894.772616073,"data":"step  21350 loss 2.8517 ema 2.8534 bpc~1.084 gnorm 0.34 lr 2.03e-04 tok/s 506490 t 2763s\n"}
,{"stream_name":"stdout","time":2900.581630159,"data":"step  21400 loss 2.8869 ema 2.8747 bpc~1.092 gnorm 0.36 lr 2.01e-04 tok/s 506611 t 2768s\n"}
,{"stream_name":"stdout","time":2906.383714455,"data":"step  21450 loss 2.8052 ema 2.8305 bpc~1.075 gnorm 0.36 lr 2.00e-04 tok/s 506733 t 2774s\n"}
,{"stream_name":"stdout","time":2912.108576309,"data":"step  21500 loss 2.7909 ema 2.8053 bpc~1.066 gnorm 0.35 lr 1.99e-04 tok/s 506868 t 2780s\n"}
,{"stream_name":"stdout","time":2917.823365872,"data":"step  21550 loss 2.7674 ema 2.7812 bpc~1.056 gnorm 0.36 lr 1.98e-04 tok/s 507008 t 2786s\n"}
,{"stream_name":"stdout","time":2923.604899201,"data":"step  21600 loss 2.9163 ema 2.8671 bpc~1.089 gnorm 0.35 lr 1.97e-04 tok/s 507128 t 2791s\n"}
,{"stream_name":"stdout","time":2929.362708571,"data":"step  21650 loss 2.8305 ema 2.8438 bpc~1.080 gnorm 0.35 lr 1.95e-04 tok/s 507256 t 2797s\n"}
,{"stream_name":"stdout","time":2935.054367526,"data":"step  21700 loss 2.8770 ema 2.8649 bpc~1.088 gnorm 0.37 lr 1.94e-04 tok/s 507395 t 2803s\n"}
,{"stream_name":"stdout","time":2940.788964018,"data":"step  21750 loss 2.8688 ema 2.8674 bpc~1.089 gnorm 0.37 lr 1.93e-04 tok/s 507526 t 2809s\n"}
,{"stream_name":"stdout","time":2946.556511528,"data":"step  21800 loss 2.8466 ema 2.8542 bpc~1.084 gnorm 0.36 lr 1.92e-04 tok/s 507650 t 2814s\n"}
,{"stream_name":"stdout","time":2952.319100158,"data":"step  21850 loss 2.8397 ema 2.8450 bpc~1.081 gnorm 0.36 lr 1.91e-04 tok/s 507778 t 2820s\n"}
,{"stream_name":"stdout","time":2958.116969335,"data":"step  21900 loss 2.9173 ema 2.8910 bpc~1.098 gnorm 0.36 lr 1.90e-04 tok/s 507892 t 2826s\n"}
,{"stream_name":"stdout","time":2963.887493614,"data":"step  21950 loss 2.8040 ema 2.8357 bpc~1.077 gnorm 0.37 lr 1.88e-04 tok/s 508015 t 2832s\n"}
,{"stream_name":"stdout","time":2969.627421165,"data":"step  22000 loss 2.8033 ema 2.8151 bpc~1.069 gnorm 0.36 lr 1.87e-04 tok/s 508142 t 2837s\n"}
,{"stream_name":"stdout","time":2973.818026613,"data":"EVAL step 22000 valid_loss 2.6513 valid_bpc 1.0071 *guardado\n"}
,{"stream_name":"stdout","time":2979.588308023,"data":"step  22050 loss 2.8814 ema 2.8572 bpc~1.085 gnorm 0.37 lr 1.86e-04 tok/s 507515 t 2847s\n"}
,{"stream_name":"stdout","time":2985.321807425,"data":"step  22100 loss 2.8571 ema 2.8571 bpc~1.085 gnorm 0.35 lr 1.85e-04 tok/s 507647 t 2853s\n"}
,{"stream_name":"stdout","time":2991.031657579,"data":"step  22150 loss 2.8247 ema 2.8365 bpc~1.077 gnorm 0.37 lr 1.84e-04 tok/s 507776 t 2859s\n"}
,{"stream_name":"stdout","time":2996.64537451,"data":"step  22200 loss 2.8738 ema 2.8602 bpc~1.086 gnorm 0.38 lr 1.83e-04 tok/s 507925 t 2864s\n"}
,{"stream_name":"stdout","time":3002.349154655,"data":"step  22250 loss 2.7861 ema 2.8131 bpc~1.069 gnorm 0.37 lr 1.81e-04 tok/s 508057 t 2870s\n"}
,{"stream_name":"stdout","time":3007.990709185,"data":"step  22300 loss 2.7828 ema 2.7938 bpc~1.061 gnorm 0.36 lr 1.80e-04 tok/s 508200 t 2876s\n"}
,{"stream_name":"stdout","time":3013.762138994,"data":"step  22350 loss 2.8190 ema 2.8099 bpc~1.067 gnorm 0.36 lr 1.79e-04 tok/s 508319 t 2882s\n"}
,{"stream_name":"stdout","time":3019.564237931,"data":"step  22400 loss 2.7545 ema 2.7747 bpc~1.054 gnorm 0.35 lr 1.78e-04 tok/s 508436 t 2887s\n"}
,{"stream_name":"stdout","time":3025.292126084,"data":"step  22450 loss 2.8752 ema 2.8386 bpc~1.078 gnorm 0.37 lr 1.77e-04 tok/s 508558 t 2893s\n"}
,{"stream_name":"stdout","time":3031.117626398,"data":"step  22500 loss 2.8318 ema 2.8343 bpc~1.077 gnorm 0.38 lr 1.76e-04 tok/s 508667 t 2899s\n"}
,{"stream_name":"stdout","time":3036.875434079,"data":"step  22550 loss 2.7423 ema 2.7758 bpc~1.054 gnorm 0.37 lr 1.75e-04 tok/s 508787 t 2905s\n"}
,{"stream_name":"stdout","time":3042.647749156,"data":"step  22600 loss 2.8654 ema 2.8328 bpc~1.076 gnorm 0.37 lr 1.74e-04 tok/s 508903 t 2910s\n"}
,{"stream_name":"stdout","time":3048.418091986,"data":"step  22650 loss 2.7843 ema 2.8019 bpc~1.064 gnorm 0.36 lr 1.72e-04 tok/s 509020 t 2916s\n"}
,{"stream_name":"stderr","time":3082.806029001,"data":"Autosave too slow: 28.71 sec, over 25% limit. Backing off to 60 sec\n"}
,{"stream_name":"stdout","time":3082.806056581,"data":"step  22700 loss 2.7969 ema 2.7987 bpc~1.063 gnorm 0.36 lr 1.71e-04 tok/s 509153 t 2922s\n"}
,{"stream_name":"stdout","time":3082.806810211,"data":"step  22750 loss 2.8497 ema 2.8311 bpc~1.075 gnorm 0.37 lr 1.70e-04 tok/s 509277 t 2928s\n"}
,{"stream_name":"stdout","time":3082.807222391,"data":"step  22800 loss 2.7815 ema 2.7996 bpc~1.063 gnorm 0.38 lr 1.69e-04 tok/s 509393 t 2933s\n"}
,{"stream_name":"stdout","time":3082.807607821,"data":"step  22850 loss 2.8297 ema 2.8187 bpc~1.071 gnorm 0.36 lr 1.68e-04 tok/s 509506 t 2939s\n"}
,{"stream_name":"stdout","time":3082.807996721,"data":"step  22900 loss 2.8334 ema 2.8281 bpc~1.074 gnorm 0.36 lr 1.67e-04 tok/s 509612 t 2945s\n"}
,{"stream_name":"stdout","time":3082.982085306,"data":"step  22950 loss 2.7922 ema 2.8053 bpc~1.066 gnorm 0.37 lr 1.66e-04 tok/s 509721 t 2951s\n"}
,{"stream_name":"stdout","time":3088.662439973,"data":"step  23000 loss 2.8137 ema 2.8106 bpc~1.068 gnorm 0.37 lr 1.65e-04 tok/s 509850 t 2956s\n"}
,{"stream_name":"stdout","time":3116.254363412,"data":"EVAL step 23000 valid_loss 2.6375 valid_bpc 1.0019 *guardado\n"}
,{"stream_name":"stdout","time":3121.751320833,"data":"step  23050 loss 2.8629 ema 2.8438 bpc~1.080 gnorm 0.37 lr 1.64e-04 tok/s 505303 t 2990s\n"}
,{"stream_name":"stdout","time":3127.54409675,"data":"step  23100 loss 2.7806 ema 2.8036 bpc~1.065 gnorm 0.38 lr 1.63e-04 tok/s 505419 t 2995s\n"}
,{"stream_name":"stdout","time":3133.246117505,"data":"step  23150 loss 2.7985 ema 2.8004 bpc~1.064 gnorm 0.37 lr 1.62e-04 tok/s 505551 t 3001s\n"}
,{"stream_name":"stdout","time":3138.993033247,"data":"step  23200 loss 2.9068 ema 2.8680 bpc~1.089 gnorm 0.38 lr 1.60e-04 tok/s 505674 t 3007s\n"}
,{"stream_name":"stdout","time":3144.799969563,"data":"step  23250 loss 2.8651 ema 2.8662 bpc~1.089 gnorm 0.37 lr 1.59e-04 tok/s 505791 t 3013s\n"}
,{"stream_name":"stdout","time":3150.523931826,"data":"step  23300 loss 2.7804 ema 2.8116 bpc~1.068 gnorm 0.37 lr 1.58e-04 tok/s 505914 t 3018s\n"}
,{"stream_name":"stdout","time":3156.309416154,"data":"step  23350 loss 2.7772 ema 2.7897 bpc~1.060 gnorm 0.37 lr 1.57e-04 tok/s 506030 t 3024s\n"}
,{"stream_name":"stdout","time":3162.11233913,"data":"step  23400 loss 2.8255 ema 2.8124 bpc~1.068 gnorm 0.38 lr 1.56e-04 tok/s 506142 t 3030s\n"}
,{"stream_name":"stdout","time":3167.901992588,"data":"step  23450 loss 2.7806 ema 2.7922 bpc~1.061 gnorm 0.37 lr 1.55e-04 tok/s 506256 t 3036s\n"}
,{"stream_name":"stdout","time":3173.590905064,"data":"step  23500 loss 2.6795 ema 2.7205 bpc~1.033 gnorm 0.37 lr 1.54e-04 tok/s 506387 t 3041s\n"}
,{"stream_name":"stdout","time":3179.26698285,"data":"step  23550 loss 2.8410 ema 2.7971 bpc~1.063 gnorm 0.38 lr 1.53e-04 tok/s 506519 t 3047s\n"}
,{"stream_name":"stdout","time":3184.986896083,"data":"step  23600 loss 2.8439 ema 2.8269 bpc~1.074 gnorm 0.37 lr 1.52e-04 tok/s 506643 t 3053s\n"}
,{"stream_name":"stdout","time":3190.506668813,"data":"step  23650 loss 2.8164 ema 2.8202 bpc~1.071 gnorm 0.37 lr 1.51e-04 tok/s 506800 t 3058s\n"}
,{"stream_name":"stdout","time":3196.089417578,"data":"step  23700 loss 2.9297 ema 2.8898 bpc~1.098 gnorm 0.38 lr 1.50e-04 tok/s 506946 t 3064s\n"}
,{"stream_name":"stdout","time":3201.712635639,"data":"step  23750 loss 2.8171 ema 2.8436 bpc~1.080 gnorm 0.37 lr 1.49e-04 tok/s 507085 t 3069s\n"}
,{"stream_name":"stdout","time":3207.393036335,"data":"step  23800 loss 2.7741 ema 2.7994 bpc~1.063 gnorm 0.38 lr 1.48e-04 tok/s 507217 t 3075s\n"}
,{"stream_name":"stdout","time":3213.153641682,"data":"step  23850 loss 2.7690 ema 2.7801 bpc~1.056 gnorm 0.38 lr 1.47e-04 tok/s 507329 t 3081s\n"}
,{"stream_name":"stdout","time":3218.924302766,"data":"step  23900 loss 2.8882 ema 2.8488 bpc~1.082 gnorm 0.39 lr 1.46e-04 tok/s 507442 t 3087s\n"}
,{"stream_name":"stdout","time":3224.644208493,"data":"step  23950 loss 2.7985 ema 2.8168 bpc~1.070 gnorm 0.38 lr 1.45e-04 tok/s 507563 t 3092s\n"}
,{"stream_name":"stdout","time":3230.385151728,"data":"step  24000 loss 2.7763 ema 2.7910 bpc~1.060 gnorm 0.37 lr 1.44e-04 tok/s 507680 t 3098s\n"}
,{"stream_name":"stdout","time":3234.417490094,"data":"EVAL step 24000 valid_loss 2.6276 valid_bpc 0.9981 *guardado\n"}
,{"stream_name":"stdout","time":3240.15431489,"data":"step  24050 loss 2.8381 ema 2.8210 bpc~1.072 gnorm 0.37 lr 1.43e-04 tok/s 507139 t 3108s\n"}
,{"stream_name":"stdout","time":3245.855361148,"data":"step  24100 loss 2.7908 ema 2.8018 bpc~1.064 gnorm 0.37 lr 1.42e-04 tok/s 507263 t 3114s\n"}
,{"stream_name":"stdout","time":3251.618567762,"data":"step  24150 loss 2.8146 ema 2.8099 bpc~1.067 gnorm 0.37 lr 1.41e-04 tok/s 507376 t 3119s\n"}
,{"stream_name":"stdout","time":3257.242130336,"data":"step  24200 loss 2.7634 ema 2.7803 bpc~1.056 gnorm 0.36 lr 1.40e-04 tok/s 507511 t 3125s\n"}
,{"stream_name":"stdout","time":3262.804181154,"data":"step  24250 loss 2.7975 ema 2.7913 bpc~1.060 gnorm 0.37 lr 1.39e-04 tok/s 507656 t 3131s\n"}
,{"stream_name":"stdout","time":3268.346056794,"data":"step  24300 loss 2.8227 ema 2.8112 bpc~1.068 gnorm 0.37 lr 1.38e-04 tok/s 507807 t 3136s\n"}
,{"stream_name":"stdout","time":3273.800101829,"data":"step  24350 loss 2.8145 ema 2.8133 bpc~1.069 gnorm 0.39 lr 1.37e-04 tok/s 507966 t 3142s\n"}
,{"stream_name":"stdout","time":3279.336627719,"data":"step  24400 loss 2.7497 ema 2.7729 bpc~1.053 gnorm 0.38 lr 1.36e-04 tok/s 508113 t 3147s\n"}
,{"stream_name":"stdout","time":3284.955471593,"data":"step  24450 loss 2.7569 ema 2.7627 bpc~1.049 gnorm 0.37 lr 1.35e-04 tok/s 508247 t 3153s\n"}
,{"stream_name":"stdout","time":3290.520250972,"data":"step  24500 loss 2.6898 ema 2.7164 bpc~1.032 gnorm 0.38 lr 1.34e-04 tok/s 508389 t 3158s\n"}
,{"stream_name":"stdout","time":3296.119434797,"data":"step  24550 loss 2.7932 ema 2.7652 bpc~1.050 gnorm 0.37 lr 1.33e-04 tok/s 508525 t 3164s\n"}
,{"stream_name":"stdout","time":3301.738529511,"data":"step  24600 loss 2.7929 ema 2.7829 bpc~1.057 gnorm 0.38 lr 1.32e-04 tok/s 508657 t 3169s\n"}
,{"stream_name":"stdout","time":3307.346598976,"data":"step  24650 loss 2.8591 ema 2.8314 bpc~1.076 gnorm 0.38 lr 1.32e-04 tok/s 508791 t 3175s\n"}
,{"stream_name":"stdout","time":3313.064428893,"data":"step  24700 loss 2.8374 ema 2.8352 bpc~1.077 gnorm 0.37 lr 1.31e-04 tok/s 508907 t 3181s\n"}
,{"stream_name":"stdout","time":3318.77990641,"data":"step  24750 loss 2.8243 ema 2.8283 bpc~1.074 gnorm 0.38 lr 1.30e-04 tok/s 509022 t 3187s\n"}
,{"stream_name":"stdout","time":3324.362754147,"data":"step  24800 loss 2.7899 ema 2.8039 bpc~1.065 gnorm 0.37 lr 1.29e-04 tok/s 509158 t 3192s\n"}
,{"stream_name":"stdout","time":3329.960848313,"data":"step  24850 loss 2.7671 ema 2.7805 bpc~1.056 gnorm 0.36 lr 1.28e-04 tok/s 509295 t 3198s\n"}
,{"stream_name":"stdout","time":3335.515626941,"data":"step  24900 loss 2.8272 ema 2.8102 bpc~1.067 gnorm 0.36 lr 1.27e-04 tok/s 509431 t 3203s\n"}
,{"stream_name":"stdout","time":3341.083601579,"data":"step  24950 loss 2.7770 ema 2.7891 bpc~1.059 gnorm 0.38 lr 1.26e-04 tok/s 509569 t 3209s\n"}
,{"stream_name":"stdout","time":3346.698814483,"data":"step  25000 loss 2.7825 ema 2.7849 bpc~1.058 gnorm 0.36 lr 1.25e-04 tok/s 509698 t 3214s\n"}
,{"stream_name":"stdout","time":3350.716303311,"data":"EVAL step 25000 valid_loss 2.6182 valid_bpc 0.9945 *guardado\n"}
,{"stream_name":"stdout","time":3356.330042175,"data":"step  25050 loss 2.8199 ema 2.8071 bpc~1.066 gnorm 0.39 lr 1.24e-04 tok/s 509192 t 3224s\n"}
,{"stream_name":"stdout","time":3362.118499947,"data":"step  25100 loss 2.8301 ema 2.8217 bpc~1.072 gnorm 0.38 lr 1.23e-04 tok/s 509294 t 3230s\n"}
,{"stream_name":"stdout","time":3367.852472592,"data":"step  25150 loss 2.7837 ema 2.7976 bpc~1.063 gnorm 0.38 lr 1.22e-04 tok/s 509404 t 3236s\n"}
,{"stream_name":"stdout","time":3373.591064129,"data":"step  25200 loss 2.8511 ema 2.8316 bpc~1.076 gnorm 0.39 lr 1.22e-04 tok/s 509513 t 3241s\n"}
,{"stream_name":"stdout","time":3379.383991481,"data":"step  25250 loss 2.7555 ema 2.7832 bpc~1.057 gnorm 0.37 lr 1.21e-04 tok/s 509613 t 3247s\n"}
,{"stream_name":"stdout","time":3385.262358616,"data":"step  25300 loss 2.7110 ema 2.7373 bpc~1.040 gnorm 0.39 lr 1.20e-04 tok/s 509699 t 3253s\n"}
,{"stream_name":"stdout","time":3391.023577861,"data":"step  25350 loss 2.7806 ema 2.7649 bpc~1.050 gnorm 0.38 lr 1.19e-04 tok/s 509807 t 3259s\n"}
,{"stream_name":"stdout","time":3396.753015667,"data":"step  25400 loss 2.8330 ema 2.8082 bpc~1.067 gnorm 0.39 lr 1.18e-04 tok/s 509913 t 3265s\n"}
,{"stream_name":"stdout","time":3402.457390825,"data":"step  25450 loss 2.8340 ema 2.8246 bpc~1.073 gnorm 0.38 lr 1.17e-04 tok/s 510026 t 3270s\n"}
,{"stream_name":"stdout","time":3408.161632203,"data":"step  25500 loss 2.7692 ema 2.7894 bpc~1.060 gnorm 0.37 lr 1.16e-04 tok/s 510138 t 3276s\n"}
,{"stream_name":"stdout","time":3413.897653159,"data":"step  25550 loss 2.7990 ema 2.7955 bpc~1.062 gnorm 0.39 lr 1.16e-04 tok/s 510245 t 3282s\n"}
,{"stream_name":"stdout","time":3419.638866635,"data":"step  25600 loss 2.7112 ema 2.7419 bpc~1.042 gnorm 0.40 lr 1.15e-04 tok/s 510350 t 3287s\n"}
,{"stream_name":"stdout","time":3425.36784997,"data":"step  25650 loss 2.8289 ema 2.7972 bpc~1.063 gnorm 0.38 lr 1.14e-04 tok/s 510457 t 3293s\n"}
,{"stream_name":"stdout","time":3431.101410387,"data":"step  25700 loss 2.7110 ema 2.7424 bpc~1.042 gnorm 0.38 lr 1.13e-04 tok/s 510563 t 3299s\n"}
,{"stream_name":"stdout","time":3436.827384023,"data":"step  25750 loss 2.7634 ema 2.7558 bpc~1.047 gnorm 0.37 lr 1.12e-04 tok/s 510670 t 3305s\n"}
,{"stream_name":"stdout","time":3442.533494921,"data":"step  25800 loss 2.7505 ema 2.7524 bpc~1.046 gnorm 0.39 lr 1.12e-04 tok/s 510780 t 3310s\n"}
,{"stream_name":"stdout","time":3448.309748095,"data":"step  25850 loss 2.7624 ema 2.7587 bpc~1.048 gnorm 0.38 lr 1.11e-04 tok/s 510878 t 3316s\n"}
,{"stream_name":"stdout","time":3454.145191193,"data":"step  25900 loss 2.7229 ema 2.7359 bpc~1.039 gnorm 0.38 lr 1.10e-04 tok/s 510971 t 3322s\n"}
,{"stream_name":"stdout","time":3459.858979071,"data":"step  25950 loss 2.9087 ema 2.8458 bpc~1.081 gnorm 0.39 lr 1.09e-04 tok/s 511075 t 3328s\n"}
,{"stream_name":"stdout","time":3465.352326884,"data":"step  26000 loss 2.7666 ema 2.7955 bpc~1.062 gnorm 0.38 lr 1.08e-04 tok/s 511216 t 3333s\n"}
,{"stream_name":"stdout","time":3487.069310694,"data":"EVAL step 26000 valid_loss 2.6069 valid_bpc 0.9902 *guardado\n"}
,{"stream_name":"stdout","time":3492.845257876,"data":"step  26050 loss 2.8023 ema 2.7998 bpc~1.064 gnorm 0.38 lr 1.08e-04 tok/s 508008 t 3361s\n"}
,{"stream_name":"stdout","time":3498.525672677,"data":"step  26100 loss 2.7968 ema 2.7979 bpc~1.063 gnorm 0.39 lr 1.07e-04 tok/s 508125 t 3366s\n"}
,{"stream_name":"stdout","time":3504.083508785,"data":"step  26150 loss 2.8068 ema 2.8036 bpc~1.065 gnorm 0.38 lr 1.06e-04 tok/s 508259 t 3372s\n"}
,{"stream_name":"stdout","time":3509.682092421,"data":"step  26200 loss 2.7427 ema 2.7649 bpc~1.050 gnorm 0.38 lr 1.05e-04 tok/s 508387 t 3377s\n"}
,{"stream_name":"stdout","time":3515.335629562,"data":"step  26250 loss 2.8185 ema 2.7990 bpc~1.063 gnorm 0.39 lr 1.05e-04 tok/s 508509 t 3383s\n"}
,{"stream_name":"stdout","time":3520.856804313,"data":"step  26300 loss 2.8021 ema 2.8010 bpc~1.064 gnorm 0.39 lr 1.04e-04 tok/s 508644 t 3389s\n"}
,{"stream_name":"stdout","time":3526.511695315,"data":"step  26350 loss 2.8491 ema 2.8316 bpc~1.076 gnorm 0.38 lr 1.03e-04 tok/s 508762 t 3394s\n"}
,{"stream_name":"stdout","time":3536.609654504,"data":"step  26400 loss 2.8381 ema 2.8357 bpc~1.077 gnorm 0.40 lr 1.02e-04 tok/s 508877 t 3400s\n"}
,{"stream_name":"stdout","time":3537.731493055,"data":"step  26450 loss 2.8209 ema 2.8263 bpc~1.074 gnorm 0.38 lr 1.02e-04 tok/s 509010 t 3405s\n"}
,{"stream_name":"stdout","time":3543.287798383,"data":"step  26500 loss 2.7914 ema 2.8041 bpc~1.065 gnorm 0.39 lr 1.01e-04 tok/s 509142 t 3411s\n"}
,{"stream_name":"stdout","time":3548.912062416,"data":"step  26550 loss 2.8116 ema 2.8089 bpc~1.067 gnorm 0.40 lr 1.00e-04 tok/s 509263 t 3417s\n"}
,{"stream_name":"stdout","time":3554.515141382,"data":"step  26600 loss 2.8082 ema 2.8085 bpc~1.067 gnorm 0.39 lr 9.94e-05 tok/s 509386 t 3422s\n"}
,{"stream_name":"stdout","time":3560.307936124,"data":"step  26650 loss 2.7422 ema 2.7663 bpc~1.051 gnorm 0.39 lr 9.87e-05 tok/s 509482 t 3428s\n"}
,{"stream_name":"stdout","time":3566.057381589,"data":"step  26700 loss 2.6977 ema 2.7227 bpc~1.034 gnorm 0.39 lr 9.80e-05 tok/s 509583 t 3434s\n"}
,{"stream_name":"stdout","time":3571.752526258,"data":"step  26750 loss 2.8141 ema 2.7808 bpc~1.056 gnorm 0.39 lr 9.73e-05 tok/s 509692 t 3440s\n"}
,{"stream_name":"stdout","time":3577.324221585,"data":"step  26800 loss 2.8382 ema 2.8173 bpc~1.070 gnorm 0.38 lr 9.66e-05 tok/s 509822 t 3445s\n"}
,{"stream_name":"stdout","time":3583.07381748,"data":"step  26850 loss 2.8084 ema 2.8117 bpc~1.068 gnorm 0.40 lr 9.59e-05 tok/s 509919 t 3451s\n"}
,{"stream_name":"stdout","time":3588.795353787,"data":"step  26900 loss 2.7552 ema 2.7758 bpc~1.054 gnorm 0.38 lr 9.53e-05 tok/s 510023 t 3457s\n"}
,{"stream_name":"stdout","time":3594.581081109,"data":"step  26950 loss 2.8056 ema 2.7947 bpc~1.062 gnorm 0.38 lr 9.46e-05 tok/s 510117 t 3462s\n"}
,{"stream_name":"stdout","time":3600.25077719,"data":"step  27000 loss 2.8063 ema 2.8021 bpc~1.064 gnorm 0.39 lr 9.39e-05 tok/s 510228 t 3468s\n"}
,{"stream_name":"stdout","time":3686.154793818,"data":"EVAL step 27000 valid_loss 2.5987 valid_bpc 0.9872 *guardado\n"}
,{"stream_name":"stdout","time":3691.908141032,"data":"step  27050 loss 2.7741 ema 2.7843 bpc~1.058 gnorm 0.39 lr 9.33e-05 tok/s 498010 t 3560s\n"}
,{"stream_name":"stdout","time":3697.590293292,"data":"step  27100 loss 2.7491 ema 2.7619 bpc~1.049 gnorm 0.39 lr 9.26e-05 tok/s 498136 t 3565s\n"}
,{"stream_name":"stdout","time":3703.332990637,"data":"step  27150 loss 2.7278 ema 2.7402 bpc~1.041 gnorm 0.38 lr 9.20e-05 tok/s 498252 t 3571s\n"}
,{"stream_name":"stdout","time":3709.12096316,"data":"step  27200 loss 2.8178 ema 2.7896 bpc~1.060 gnorm 0.39 lr 9.13e-05 tok/s 498362 t 3577s\n"}
,{"stream_name":"stdout","time":3714.886593263,"data":"step  27250 loss 2.6976 ema 2.7311 bpc~1.037 gnorm 0.38 lr 9.07e-05 tok/s 498475 t 3583s\n"}
,{"stream_name":"stdout","time":3720.589218762,"data":"step  27300 loss 2.7821 ema 2.7636 bpc~1.050 gnorm 0.39 lr 9.01e-05 tok/s 498596 t 3588s\n"}
,{"stream_name":"stdout","time":3726.334664071,"data":"step  27350 loss 2.7946 ema 2.7833 bpc~1.057 gnorm 0.38 lr 8.94e-05 tok/s 498711 t 3594s\n"}
,{"stream_name":"stdout","time":3732.108622069,"data":"step  27400 loss 2.8209 ema 2.8072 bpc~1.066 gnorm 0.39 lr 8.88e-05 tok/s 498821 t 3600s\n"}
,{"stream_name":"stdout","time":3737.870995828,"data":"step  27450 loss 2.7449 ema 2.7676 bpc~1.051 gnorm 0.39 lr 8.82e-05 tok/s 498932 t 3606s\n"}
,{"stream_name":"stdout","time":3743.55373074,"data":"step  27500 loss 2.8449 ema 2.8167 bpc~1.070 gnorm 0.39 lr 8.76e-05 tok/s 499055 t 3611s\n"}
,{"stream_name":"stdout","time":3749.290464979,"data":"step  27550 loss 2.8256 ema 2.8224 bpc~1.072 gnorm 0.39 lr 8.70e-05 tok/s 499172 t 3617s\n"}
,{"stream_name":"stdout","time":3755.003917801,"data":"step  27600 loss 2.7010 ema 2.7452 bpc~1.043 gnorm 0.39 lr 8.64e-05 tok/s 499286 t 3623s\n"}
,{"stream_name":"stdout","time":3760.700849053,"data":"step  27650 loss 2.7771 ema 2.7655 bpc~1.050 gnorm 0.38 lr 8.58e-05 tok/s 499405 t 3628s\n"}
,{"stream_name":"stdout","time":3766.45750872,"data":"step  27700 loss 2.7633 ema 2.7641 bpc~1.050 gnorm 0.38 lr 8.52e-05 tok/s 499516 t 3634s\n"}
,{"stream_name":"stdout","time":3772.087631816,"data":"step  27750 loss 2.7476 ema 2.7536 bpc~1.046 gnorm 0.39 lr 8.47e-05 tok/s 499644 t 3640s\n"}
,{"stream_name":"stdout","time":3777.728629641,"data":"step  27800 loss 2.6856 ema 2.7104 bpc~1.030 gnorm 0.39 lr 8.41e-05 tok/s 499769 t 3645s\n"}
,{"stream_name":"stdout","time":3783.394563624,"data":"step  27850 loss 2.7557 ema 2.7392 bpc~1.041 gnorm 0.39 lr 8.35e-05 tok/s 499891 t 3651s\n"}
,{"stream_name":"stdout","time":3789.120250385,"data":"step  27900 loss 2.7442 ema 2.7424 bpc~1.042 gnorm 0.40 lr 8.30e-05 tok/s 500005 t 3657s\n"}
,{"stream_name":"stdout","time":3794.825955156,"data":"step  27950 loss 2.8339 ema 2.8006 bpc~1.064 gnorm 0.39 lr 8.24e-05 tok/s 500120 t 3663s\n"}
,{"stream_name":"stdout","time":3800.541395216,"data":"step  28000 loss 2.7339 ema 2.7582 bpc~1.048 gnorm 0.38 lr 8.19e-05 tok/s 500234 t 3668s\n"}
,{"stream_name":"stdout","time":3827.097386319,"data":"EVAL step 28000 valid_loss 2.5898 valid_bpc 0.9838 *guardado\n"}
,{"stream_name":"stdout","time":3832.81728774,"data":"step  28050 loss 2.7181 ema 2.7327 bpc~1.038 gnorm 0.41 lr 8.13e-05 tok/s 496757 t 3701s\n"}
,{"stream_name":"stdout","time":3838.400304297,"data":"step  28100 loss 2.7576 ema 2.7485 bpc~1.044 gnorm 0.39 lr 8.08e-05 tok/s 496893 t 3706s\n"}
,{"stream_name":"stdout","time":3843.993204184,"data":"step  28150 loss 2.7678 ema 2.7608 bpc~1.049 gnorm 0.39 lr 8.03e-05 tok/s 497027 t 3712s\n"}
,{"stream_name":"stdout","time":3849.631877468,"data":"step  28200 loss 2.8319 ema 2.8060 bpc~1.066 gnorm 0.40 lr 7.98e-05 tok/s 497154 t 3717s\n"}
,{"stream_name":"stdout","time":3855.214516175,"data":"step  28250 loss 2.8759 ema 2.8504 bpc~1.083 gnorm 0.40 lr 7.93e-05 tok/s 497289 t 3723s\n"}
,{"stream_name":"stdout","time":3860.678501209,"data":"step  28300 loss 2.7613 ema 2.7937 bpc~1.061 gnorm 0.38 lr 7.88e-05 tok/s 497439 t 3728s\n"}
,{"stream_name":"stdout","time":3866.191464849,"data":"step  28350 loss 2.7292 ema 2.7527 bpc~1.046 gnorm 0.39 lr 7.83e-05 tok/s 497582 t 3734s\n"}
,{"stream_name":"stdout","time":3871.776097637,"data":"step  28400 loss 2.7453 ema 2.7480 bpc~1.044 gnorm 0.40 lr 7.78e-05 tok/s 497716 t 3740s\n"}
,{"stream_name":"stdout","time":3877.315528936,"data":"step  28450 loss 2.7657 ema 2.7593 bpc~1.048 gnorm 0.39 lr 7.73e-05 tok/s 497854 t 3745s\n"}
,{"stream_name":"stdout","time":3882.928320362,"data":"step  28500 loss 2.8009 ema 2.7857 bpc~1.058 gnorm 0.39 lr 7.68e-05 tok/s 497983 t 3751s\n"}
,{"stream_name":"stdout","time":3888.627304614,"data":"step  28550 loss 2.8209 ema 2.8081 bpc~1.067 gnorm 0.41 lr 7.63e-05 tok/s 498103 t 3756s\n"}
,{"stream_name":"stdout","time":3894.117493476,"data":"step  28600 loss 2.8283 ema 2.8210 bpc~1.072 gnorm 0.40 lr 7.59e-05 tok/s 498244 t 3762s\n"}
,{"stream_name":"stdout","time":3899.772702919,"data":"step  28650 loss 2.7501 ema 2.7759 bpc~1.054 gnorm 0.39 lr 7.54e-05 tok/s 498366 t 3768s\n"}
,{"stream_name":"stdout","time":3905.448427502,"data":"step  28700 loss 2.7322 ema 2.7481 bpc~1.044 gnorm 0.54 lr 7.50e-05 tok/s 498485 t 3773s\n"}
,{"stream_name":"stdout","time":3911.037507159,"data":"step  28750 loss 2.8018 ema 2.7823 bpc~1.057 gnorm 0.40 lr 7.45e-05 tok/s 498614 t 3779s\n"}
,{"stream_name":"stdout","time":3916.650629615,"data":"step  28800 loss 2.7588 ema 2.7673 bpc~1.051 gnorm 0.40 lr 7.41e-05 tok/s 498741 t 3784s\n"}
,{"stream_name":"stdout","time":3922.353522046,"data":"step  28850 loss 2.8479 ema 2.8185 bpc~1.071 gnorm 0.40 lr 7.36e-05 tok/s 498855 t 3790s\n"}
,{"stream_name":"stdout","time":3927.988441631,"data":"step  28900 loss 2.7695 ema 2.7873 bpc~1.059 gnorm 0.40 lr 7.32e-05 tok/s 498978 t 3796s\n"}
,{"stream_name":"stdout","time":3933.561660668,"data":"step  28950 loss 2.7258 ema 2.7482 bpc~1.044 gnorm 0.40 lr 7.28e-05 tok/s 499108 t 3801s\n"}
,{"stream_name":"stdout","time":3939.091608309,"data":"step  29000 loss 2.7719 ema 2.7632 bpc~1.050 gnorm 0.39 lr 7.24e-05 tok/s 499244 t 3807s\n"}
,{"stream_name":"stdout","time":3962.485417496,"data":"EVAL step 29000 valid_loss 2.5846 valid_bpc 0.9818 *guardado\n"}
,{"stream_name":"stdout","time":3967.985722607,"data":"step  29050 loss 2.7832 ema 2.7759 bpc~1.054 gnorm 0.39 lr 7.20e-05 tok/s 496337 t 3836s\n"}
,{"stream_name":"stdout","time":3973.681530079,"data":"step  29100 loss 2.7458 ema 2.7568 bpc~1.047 gnorm 0.39 lr 7.16e-05 tok/s 496454 t 3841s\n"}
,{"stream_name":"stdout","time":3979.483947416,"data":"step  29150 loss 2.7861 ema 2.7754 bpc~1.054 gnorm 0.42 lr 7.12e-05 tok/s 496557 t 3847s\n"}
,{"stream_name":"stdout","time":3985.235404825,"data":"step  29200 loss 2.7335 ema 2.7488 bpc~1.044 gnorm 0.40 lr 7.08e-05 tok/s 496667 t 3853s\n"}
,{"stream_name":"stdout","time":3990.936317306,"data":"step  29250 loss 2.7498 ema 2.7494 bpc~1.044 gnorm 0.39 lr 7.04e-05 tok/s 496782 t 3859s\n"}
,{"stream_name":"stdout","time":3996.676565615,"data":"step  29300 loss 2.7613 ema 2.7570 bpc~1.047 gnorm 0.39 lr 7.00e-05 tok/s 496892 t 3864s\n"}
,{"stream_name":"stdout","time":4002.404337746,"data":"step  29350 loss 2.7430 ema 2.7481 bpc~1.044 gnorm 0.40 lr 6.97e-05 tok/s 497003 t 3870s\n"}
,{"stream_name":"stdout","time":4008.122578147,"data":"step  29400 loss 2.7699 ema 2.7619 bpc~1.049 gnorm 0.39 lr 6.93e-05 tok/s 497115 t 3876s\n"}
,{"stream_name":"stdout","time":4013.784044339,"data":"step  29450 loss 2.7261 ema 2.7391 bpc~1.040 gnorm 0.40 lr 6.90e-05 tok/s 497235 t 3882s\n"}
,{"stream_name":"stdout","time":4019.30822218,"data":"step  29500 loss 2.7114 ema 2.7215 bpc~1.034 gnorm 0.40 lr 6.86e-05 tok/s 497371 t 3887s\n"}
,{"stream_name":"stdout","time":4024.914409967,"data":"step  29550 loss 2.7566 ema 2.7438 bpc~1.042 gnorm 0.41 lr 6.83e-05 tok/s 497499 t 3893s\n"}
,{"stream_name":"stdout","time":4030.480359435,"data":"step  29600 loss 2.6868 ema 2.7076 bpc~1.029 gnorm 0.39 lr 6.79e-05 tok/s 497627 t 3898s\n"}
,{"stream_name":"stdout","time":4036.192822406,"data":"step  29650 loss 2.7079 ema 2.7078 bpc~1.029 gnorm 0.41 lr 6.76e-05 tok/s 497738 t 3904s\n"}
,{"stream_name":"stdout","time":4041.954397944,"data":"step  29700 loss 2.7542 ema 2.7373 bpc~1.040 gnorm 0.39 lr 6.73e-05 tok/s 497843 t 3910s\n"}
,{"stream_name":"stdout","time":4047.675358124,"data":"step  29750 loss 2.7411 ema 2.7397 bpc~1.041 gnorm 0.40 lr 6.70e-05 tok/s 497952 t 3915s\n"}
,{"stream_name":"stdout","time":4053.369690447,"data":"step  29800 loss 2.8218 ema 2.7919 bpc~1.061 gnorm 0.41 lr 6.67e-05 tok/s 498065 t 3921s\n"}
,{"stream_name":"stdout","time":4059.02254841,"data":"step  29850 loss 2.7654 ema 2.7751 bpc~1.054 gnorm 0.41 lr 6.64e-05 tok/s 498182 t 3927s\n"}
,{"stream_name":"stdout","time":4064.611034617,"data":"step  29900 loss 2.7988 ema 2.7902 bpc~1.060 gnorm 0.41 lr 6.61e-05 tok/s 498307 t 3932s\n"}
,{"stream_name":"stdout","time":4070.322303449,"data":"step  29950 loss 2.7423 ema 2.7597 bpc~1.048 gnorm 0.39 lr 6.58e-05 tok/s 498417 t 3938s\n"}
,{"stream_name":"stdout","time":4075.800118271,"data":"step  30000 loss 2.7568 ema 2.7578 bpc~1.048 gnorm 0.39 lr 6.55e-05 tok/s 498555 t 3944s\n"}
,{"stream_name":"stdout","time":4102.83232219,"data":"EVAL step 30000 valid_loss 2.5800 valid_bpc 0.9800 *guardado\n"}
,{"stream_name":"stdout","time":4108.264324324,"data":"step  30050 loss 2.6961 ema 2.7186 bpc~1.033 gnorm 0.40 lr 6.53e-05 tok/s 495309 t 3976s\n"}
,{"stream_name":"stdout","time":4113.843444183,"data":"step  30100 loss 2.8222 ema 2.7845 bpc~1.058 gnorm 0.40 lr 6.50e-05 tok/s 495438 t 3982s\n"}
,{"stream_name":"stdout","time":4119.373721782,"data":"step  30150 loss 2.8046 ema 2.7973 bpc~1.063 gnorm 0.41 lr 6.47e-05 tok/s 495572 t 3987s\n"}
,{"stream_name":"stdout","time":4124.873701274,"data":"step  30200 loss 2.7532 ema 2.7692 bpc~1.052 gnorm 0.41 lr 6.45e-05 tok/s 495710 t 3993s\n"}
,{"stream_name":"stdout","time":4130.495896409,"data":"step  30250 loss 2.8323 ema 2.8093 bpc~1.067 gnorm 0.40 lr 6.42e-05 tok/s 495833 t 3998s\n"}
,{"stream_name":"stdout","time":4136.159260042,"data":"step  30300 loss 2.7774 ema 2.7890 bpc~1.059 gnorm 0.40 lr 6.40e-05 tok/s 495950 t 4004s\n"}
,{"stream_name":"stdout","time":4141.786847078,"data":"step  30350 loss 2.6853 ema 2.7231 bpc~1.034 gnorm 0.40 lr 6.38e-05 tok/s 496071 t 4010s\n"}
,{"stream_name":"stdout","time":4147.455927911,"data":"step  30400 loss 2.7017 ema 2.7095 bpc~1.029 gnorm 0.41 lr 6.35e-05 tok/s 496187 t 4015s\n"}
,{"stream_name":"stdout","time":4153.00042882,"data":"step  30450 loss 2.7806 ema 2.7547 bpc~1.046 gnorm 0.40 lr 6.33e-05 tok/s 496318 t 4021s\n"}
,{"stream_name":"stdout","time":4158.821030855,"data":"step  30500 loss 2.7474 ema 2.7501 bpc~1.045 gnorm 0.41 lr 6.31e-05 tok/s 496414 t 4027s\n"}
,{"stream_name":"stdout","time":4164.539150026,"data":"step  30550 loss 2.8275 ema 2.7993 bpc~1.063 gnorm 0.40 lr 6.29e-05 tok/s 496526 t 4032s\n"}
,{"stream_name":"stdout","time":4170.297211715,"data":"step  30600 loss 2.7027 ema 2.7379 bpc~1.040 gnorm 0.41 lr 6.27e-05 tok/s 496626 t 4038s\n"}
,{"stream_name":"stdout","time":4175.983144927,"data":"step  30650 loss 2.7666 ema 2.7561 bpc~1.047 gnorm 0.42 lr 6.25e-05 tok/s 496738 t 4044s\n"}
,{"stream_name":"stdout","time":4181.537702206,"data":"step  30700 loss 2.7110 ema 2.7274 bpc~1.036 gnorm 0.41 lr 6.23e-05 tok/s 496866 t 4049s\n"}
,{"stream_name":"stdout","time":4187.297508392,"data":"step  30750 loss 2.8199 ema 2.7862 bpc~1.058 gnorm 0.41 lr 6.22e-05 tok/s 496968 t 4055s\n"}
,{"stream_name":"stdout","time":4192.925100352,"data":"step  30800 loss 2.7408 ema 2.7573 bpc~1.047 gnorm 0.41 lr 6.20e-05 tok/s 497086 t 4061s\n"}
,{"stream_name":"stdout","time":4198.593136809,"data":"step  30850 loss 2.7847 ema 2.7747 bpc~1.054 gnorm 0.41 lr 6.18e-05 tok/s 497199 t 4066s\n"}
,{"stream_name":"stdout","time":4204.243463437,"data":"step  30900 loss 2.7511 ema 2.7597 bpc~1.048 gnorm 0.41 lr 6.17e-05 tok/s 497314 t 4072s\n"}
,{"stream_name":"stdout","time":4209.8404135,"data":"step  30950 loss 2.7547 ema 2.7565 bpc~1.047 gnorm 0.40 lr 6.15e-05 tok/s 497435 t 4078s\n"}
,{"stream_name":"stdout","time":4215.450657812,"data":"step  31000 loss 2.7351 ema 2.7429 bpc~1.042 gnorm 0.40 lr 6.14e-05 tok/s 497554 t 4083s\n"}
,{"stream_name":"stdout","time":4237.285813843,"data":"EVAL step 31000 valid_loss 2.5761 valid_bpc 0.9786 *guardado\n"}
,{"stream_name":"stdout","time":4242.758373156,"data":"step  31050 loss 2.7760 ema 2.7640 bpc~1.050 gnorm 0.40 lr 6.13e-05 tok/s 495046 t 4111s\n"}
,{"stream_name":"stdout","time":4248.377501937,"data":"step  31100 loss 2.8092 ema 2.7927 bpc~1.061 gnorm 0.40 lr 6.11e-05 tok/s 495166 t 4116s\n"}
,{"stream_name":"stdout","time":4253.878137329,"data":"step  31150 loss 2.7486 ema 2.7647 bpc~1.050 gnorm 0.40 lr 6.10e-05 tok/s 495301 t 4122s\n"}
,{"stream_name":"stdout","time":4259.393634669,"data":"step  31200 loss 2.7399 ema 2.7489 bpc~1.044 gnorm 0.41 lr 6.09e-05 tok/s 495433 t 4127s\n"}
,{"stream_name":"stdout","time":4265.021300252,"data":"step  31250 loss 2.7473 ema 2.7479 bpc~1.044 gnorm 0.41 lr 6.08e-05 tok/s 495551 t 4133s\n"}
,{"stream_name":"stdout","time":4270.70763091,"data":"step  31300 loss 2.7941 ema 2.7773 bpc~1.055 gnorm 0.41 lr 6.07e-05 tok/s 495662 t 4138s\n"}
,{"stream_name":"stdout","time":4276.487061683,"data":"step  31350 loss 2.8358 ema 2.8145 bpc~1.069 gnorm 0.42 lr 6.06e-05 tok/s 495761 t 4144s\n"}
,{"stream_name":"stdout","time":4282.105618195,"data":"step  31400 loss 2.7566 ema 2.7777 bpc~1.055 gnorm 0.40 lr 6.05e-05 tok/s 495879 t 4150s\n"}
,{"stream_name":"stdout","time":4287.896910828,"data":"step  31450 loss 2.7964 ema 2.7896 bpc~1.060 gnorm 0.41 lr 6.04e-05 tok/s 495977 t 4156s\n"}
,{"stream_name":"stdout","time":4293.345237162,"data":"step  31500 loss 2.8062 ema 2.8001 bpc~1.064 gnorm 0.41 lr 6.03e-05 tok/s 496115 t 4161s\n"}
,{"stream_name":"stdout","time":4298.857696902,"data":"step  31550 loss 2.7466 ema 2.7661 bpc~1.051 gnorm 0.41 lr 6.03e-05 tok/s 496248 t 4167s\n"}
,{"stream_name":"stdout","time":4304.473611235,"data":"step  31600 loss 2.7209 ema 2.7374 bpc~1.040 gnorm 0.41 lr 6.02e-05 tok/s 496363 t 4172s\n"}
,{"stream_name":"stdout","time":4310.06295752,"data":"step  31650 loss 2.8008 ema 2.7777 bpc~1.055 gnorm 0.41 lr 6.02e-05 tok/s 496483 t 4178s\n"}
,{"stream_name":"stdout","time":4315.774563277,"data":"step  31700 loss 2.7930 ema 2.7874 bpc~1.059 gnorm 0.42 lr 6.01e-05 tok/s 496588 t 4184s\n"}
,{"stream_name":"stdout","time":4321.418839309,"data":"step  31750 loss 2.7039 ema 2.7343 bpc~1.039 gnorm 0.40 lr 6.01e-05 tok/s 496701 t 4189s\n"}
,{"stream_name":"stdout","time":4327.141259675,"data":"step  31800 loss 2.7304 ema 2.7318 bpc~1.038 gnorm 0.41 lr 6.01e-05 tok/s 496805 t 4195s\n"}
,{"stream_name":"stdout","time":4332.774171296,"data":"step  31850 loss 2.7090 ema 2.7173 bpc~1.032 gnorm 0.41 lr 6.00e-05 tok/s 496919 t 4201s\n"}
,{"stream_name":"stdout","time":4338.326910464,"data":"step  31900 loss 2.7642 ema 2.7471 bpc~1.044 gnorm 0.40 lr 6.00e-05 tok/s 497042 t 4206s\n"}
,{"stream_name":"stdout","time":4343.895736371,"data":"step  31950 loss 2.6949 ema 2.7139 bpc~1.031 gnorm 0.43 lr 6.00e-05 tok/s 497163 t 4212s\n"}
,{"stream_name":"stdout","time":4349.435063589,"data":"step  32000 loss 2.7862 ema 2.7599 bpc~1.048 gnorm 0.41 lr 6.00e-05 tok/s 497287 t 4217s\n"}
,{"stream_name":"stdout","time":4371.312480089,"data":"EVAL step 32000 valid_loss 2.5719 valid_bpc 0.9770 *guardado\n"}
,{"stream_name":"stdout","time":4371.633705139,"data":"fin: mejor valid_bpc 0.9770 en 4239s\n"}
,{"stream_name":"stderr","time":4402.373484236,"data":"[NbConvertApp] Converting notebook __notebook__.ipynb to notebook\n"}
,{"stream_name":"stderr","time":4402.838177347,"data":"[NbConvertApp] Writing 135191 bytes to __notebook__.ipynb\n"}
,{"stream_name":"stderr","time":4440.666717754,"data":"[NbConvertApp] Converting notebook __notebook__.ipynb to html\n"}
,{"stream_name":"stderr","time":4441.948344322,"data":"[NbConvertApp] Writing 451962 bytes to __results__.html\n"}
]